State Score,Education Score,Geography Score,Age (normalized),Career Advancement Opportunity Score,Job Satisfaction Score,Health and Wellness Program Quality Score,Job Demand Score,Work Experience (normalized),Company Size (normalized)
-2.580901,-1.609774,,-0.846103,0.301317,1.436294,0.042658,-0.886504,0.282074,2.401662
-0.651785,,0.814071,-0.527203,0.019854,1.001898,-0.050742,0.152539,0.037029,-0.069649
0.209581,-0.0348,0.546039,-0.238336,1.069734,1.265187,0.283422,-1.089038,-0.767808,-0.405205
0.227763,0.44513,0.918663,0.078895,-0.441805, N/A ,-0.721885,1.531907,-1.01325,0.054202
-1.165331,0.44579,0.545316,-0.020982,-0.185184,0.24154,-0.262958,-0.966423,0.040979,-1.96286
0.675479,1.541568,-0.031289,1.870451,,0.411918,2.038326,0.294163,-0.458483,0.217716
0.613498,-0.843212,-0.382253,-0.355617,0.455837,-0.792691,1.43889,1.565654,0.147777,-0.451462
0.983923,-1.527645,-0.047303,-0.382146,-1.177073,0.867947,0.027408,-0.596666,-1.700201,0.749195
-0.013957,0.118417,,0.147462,-0.181905, N/A ,1.490018,-0.583875,0.477161,-0.112345
1.589073,1.134245,-0.450958,1.561991,-0.497699,-0.591886,-0.310557,1.696,0.537568,-0.054161
-1.693853,-1.326314,0.840176,-1.926576,0.566564, N/A ,-0.079596,-0.412714,0.774007,0.840267
0.403266,0.441731,0.152001,-0.547649,0.261169,1.192903,-0.734077,-0.0856,-0.761354,-1.486369
-0.168925,,-0.016564,-2.192329,,-1.218628,-0.723038,0.279857,1.277996,0.993478
0.742537,-0.317663,-0.576847,-0.046259,0.043197,-0.375734,-1.052379,0.032897,0.173256,-2.31569
0.273181,1.685207,0.558908,0.512975,0.4916,0.335603,1.243097,-0.209246,1.457717,0.218457
1.095499,,1.00922,0.801255,-1.490685,-0.120935,-1.52529,0.723963,-0.545148,-0.819793
-0.509325,0.590467,0.098165,-0.181537,-0.117447,-0.101472,0.776646,-0.846009,-0.827649,0.886659
1.206004,0.170585,1.206654,-0.064465,-0.256064,-2.578237,-1.31838,1.18875,0.551769,1.340854
0.031049,0.077083,0.323505,,-0.583374,-1.211403,-1.117062,-0.408908,0.548191,0.198227
-1.583571,0.05617,0.852518,-0.733741,-0.094245, N/A ,-0.452156,0.295769,-0.326444,-0.866383
-0.99105,-1.026194,-0.583716,-0.734577,0.088559,-0.065632,0.563734,-0.367767,1.301867,0.394897
-0.319266,-1.392609,0.094674,1.001129,-0.367452,-0.885781,0.736768,1.775672,-0.322843,
-1.193614,0.741318,-0.324859,,1.578958,0.464663,1.07449,-0.455867,1.685834,-0.242584
-1.137788,0.116441,0.518338,-0.378884,1.663068,-0.812555,-0.428535,1.412951,,-0.322676
0.367844,0.128779,0.474325,0.316689,1.838187,0.801279,1.339927,-1.323404,-0.943349,-1.216267
-2.247042,0.592527,-0.171471,1.540956,-1.9266,1.67853,1.450447,0.123894,-0.766225,0.205453
-0.202592,0.656236,-0.512016,0.136972,0.638484, N/A ,-1.353583,-2.124141,,-2.149269
-0.73595,0.427939,,0.113257,1.893537,0.305351,-0.622533,-0.571755,1.172146,1.298469
-1.865251,0.030794,0.299196,-1.958041,-1.735089,-0.487074,0.503378,-0.090183,-0.076926,-0.627758
0.207648,-0.273002,,-0.3127,1.246061, N/A ,0.541563,0.585417,0.038065,1.456513
0.319845,-2.170113,0.782446,1.806359,,1.120244,1.639717,0.434707,-0.955366,-0.245284
1.081979,2.307826,0.407585,-1.151253,0.109074,0.383683,-0.464707,-0.475937,-0.282289,0.66696
0.584059,0.676678,0.334327,-0.551486,0.726617,-0.459743,-0.822656,0.160326,0.399897,0.633027
-0.524672,0.441508,1.986679,-0.185838,0.375215,1.038548,0.160585,,0.983759,-0.120856
0.498902,-1.623913,0.056616,0.605686,0.265201,-1.347536,0.624133,1.51627,0.429473,0.883739
-0.515993,0.517058,-0.883276,0.246038,0.584886,-1.633753,-0.795891,0.918983,-0.532517,0.609052
1.457272,0.196043,0.637084,0.974998,-1.449065,-0.711287,0.087357,1.022779,0.84152,0.965568
0.925267,-0.589147,-1.517975,-1.54023,0.593768, N/A ,1.152587,-1.021014,-1.64824,1.123783
0.028732,0.430646,2.324061,1.634952,-0.344291,-0.591322,1.977306,-1.085073,1.718836,0.934197
-0.661244,-1.088628,-0.478653,0.477976,0.030948,1.21374,0.075171,-0.052709,2.034656,2.354485
0.996118,-0.032627,1.193793,0.31775,0.561035,-0.845953,0.943568,0.491368,0.012409,
,1.278007,0.058735,0.027803,0.800752,0.023006,1.916061,1.738145,0.467805,0.746238
0.317221,0.935888,1.426178,0.089186,1.636098,0.389393,-0.26714,-1.604465,-0.262538,0.750681
-0.225678,0.695239,1.081835,-0.340359,0.388828,-1.890616,-1.120628,-1.081541,0.214918,-0.072375
0.926584,0.616472,0.279981,0.632861,-1.237109,0.10596,-0.091577,0.885717,-0.664524,-0.881621
-0.379667,-1.003592,,-0.563764,0.176582,1.567129,0.023186,0.665642,-0.958561,0.538422
-1.918092,0.11134,-1.872844,-0.802587,0.896017,-0.266107,1.386074,0.643437,,0.070431
0.215393,-0.45059,-0.117729,-0.376218,-0.637992,0.456887,0.096819,1.456989,-0.826066,0.106053
-0.864092,1.251111,0.954484,1.048729,0.275857,-0.414738,-0.971289,-0.291438,-0.988771,1.767571
0.036602,,0.480648,-0.578249,-0.571407,0.303782,-0.192168,-1.975957,2.194377,0.54602
-0.960897,-1.771789,0.331767,0.053449,1.277424,-1.693693,0.933536,-1.072985,,-0.367475
,-0.042696,0.751534,0.596549,-1.244119,0.775588,-0.115546,0.49179,,0.683093
1.201212,-0.749473,0.226265,0.347045,-0.234926,-0.386553,-1.5316,0.778758,-1.037542,0.202036
0.353679,1.065162,-1.908822,1.272911,0.139421,0.59453,-1.03127,0.039542,-1.542142,-0.450012
-0.002266,0.843846,-2.253701,0.161366,,0.032661,0.659765,0.800895,-0.347324,0.524989
0.372905,0.961002,1.164842,-1.504304,1.132235,-0.370043,1.024079,-0.476359,-0.576343,0.232841
-0.456334,-0.604268,-2.673686,1.78726,-0.31489,0.793181,0.014756,0.96262,,-0.408448
0.81596,-2.170017,-0.427633,-0.180636,1.39888,-0.538942,1.17738,1.682762,-1.129251,0.139621
-0.477667,-0.787939,0.686026,0.086674,-0.635751,-0.325992,-1.822443,0.749701,-0.950853,1.769662
0.761793,-0.028778,0.882449,-0.643445,0.683049,0.549276,-0.643492,0.087687,0.538019,0.754165
-0.485961,-0.550199,-0.295776,0.481446,-0.395668,2.7001,1.069027,-0.315119,0.26103,0.298583
-0.289634,0.322979,1.511839,-0.059987,-0.405239,-1.484936,0.586032,-0.013667,0.264278,-0.539161
-0.174177,1.518128,1.997048,0.050489,1.131209,1.11205,0.852357,0.885659,-0.395337,0.109878
-1.4249,1.79244,-0.246103,0.435122,,-0.600434,0.725309,0.244565,-0.782448,
0.571077,1.266029,0.000672,0.720953,0.182996,-1.489082,0.541422,1.638287,0.893297,2.212149
-0.367381,1.322754,-0.350232,-0.323574,-0.615853,1.125187,0.586064,1.057964,1.913187,-1.0909
0.1829,1.388935,-0.415542,,1.093136,-0.656618,0.061157,-1.794967,-0.86034,2.133762
0.755222,-0.485942,-0.309105,-1.483588,1.94045,-0.266693,-0.968191,,-0.01305,-0.351018
0.066602,0.476831,-0.441501,-0.065946,-0.244156,1.906292,0.377608,-0.529105,-1.737112,0.411648
-1.027813,-0.566218,0.634218,-1.327487,0.537493,0.914049,-0.148144,0.877337,-1.071411,-0.240339
0.972893,0.40832,-0.403734,-0.849079,-1.071027,0.138089,0.466831,0.155524,1.219089,0.788823
1.506704,-0.552892,0.595053,-0.633278,-0.37552,1.479295,-0.686869,0.103103,0.399544,0.741248
1.387761,-0.441437,-0.306563,-0.561908,1.07113,-0.213884,-0.813174,0.271351,2.155119,1.285845
-1.004688,0.123784,0.560906,0.780928,-1.414069,-2.211042,0.957796,0.006916,-0.044524,-0.447711
0.876726,0.612003,,-1.677312,0.453963,-0.104366,-0.673944,-0.531723,-1.001448,-0.349814
1.906236,,2.117835,-1.68765,-0.286634,-0.3147,-0.167891,1.962154,,0.107729
-0.17909,-1.331187,0.240262,-0.884431,-0.579103,0.586901,0.419402,-0.358079,-0.454415,1.045247
0.071233,1.073307,1.553181,1.287664,-1.318027,-0.803449,-1.041646,0.062945,0.949368,0.149226
-0.032628,-1.326858,1.977527,0.322281,0.043847,-1.280651,0.652639,1.116054,-0.338878,0.343414
0.756851,-1.201619,0.02348,0.60256,0.851506,-0.428188,1.357384,0.220777,1.670051,
-0.631744,-2.824521,1.403198,0.27409,0.611861,1.343362,0.95569,-0.162511,0.600062,-0.816689
2.009152,0.391667,0.61961,1.231344,-0.710741,-0.288538,-1.059508,-0.410273,-0.616979,0.113161
1.579857,-0.316937,1.776159,0.558895,1.635405,0.075036,2.439929,,0.750362,0.942923
-1.445003,-1.440751,-0.742261,0.922967,-1.652542,-0.336577,1.085585,0.500246,,2.18603
1.400304,-0.007632,1.395634,2.426573,0.797809,1.140144,0.557865,0.230822,-1.002301,
0.453277,0.63279,0.345384,0.270937,-0.781824,0.962494,1.390601,-0.17495,-0.461668,-2.236556
0.049151,-1.986591,-1.097562,0.567846,-0.812727,0.145217,-0.473529,-1.414973,-1.503061,0.743295
0.133083,0.519851,-0.998374,-1.283401,-0.405882,0.189097,-2.007675,0.680209,-0.723831,-0.502501
-0.561065,-1.700087,-1.282443,-0.915556,-0.43068,-0.170718,1.179144,-0.405739,-1.452948,1.743922
0.787056,0.865143,1.729533,-0.342762,1.426051,-0.747018,0.415859,-1.397906,-0.016161,-0.289213
-0.077403,0.237181,-0.881717,1.25039,-1.96244,-1.449936,0.27354,0.480855,0.438931,1.684838
1.105636,0.124792,0.259435,-0.840273,-1.095353,0.048493,-0.513062,0.741113,0.04637,-1.823359
2.827307,-1.212484,0.508382,1.224902,-0.730628,1.566967,0.04672,0.421199,1.33976,-0.245739
-2.461824,0.184001,0.680328,1.285466,-0.289352, N/A ,0.463911,-0.112871,1.684357,0.172836
-0.002034,0.284627,2.362967,0.116789,-2.343375,-0.689316,1.12902,0.580939,0.189655,1.118461
0.028261,-0.197871,-2.269575,-0.585503,-1.999157,0.0337,0.834239,1.087289,-0.679317,-1.396118
1.442306,0.155388,1.056462,-0.739301,-2.384728,1.862181,-1.394957,0.593249,-0.905974,-0.141336
-0.708909,-0.133024,0.295208,-0.642816,-1.426161, N/A ,0.244709,-0.573126,,0.048335
0.241381,0.503543,1.646829,0.171538,-0.396647,-2.126497,0.14806,-0.03395,1.733703,0.268538
-2.087371,0.80382,-0.55071,1.355268,1.060141, N/A ,-0.792917,-0.946322,0.571928,0.457737
1.102844,0.152405,2.604823,-0.210205,0.472479,0.913098,-0.615041,-0.294702,0.455625,-1.620072
0.428916,-0.182083,-1.214415,-0.795372,0.271564,1.832129,1.156413,-0.220077,0.32986,-0.727664
0.810352,-0.54111,1.546355,0.599479,-0.466783,-1.259946,-1.102273,-0.056654,-0.825724,-1.245142
-0.67253,,0.560754,-0.338039,-0.12478,-2.334022,0.790093,0.074253,-1.406502,-0.042987
0.713771,1.168171,-1.404643,0.509926,0.622548,-0.248633,-1.338417,-0.203039,1.328351,0.213358
-1.021223,1.002969,0.183127,-0.203956,0.618526,-1.467706,0.896311,-0.342187,-0.818295,-1.301782
-1.620405,-0.578428,0.147083,-1.901787,-0.548847,1.057845,1.008873,-1.88899,-1.246144,-1.123611
-1.091885,-0.001323,-1.366238,-0.493422,,0.819396,-2.06828,-0.896156,,-0.344965
-0.090887,1.090184,0.237534,1.089931,0.869702,-0.325083,-2.432478,-1.510733,-0.635489,0.21332
0.846963,-0.220195,1.775084,-1.1181,-1.085609,0.480492,-0.179648,0.47414,-0.692276,1.789591
0.211685,1.022658,-0.413721,-0.528954,0.42884,-1.643814,-0.182184,0.253736,-0.471828,-0.528625
1.211467,-0.258244,-1.131472,1.188787,0.309782,-0.784952,-0.218396,0.242907,-1.371285,0.509993
0.215882,-0.058754,0.07843,0.641238,0.73299, N/A ,-0.940406,-1.031071,-0.081971,-0.582809
-0.07674,-0.139545,0.484275,-0.685096,-0.103535,1.315699,0.228781,-1.517456,0.428618,-3.028561
-1.649284,-1.132086,0.297862,-0.422858,-0.184138,-1.146963,-0.850324,-1.146681,,0.350338
0.247024,1.159169,0.135517,0.233793,0.457615,-0.557678,0.736237,1.933779,-0.815175,0.057241
-0.086705,,0.387074,0.747929,-0.790205,0.116745,0.095214,,-0.495489,
1.025519,-1.181428,0.0639,-0.391626,-0.46089,-0.199387,-0.65757,-0.331906,0.892184,0.39866
-0.201622,0.462068,-0.570677,-0.304124,0.775777,0.716765,-0.057037,-0.07116,-0.656841,1.231681
0.070094,-0.118406,-2.614508,,-0.545601,0.151914,-0.376372,-0.311448,,-1.1374
0.956149,-0.822993,-0.013496,0.536285,-1.439805,-1.831429,0.169807,-0.39245,-0.716317,0.460755
0.397293,2.00991,0.362592,2.018196,0.243244,-1.67274,1.058304,-0.92967,-0.190423,
0.371513,1.119941,0.135545,1.991178,0.412016, N/A ,2.327111,0.073074,0.558301,0.26291
-0.004854,1.472294,-0.492496,0.971544,0.412387, N/A ,1.013838,-1.078489,1.177709,0.96411
-1.210976,0.176887,-0.07487,-1.560947,1.316418,-0.096352,-0.461547,1.00668,-0.274666,0.984883
1.274472,1.676496,1.727251,-1.207351,-0.946758,-1.010908,-0.886579,0.422871,,-0.774924
0.928191,0.822372,0.505328,-0.616206,-0.203607,-0.859573,-0.450206,1.54166,-0.286181,0.998593
0.204472,-0.205501,-0.413173,-1.534734,-0.094432,-0.681913,0.574607,-0.671578,0.984225,0.716609
0.532919,0.20776,-0.18588,-0.718145,0.437671,-0.986525,-0.430606,1.822111,-0.291693,0.42031
,-0.81466,0.635024,0.018797,-1.482647,-1.278509,-0.254258,1.331216,-1.559584,0.353657
0.958579,,0.081101,0.708736,-0.497657,-1.295522,-0.747997,0.109499,-0.893353,1.119197
-0.773092,0.358169,0.789979,-0.31241,-0.417289,-0.24932,-0.886471,1.583778,-0.884094,0.580411
-0.638944,1.6917,-1.933209,-0.454894,0.321087,-1.200188,-0.942007,0.6475,-0.916965,0.009915
0.269524,0.839591,0.14797,,-0.579624,0.154629,-0.251583,1.190838,-1.616461,-0.17207
-0.471204,0.011228,-0.625376,-0.118419,0.389885,0.58128,1.259042,0.3615,1.057674,0.445728
0.220736,0.304032,1.683106,1.278361,1.418769,0.9366,0.20164,0.48001,0.40411,-0.599202
-0.989152,,-1.437672,-0.087113,0.040221,-1.006428,-0.101548,-0.232853,1.063031,-0.139732
0.626146,-0.423401,-0.53591,0.577661,-0.738295,-2.065196,-1.047286,-0.374381,-0.353974,-0.048671
0.829,-1.53685,3.300792,0.952779,-1.079023,1.667356,0.932589,-0.917671,1.697224,-0.535995
-0.486008,0.9422,0.726664,-1.176206,-1.081802, N/A ,0.64855,0.030006,-0.932685,0.238488
0.229336,,-0.260843,0.596827,-0.315791,0.040561,0.227074,-0.965518,-0.011952,0.401173
0.060776,1.100095,0.596932,-0.107479,0.256523,-0.214376,-1.478097,-1.496782,,-1.659051
0.285172,-0.301531,,1.369172,-0.490071, N/A ,-0.492984,-0.276093,-0.058649,
-1.646642,-0.726967,-1.397215,-0.23371,,1.001125,0.542248,-0.301376,,-0.777159
0.456898,0.98565,-2.112557,0.293696,1.205252,1.513538,-1.545098,-0.045691,0.234498,1.692594
-1.323555,1.047659,-0.739661,-0.321916,0.610837,0.411948,-0.982697,-0.126409,1.105111,1.189149
0.238004,0.758755,0.187121,-1.136602,,0.860323,0.317746,-1.241797,-0.416727,-0.398379
0.405591,,1.193889,0.264287,-0.146806,-0.127412,1.483395,-0.47786,0.528775,0.083747
-1.658712,1.848088,-0.055966,-0.168614,1.533479,-0.178529,0.325239,0.662619,1.087434,-0.718271
-0.881055,-1.528179,-0.902491,-1.142107,-1.279642,-0.71238,-0.309535,2.065642,1.465604,0.982455
-1.959583,-0.319598,0.024437,-2.813249,-0.962829,-0.162752,0.377745,0.06778,,-0.595242
0.718479,-0.330021,2.232092,1.121937,-0.761788,0.222409,0.961179,-0.761497,-0.94645,-0.091559
0.762424,1.548244,-1.008506,0.228705,-0.062294,-0.278391,0.772962,0.82391,1.112142,1.01761
-0.787007,0.560041,1.20765,0.884435,1.168774,-0.278702,-1.192253,-0.691075,0.160313,0.190696
-0.758958,0.542173,-0.855887,0.571182,-0.757548,1.119744,-0.984763,-0.07853,0.46787,0.038147
-1.450958,0.810896,-0.971034,1.856786,-2.029118,1.819179,-0.001061,0.087191,-2.322891,-0.937344
1.561591,-0.202487,0.48742,0.772423,-0.576256,-0.251361,-0.813463,-0.694373,-1.984709,-0.240604
-1.598841,-0.829995,1.706155,0.812132,-0.76765,0.626516,-1.821596,0.99825,0.365778,1.508589
-0.233201,-1.536322,1.001363,1.14749,-0.543971,0.135021,0.942301,-0.485228,0.976692,0.693571
-0.70847,-0.093497,-0.120893,0.163883,-0.28627, N/A ,0.572371,-0.41725,0.538155,1.866836
-0.306509,,-0.412721,1.71783,0.2098,-0.863163,0.618888,0.092541,-0.446807,1.48194
0.135638,-1.506824,2.284773,0.413414,1.922698,0.476146,0.007837,1.952061,0.262731,-2.061742
0.927007,0.023501,0.752422,-1.695817,-1.335623,1.753734,0.170816,-0.330435,0.806114,0.346233
-0.654888,0.309228,0.673933,0.88664,0.018663,0.904618,-0.056595,0.610669,0.499738,-0.199835
0.153397,1.146876,-1.497694,-0.99006,-0.150147,-0.224853,-1.236735,-0.372864,0.86673,-1.830246
-1.988183,-1.038424,0.152246,1.641545,1.251157, N/A ,0.86227,0.218798,0.370505,-1.803444
0.469941,-0.846067,0.883212,0.191997,-0.079981,1.017651,0.401478,1.775605,-0.230318,1.723976
1.628876,-0.945932,0.24529,,0.323303, N/A ,0.809556,-1.755875,0.573918,0.077633
-1.24938,0.185371,-0.028282,-0.873488,-1.079219,-1.404699,1.221851,-1.91104,-0.11367,-0.644032
0.560957,-0.541516,-0.196824,-0.230877,0.291429,-0.426896,-0.965159,0.535056,0.83524,-1.531792
-0.127101,0.015279,0.044024,,-0.24197,0.483685,-0.378203,-0.318997,-0.163094,0.528704
,0.279494,1.219998,-1.460233,0.363811,0.086057,-0.56737,-2.719712,-0.592622,0.038681
0.200787,0.391907,0.166028,0.64255,0.197673, N/A ,-0.170729,0.181854,0.21948,-1.83808
-1.173524,,1.743704,-0.76117,,0.021655,-0.861939,1.329284,-0.620385,0.455667
0.018277,-0.619876,-0.062817,-0.779531,-0.229088,-0.28017,0.143782,,-0.140606,2.344766
0.281727,-1.181589,0.207948,0.188122,-1.400128, N/A ,-1.571663,1.490036,1.600088,0.966572
-0.166173,0.237947,0.412762,-2.048335,,-1.833763,0.70001,0.320517,1.355372,-1.619219
1.030709,-0.701061,0.378039,1.180433,0.426046,-2.549537,-0.088436,-0.485771,2.227038,0.934216
1.410003,-0.479267,-0.147644,0.20299,-1.279043,0.291934,0.958416,0.759908,-1.04333,1.658005
0.025573,-1.361744,1.01903,-0.20882,0.195899,0.401232,0.587798,1.582172,0.899876,1.460014
-1.565204,0.761725,-0.037821,0.551668,,0.291248,0.647984,-0.90979,-1.632969,0.815186
1.401644,-0.535592,,-1.764886,0.084933,0.732979,0.289929,0.984222,0.130554,1.206647
-0.695249,-0.116937,-0.651807,-2.27766,1.168519,0.342757,-0.365113,1.201701,-0.391721,-0.955328
-0.140533,-0.111209,-1.336846,-0.169899,-0.242362,-0.818086,1.258623,-0.955672,-0.10903,0.648378
0.449963,-0.865478,,1.769379,-1.009377,-1.633354,-1.023003,,1.957291,0.636035
0.54648,1.150847,0.83232,-0.535523,-0.467837,-0.64452,-0.988229,-0.780264,-0.477615,1.393976
-0.510496,0.203952,0.590974,-2.475126,-0.08826,0.112712,1.283908,-0.228153,0.609481,-0.194054
1.138167,-0.149752,-0.086906,-1.298248,-0.476478,-1.55758,0.570563,-0.002334,1.177853,-0.525677
-0.537342,-0.249133,-0.474216,-1.668383,0.388449,-0.645318,-1.718705,-0.897762,0.469618,0.581078
,-0.851203,0.260191,0.366621,-0.86371,0.069049,1.013096,-0.418473,-1.63486,-0.560079
0.838895,-0.853342,-1.730208,-0.098753,-0.401752,1.129417,-0.222131,-0.144225,-0.173114,-0.944685
-2.812858,-1.42848,-1.42111,-0.797081,-0.409508,1.031729,-0.066131,-0.921195,1.329352,0.768965
-1.120858,,-0.870349,-0.352095,-1.012679,0.752768,0.277415,0.423991,-0.456581,-0.915738
0.295208,0.283351,-0.815597,-0.19073,-1.212031,0.871336,-0.736015,-1.198506,-1.012945,1.03703
-0.165131,-0.318368,-1.195591,0.14131,-0.127508,-1.364188,0.537909,,1.691571,1.476113
0.82199,-0.013179,-0.846563,0.301357,0.695531,-0.209366,-0.803881,-0.056386,-0.995298,-0.952157
0.122186,-1.245098,-1.067696,-0.570125,-0.695411,-0.837007,-1.281045,-0.808607,-2.362316,-0.136685
-0.455433,0.154843,1.858293,-0.249669,-0.992742,0.101168,-0.06746,1.638024,0.712428,-0.117816
1.455504,0.955154,0.700858,-0.304779,1.212229,0.552424,-0.386436,-0.290301,1.367685,0.267275
-2.162574,-0.477977,-0.109154,0.977177,,-1.13574,-0.040242,1.399682,0.566448,
1.04,-1.164663,-2.357675,-0.109342,0.273194,-0.075535,-0.800047,-0.583102,-0.146422,-0.831536
-0.527544,0.967409,-1.51642,-0.62358,-1.75646,0.767481,0.594158,0.424695,-1.278579,-1.099031
-0.414927,-0.29193,-1.785349,-0.943389,0.442042,-0.000418,-0.736261,0.127629,1.716531,0.95374
-0.221579,-0.013877,0.647603,-0.56955,0.377091,-0.709157,-0.497498,0.71011,-1.429344,-2.103502
-0.969114,0.230218,-0.444077,-0.108254,0.454694,-0.264807,-0.88354,-0.956731,-1.339283,1.420525
0.601553,0.041396,-0.271438,-1.316671,-0.164346,-0.439607,,-0.152103,-0.545236,-0.288374
0.336396,0.582256,,-1.469294,2.12013,-1.057959,-0.498738,0.220403,0.12336,1.228553
-0.09141,-0.860929,0.400207,-0.358351,-0.372604,0.033179,-0.31034,-0.922049,0.871081,0.622436
-0.033527,0.508572,-1.361371,-1.23616,-0.081521,1.32824,-0.782889,0.447853,-0.904865,0.064247
-0.006909,-0.315685,-1.077373,-0.798091,0.987731,-1.375903,-0.232062,0.520906,0.395163,-1.295597
-0.872567,0.671053,-1.063617,-0.278397,0.78297,-1.504677,0.817934,1.153594,0.426806,-0.381383
-0.29008,-0.657098,-0.096655,0.457157,0.476831,-1.047083,-1.460855,1.726782,-0.024476,0.359963
0.270312,-0.433546,-1.063941,-1.360937,-0.670771,1.366415,-1.166934,0.539366,0.018165,1.50595
1.308499,-0.767729,1.418803,-0.065402,0.081933,1.326679,0.671162,-0.13884,-0.378956,0.69616
0.881499,-0.239986,,1.511957,0.295308,-0.308317,-0.97867,0.722244,-0.929811,0.212866
0.06227,0.27417,0.61702,1.346663,0.713638,-1.574086,0.271785,-0.670986,-0.384428,-0.324108
-0.102016,1.618734,0.872572,1.343782,-1.221545,-0.174107,-0.057852,,-0.430367,-0.33704
-0.459871,-1.704075,-1.209936,0.985057,0.507949,0.841794,1.294827,0.461661,2.544584,-0.654257
2.044457,,0.806083,1.000096,-0.24295,0.193259,-0.752505,0.607905,-0.999348,0.670292
-0.708023,-1.42062,,0.039798,-0.202273,0.551689,-0.061716,-0.577031,0.095917,0.321697
-0.109431,1.051702,-2.012667,-1.180833,-1.666582,1.532966,0.188367,0.620556,-0.49758,-0.407491
0.260883,1.030575,-1.167194,0.362614,0.305702,1.005625,0.435842,-0.043226,0.913798,
0.251625,-1.360518,1.860457,0.177831,0.040439,0.016771,1.350862,0.20465,0.171302,-0.188675
-0.383149,0.288117,0.818624,-0.841426,-0.643972,0.324529,1.501953,-1.442583,-0.595248,1.346124
0.108357,0.871674,2.442154,-0.584194,-1.598706,0.375441,-0.154146,0.610563,-0.795819,-1.357891
-1.26206,0.439955,-0.622201,-0.280877,-0.286771,1.340579,-0.508655,0.245239,,2.008957
,1.693713,0.259287,0.165742,1.326703,0.179324,-0.374907,2.416239,0.597361,
0.199476,-1.229592,-0.989493,-0.152528,0.020857,2.016906,-0.45222,0.807178,-0.149689,0.520962
1.221409,-0.071692,1.444693,1.313843,0.107806,-0.025065,-1.682575,0.830663,0.377064,-0.129796
1.107096,0.064331,0.412696,1.209855,0.19996,0.415166,-0.881811,0.045918,-0.167801,-1.964089
-0.941021,1.559522,-1.24238,-1.120233,0.292646,1.488018,0.677291,-0.110432,-0.239209,-0.54505
-0.248586,-1.454796,-0.970355,,-1.513398,0.102697,0.604907,0.27386,0.249951,2.01824
0.812948,-0.007593,0.123551,-1.261845,-0.766773, N/A ,0.021466,0.603747,1.27412,-0.926184
-0.252359,0.252818,-0.628441,-1.199015,0.653249,2.123722,-0.636345,,-0.325105,-1.058598
0.530967,0.734318,-0.641868,-0.09648,-0.332872,-1.028783,0.145888,-1.573944,-0.724156,0.488618
-0.159363,0.888419,0.338449,-0.166113,,-0.565041,0.269629,-0.252503,-0.570636,-0.006799
0.726872,-1.301014,-1.556422,-0.981076,-0.088977,0.741645,-0.008322,-0.840314,-0.2533,-0.22806
0.403496,0.371581,-0.345679,-0.655597,0.475594,-0.639232,1.511611,2.060332,-0.978062,0.611785
-0.42769,-0.719759,0.223306,,2.124442,-0.197371,0.154975,-0.93753,0.35755,1.646849
-0.172167,,-0.27387,1.004125,-1.678124,0.927179,0.122106,0.158755,0.563673,-0.290618
0.937803,-1.0762,-0.674301,1.161171,-1.980077,0.183623,1.394795,-1.463302,0.077485,-0.843548
0.070776,-0.460411,0.343887,1.142885,1.971437,-0.892832,,0.526967,-1.417532,
0.59711,0.690046,-0.110538,-0.907734,-1.069853,2.011185,0.527946,-0.337229,-0.576573,0.663164
-0.857791,-0.184925,-0.170563,1.151026,0.188146,-1.583553,-0.401414,0.118901,0.593639,-1.140193
0.066324,-0.468979,-1.714136,0.250305,-0.303109,0.984892,-0.611761,0.120111,-1.246916,0.402659
-1.487635,1.050188,-0.008311,-0.137107,-0.778222,1.487748,0.712847,0.356092,0.417057,0.470816
-1.253969,-0.275588,-1.650728,0.381493,1.315324,0.147961,-0.664344,2.142322,-1.1574,-0.070535
0.220954,0.196307,0.718441,-0.781251,-0.91504,0.062937,1.002187,-2.048911,1.058242,0.49098
,-0.589682,-0.912625,-1.077073,-0.906041,-0.551633,-0.126181,-0.849816,0.672706,0.866398
0.796332,,,-0.900819,-0.494024,1.00603,1.059106,0.723023,0.817128,1.300604
0.520805,1.39584,0.378831,1.193472,-0.048438,-1.986974,0.861155,,0.251986,1.759616
1.20972,1.452635,-1.696359,0.0734,,1.897509,0.07302,0.684721,-0.540958,-1.862544
-0.175913,1.116384,-0.014629,-0.406599,1.073873,-0.808385,,-0.352804,,0.069833
0.399219,0.863281,,0.709583,1.722348,-0.012267,1.621303,-0.368986,-1.002804,-0.838055
-0.241552,0.145383,-0.976233,0.325436,1.600186,0.216738,0.033084,-1.097784,-1.542139,-1.742436
-0.082338,-0.166385,0.474172,-0.49242,,0.006528,0.07538,0.790278,-1.350159,0.972022
0.127688,2.104058,0.327263,-0.798812,-0.233961,-1.386161,-0.89136,-0.337808,-2.444835,-0.169795
1.27441,-1.637874,-0.484357,-0.342024,0.038256,-1.381077,1.761667,-1.168891,-2.088424,-0.552995
1.55133,,-0.735066,1.321109,-0.924176,0.43283,-0.196557,-1.810732,1.478338,0.385569
-2.576586,0.744945,-1.003553,0.836081,0.543348,-0.692862,0.077981,1.534202,-0.360882,-0.446026
-0.530329,0.95688,0.133097,-1.368662,2.793885,-0.718682,2.053,1.840908,0.401263,-2.071542
0.284856,-0.133592,,-1.360841,-0.24744,-0.651025,-0.54101,0.16606,0.567664,1.130482
-0.097229,-1.123234,0.540684,0.1206,0.12934,-0.209363,1.190918,0.247726,-1.228085,1.200445
1.986062,-1.16776,,,0.204762,-0.023536,0.601341,-0.322265,-0.049056,-1.101897
-0.907797,-0.659651,-0.049331,-0.662373,-0.671462,0.157648,0.566801,-0.251093,-1.503475,1.092808
0.171689,-0.381936,2.272409,0.320585,0.039571,1.892673,1.085885,-0.098887,-0.691708,-1.182883
-1.453686,-0.254617,-0.330819,2.141596,0.528481,-1.416173,1.478845,0.100562,1.080724,1.264568
0.220942,0.030505,0.192504,-0.760223,1.339265, N/A ,0.571753,1.317044,0.238308,0.669011
-0.402882,0.385061,-1.327184,-0.228416,-0.877929,-0.105164,-0.491505,-1.571458,-0.499844,-0.253245
-1.064083,,-0.102467,-1.048607,-0.211003,-1.94378,-0.277229,0.024071,-1.371921,-0.757388
0.821851,-1.879352,0.081707,0.986155,0.625874,1.20441,0.742605,-0.999078,-0.330759,0.016304
1.559584,-0.395238,,-0.349495,-0.659103,-0.823196,2.062633,-0.684294,1.323511,-0.654835
0.420396,-1.09868,-0.250573,-0.298286,0.45673,0.166115,0.724337,-0.768561,-1.13162,-1.061266
-0.992714,1.550506,-0.127946,0.68512,-1.048799,-0.611932,0.49379,1.375195,1.324474,-0.734989
0.38459,0.945981,-0.78688,0.080107,1.833986,-0.586364,-0.095795,-1.476894,-1.850393,0.150055
0.241635,-0.42241,0.192687,0.319771,1.4756,0.157112,1.003703,0.219118,1.506405,0.830331
-0.149273,0.837936,-0.865152,-0.43964,-0.984977,1.06977,2.127812,,-0.390847,2.007936
-1.499859,-1.474283,-0.136313,-0.803722,-0.795125,-0.784554,0.057053,-0.1848,-0.097078,-0.842873
1.855536,1.579314,0.07882,0.718788,,-0.260999,1.517464,-0.80132,,1.719615
-0.560801,-1.167362,-0.255668,-0.301181,-0.68168, N/A ,1.647767,-1.089282,0.772023,-1.490696
,,0.500379,,0.848241,0.18262,0.315989,1.096009,0.073437,0.428826
-0.958988,-0.979266,1.400475,-0.61524,-0.410373,-0.952405,1.65964,0.249552,0.564052,0.778956
-0.315491,-0.378933,0.819047,-1.473944,1.905257,1.529485,-0.7914,0.983565,0.663151,-0.884299
0.991244,0.00954,-0.552697,-0.482083,-0.511328,0.270572,0.165011,0.644069,0.970522,1.496499
1.254405,-2.373502,1.053671,0.380791,0.96013,-0.461895,-0.601287,-0.040069,-0.46832,-0.0627
-1.309913,-0.188409,,-0.671085,0.681023,-0.931721,-1.835666,0.005419,-0.792581,-0.719636
-1.169802,1.175814,-1.058304,-0.111161,-0.665173,1.233619,-0.183682,-0.986728,0.563532,0.455917
-0.648341,,0.316528,0.049719,-0.85513,0.507509,-0.445356,0.62813,0.67906,-0.75597
1.961437,1.209202,-2.544739,0.50292,-0.70805,1.295937,-0.051762,-0.694256,-2.450778,0.092689
0.939465,0.879252,0.758505,-0.49237,-0.691521,1.251228,0.20108,-1.764686,-0.362763,-0.279007
0.515273,-0.163125,-0.059841,-1.071007,0.61138,-0.769242,,0.568125,-1.341272,-0.613467
-0.707803,-0.637763,,0.221503,0.566909,1.266412,1.151324,-0.696209,0.952873,-1.803684
-1.464975,-0.716683,0.745894,-1.027257,0.467101,-0.70652,0.52471,1.079376,1.755633,-0.968643
0.048653,,0.028039,-1.286419,-0.360462,-1.632512,0.085809,-0.428387,-1.079846,0.164854
-0.713642,-0.385204,-0.18096,-0.966238,-0.409489,-0.528195,-0.124643,0.520031,-1.290699,-0.448613
1.522558,-0.326225,-1.285903,-0.880103,-0.794304,-0.848508,-0.552839,-0.407985,0.153312,-0.087234
0.032051,-0.525752,-0.411596,0.48125,0.831676,-0.471808,-0.290617,-0.416286,0.706649,-0.557706
1.826244,-1.691574,0.058248,-0.468981,0.523517, N/A ,0.20731,0.735967,-0.174871,0.744356
0.029676,-0.60793,0.078733,-0.045344,-1.123644,0.373618,-0.514518,-1.526325,0.165808,2.246129
1.804378,-1.367645,0.028251,0.56359,0.187668,1.298554,1.675776,0.575943,1.362442,-0.789053
-0.115879,-0.338218,0.560368,-1.240378,1.529584,0.530718,-0.060699,-0.255445,-0.947232,0.522124
0.430912,-1.037666,0.121375,1.522101,0.635712,2.381532,-0.100703,-0.507111,-0.553657,-0.154758
-0.133256,0.535966,-0.192799,-0.173067,1.818296,-0.19298,-0.572167,0.399916,0.637061,0.124492
-0.293754,0.80943,-0.882499,-0.981386,-0.278426,0.645124,0.557484,0.020595,0.24603,-1.113787
-0.609272,0.743544,-0.601738,1.124734,-0.003522,-0.826268,-0.279469,-2.704224,-0.01242,1.201794
2.07336,1.402341,0.38381,0.442954,1.30616,-1.336835,0.001618,-1.210483,-0.771217,0.01683
1.617301,,0.705175,2.185102,-1.297027,0.437744,-0.538993,-0.748078,,-0.079363
-2.122181,-1.686769,0.251334,0.451642,-0.593046, N/A ,0.009519,1.275402,-0.538535,0.91463
-0.121717,,-0.552654,-0.731939,0.123464, N/A ,-0.515604,0.503832,,1.238761
0.665185,-0.939994,-0.015588,0.648101,-0.662427,0.497405,-0.044381,-1.73084,-1.292053,0.853885
0.162047,0.541338,-0.055757,-0.298397,-0.663024,0.009692,0.539566,0.716874,0.717836,0.171969
-0.432636,0.409422,,1.378467,-1.114136,0.359506,-0.29254,0.245256,-0.683369,-1.179581
0.106193,0.295442,0.230174,-0.706323,-0.451063,-0.369631,-0.021331,0.742022,-0.41772,0.758379
-0.073977,-0.17413,0.774256,-0.521754,,0.757137,0.960212,-1.29331,-1.319769,-0.156993
0.767176,-0.421512,1.05953,0.986858,-1.288144,1.025621,1.876226,-1.108226,0.009814,2.272258
-1.256234,0.427531,0.113639,-1.416012,-0.348695,0.612573,-0.749316,-0.323914,1.149502,0.289299
-0.25832,-1.429333,,0.924174,-1.595125,-0.315407,0.140167,-0.043228,0.59348,2.265057
-0.218252,-0.745102,0.459938,1.551636,0.5664,-0.559155,-1.755661,0.453572,-0.768581,0.070451
-0.195762,-0.103796,0.834039,-0.21495,-0.144589,0.582497,1.105326,1.071213,,-0.115499
-1.035666,-0.783065,0.429431,0.592083,-2.111037,0.265471,-1.078362,-0.142652,0.904081,-0.037288
-1.873368,-2.094111,-1.17942,0.364702,-2.292569,-2.296568,-0.297897,-0.58347,2.834213,-0.958749
-1.128145,-0.471665,-0.816877,-0.609316,-1.136574,0.331427,0.598428,,,0.237542
1.54669,-0.956708,,-0.372399,-1.254566,-0.603313,0.189115,1.070593,1.713882,0.698615
0.512404,-0.402124,1.3167,-1.62079,0.416458,-2.054781,-0.067539,0.129158,0.868469,0.979092
2.079301,-1.342492,0.748511,2.189857,-0.551937,2.247449,-1.671139,0.582667,0.500158,0.132781
-1.521216,-0.951563,-1.510801,0.194135,0.834907,-0.69226,-2.223332,0.819997,-0.109139,-2.523199
-0.580533,0.54163,0.57392,-0.043,-0.450777,0.873538,-0.256826,1.649077,1.486711,2.388857
-0.60957,-0.4265,0.650708,0.345408,-0.892252,-1.134642,0.565849,-0.052059,0.85487,-0.560971
0.762509,0.075386,0.560952,-0.709221,0.366949,-1.319954,-0.572672,2.158154,-0.334163,-1.787763
1.825654,0.191089,0.692755,0.905166,0.329151,-1.294904,0.05945,1.23876,0.194727,-0.96399
0.489503,0.590758,-1.149369,0.113706,-0.879312,-0.262556,-1.149343,1.550088,-0.553335,0.672975
1.296049,1.088066,-1.028862,0.9606,,-0.359231,-1.896386,0.547658,0.108992,1.550662
2.485053,-0.125228,-0.683777,1.084951,, N/A ,0.771005,-0.437527,-0.179584,-2.851387
-0.228169,0.372796,1.030565,-0.365083,-0.883399,0.036837,0.886238,0.066928,1.70024,-1.192755
0.389581,0.892792,0.80383,-1.89271,-1.125174,-0.984709,-0.357821,-0.26539,-0.713894,0.854643
-0.887948,1.616187,-0.896957,-0.85602,-0.663687,1.463122,-0.476287,-0.611625,2.231456,1.386494
0.879505,-1.134108,0.322312,0.414295,1.126264,1.943369,0.970571,0.18374,0.357287,-1.46469
-1.149491,-0.724741,0.108832,0.01833,0.091244,-0.692607,-0.368866,0.777418,-1.054881,0.353459
-0.822569,0.327167,0.381415,,0.170987,1.091073,0.765498,-0.188328,-1.096434,0.520671
1.336291,-2.049287,1.563484,,1.145268,-1.16362,-0.029894,0.316879,-0.697166,-0.021803
0.840792,,0.028312,0.111632,1.851839,-0.084964,2.257205,2.464036,-0.548061,0.899477
-0.924849,-0.106271,-0.777292,0.413671,-0.221518, N/A ,-1.25806,-0.116941,-0.949933,1.044313
0.031802,0.171923,,1.192283,1.787515,-0.173632,-1.251382,-0.165166,0.890847,0.962605
-1.672966,-0.171507,0.72598,-1.851694,1.060429, N/A ,0.77873,-0.781755,-1.437291,0.172664
0.235393,0.380717,-1.013224,-1.538781,0.266156,0.147034,0.353775,-0.201778,-1.886428,1.506241
0.5114,-0.790642,-0.255433,-0.374537,-1.240982,-0.945654,0.65979,-0.027988,-0.094368,-0.201913
0.135638,-1.506824,2.284773,0.413414,1.922698,0.476146,0.007837,1.952061,0.262731,-2.061742
1.511481,1.316263,0.023474,3.019239,-0.573394,-0.042806,0.439521,1.034895,,0.954575
0.687048,0.427014,0.721313,1.115735,-0.720226,-0.498519,,0.601892,-0.384778,0.521681
-0.586437,-1.383834,0.494015,0.019691,0.145385, N/A ,0.945145,-0.091096,-1.845279,0.79039
0.462352,-1.557099,0.473832,0.274089,-0.713325,-0.226857,-0.285339,-1.196176,-0.217913,0.401224
-1.186417,-2.163835,1.785402,0.088581,1.252472,-0.89103,0.644272,0.538051,,0.716875
-1.702629,-1.1723,1.66553,-0.272969,-0.61362,0.419623,0.609619,-0.796955,0.798217,0.579594
-0.309531,-0.346955,1.837292,-1.123471,-0.942207,-0.282388,0.303153,-0.033982,-0.387801,1.314355
2.618201,1.475956,0.340135,0.751329,1.072174, N/A ,0.36428,0.034402,1.098736,0.056058
0.959231,-0.408924,1.684374,1.234335,1.57889,0.782916,0.771773,-0.470429,-0.144804,-1.529404
1.033344,-0.276641,-1.227987,1.859807,-0.140616,-0.25567,0.223772,-0.503758,0.314054,-0.705509
2.072206,0.651781,0.577541,-1.126681,0.271417,-0.862069,-0.553177,0.290999,-0.880257,-0.135956
-0.118741,0.207792,0.329743,1.048133,1.578054,-1.220005,-1.562266,-1.783053,0.786771,1.172552
0.925072,,-1.227953,0.121684,0.288534,-0.064917,0.413076,0.55336,0.905758,-0.151759
0.748949,-0.088389,,0.381932,0.030938,0.93626,0.193445,1.39584,0.808225,0.650848
-1.054532,-0.577396,-0.005905,0.860929,0.452938,0.862468,-1.071451,0.746265,0.203331,-0.385588
-0.334942,-1.019567,1.038822,0.539082,0.541978,1.144205,1.70255,1.165562,-0.047145,1.07846
-0.275862,-0.801436,-0.989109,1.678881,1.004754,-0.936211,-1.725676,1.354492,-0.577207,-0.389065
0.022365,-2.279478,0.28667,-1.330357,0.384786,-0.040595,0.239436,-1.681271,0.455318,-0.123938
1.52339,1.774789,0.025815,-0.413826,-0.632279,-0.181783,1.396564,0.009062,1.228728,1.231986
-0.738608,-0.939059,-0.416985,0.614595,,1.666289,1.382527,-1.240783,-0.284245,-0.675467
0.25686,,-0.03393,0.243345,-0.195724,-0.574831,0.875212,-0.201128,-2.683623,1.710577
0.505527,-0.66193,0.677899,-2.090572,-0.268951,-0.560141,0.726564,1.656031,1.794041,-1.333357
-0.268736,-0.76008,-0.646709,0.541074,-1.432426, N/A ,-0.842621,-0.153922,-0.325887,0.727629
0.601125,0.355689,,0.801015,-0.864499,1.172712,1.413157,-1.398563,0.591809,
0.980638,1.705717,,1.383193,0.379529,1.133956,-1.422887,-1.704493,0.196849,-0.838238
0.645362,-1.668468,-0.430434,1.588693,-0.661016,-0.806795,1.296989,-0.969161,-0.259913,0.521089
0.737478,0.31524,-0.69986,0.920921,-0.429754,0.930865,0.29732,-0.006335,-1.137507,-0.854681
0.645097,0.863302,0.455926,-1.446133,-1.669412,1.474707,0.081144,0.985591,0.5417,-0.546112
-0.406296,1.03109,1.94384,-0.978169,0.279165,0.62552,-0.307039,-0.743462,-1.370185,-0.527441
-0.846412,0.731828,0.944355,-0.464859,0.833494,-0.490437,-1.315192,1.332961,0.344086,-0.774508
-0.072545,-1.263673,0.984045,0.787032,,-0.458951,-0.27369,-0.236996,-0.425382,0.272119
0.284455,-1.639125,-0.063237,-0.255708,1.326083, N/A ,-0.150875,0.247124,,-0.319372
-0.655904,-0.408845,-0.618886,1.396816,2.096494,-1.576609,-0.779363,0.310453,0.406324,0.208886
-1.026996,0.96155,-0.204479,-0.507959,-0.00544,0.631665,0.490121,-1.10945,0.621975,1.137173
0.434418,0.402443,,0.980783,2.343822,-0.265706,-0.223453,1.740984,-1.046897,-0.274551
-1.10992,0.782471,-0.144385,-1.298562,-1.305059,0.401192,-1.276434,1.678751,,0.359348
-0.331571,-0.566989,-0.20501,,,-0.536291,-0.868718,-0.613819,0.433564,-0.768449
2.010579,0.536414,0.997911,0.500344,-0.235414,-0.176765,,0.756399,-0.969994,0.518573
1.619202,1.096415,0.106626,-0.995059,0.41123,-0.455962,-0.855522,0.438024,1.451102,
0.065824,-0.267407,0.072699,-1.312891,-0.564127,-0.834256,-1.398297,0.422037,,-0.820654
-0.520843,0.38781,1.42517,2.579776,0.056523,-0.099249,,-0.314474,0.07478,-0.678201
-0.520846,0.275688,-0.985068,-0.880096,0.109415,-0.006385,0.085522,0.613999,0.931237,-0.214583
-1.693653,0.854938,-0.048882,-0.39261,1.562114,0.349337,0.046743,0.635864,0.506621,1.075992
-0.580334,-0.672144,-1.041315,2.384435,0.287231,0.243852,-1.221796,1.411142,-0.518738,-0.921681
-1.351747,-0.086483,-1.592851,-0.585594,1.000315,-0.135478,-0.28871,2.205902,-0.521741,-0.968885
-0.028637,0.536008,,-0.004746,-0.348736,-0.825094,-0.794938,-1.139149,1.077455,1.094993
-0.92604,-1.447953,-3.3e-05,1.474084,0.129028,-0.414457,-0.728943,-0.514043,-0.873951,-0.48227
-0.646513,-0.72029,0.107312,-0.731191,0.024936,-0.878068,-0.252949,0.303544,-0.772803,0.730868
-0.034945,2.611501,-1.199023,0.902762,0.778837,-0.525622,-1.136698,2.221161,1.130968,-0.968801
-0.738871,-0.541285,-0.982069,-1.43689,0.598553,0.454093,-0.241341,1.108132,1.30675,-0.353529
1.460376,0.142238,0.216673,1.483362,0.626131,1.185412,-0.537617,-1.080338,-0.188471,
0.568853,-1.268425,1.115498,-1.04642,0.265821,0.04236,-0.04459,-0.777459,1.474886,-0.70748
-0.184263,-0.772476,-0.912591,-1.121614,-0.183001,-0.149492,-0.287113,0.212511,1.437723,0.487767
-0.679162,-0.37507,-2.41097,-2.826282,1.517629,0.235244,-0.693705,-0.955459,0.938501,-1.410829
0.018428,0.100424,0.229551,1.262106,-1.224925,0.47807,0.590944,0.961323,-0.469336,0.492786
0.853451,-1.027739,,,-1.693267,0.135123,,-0.935216,-0.874828,-0.854171
-0.191786,,-0.174553,0.773063,-0.309442,-0.254284,2.201788,-0.973419,0.690494,-0.625685
-0.496692,-0.664091,1.196128,-0.019346,-0.595603,1.03892,-0.004932,0.183537,-0.01323,-0.394494
-1.218303,0.04672,-1.947242,1.521477,1.058215,1.764537,2.196516,-0.210761,0.531623,1.1898
2.247562,-0.670106,1.364649,1.881892,1.464362,1.618148,0.923314,-0.928697,-0.118127,0.141731
-0.426609,0.186767,,0.445725,0.178742,1.623622,-0.636471,0.914983,0.532345,1.455402
-0.590336,,0.494131,-0.143845,0.135889,1.963487,0.778355,-2.149545,0.241914,0.903145
0.498285,-0.292142,1.022414,1.121888,-1.067785,-0.694123,0.994876,-0.465176,0.583897,-0.870577
-0.287322,-1.095572,0.618656,0.813328,1.66998,1.76287,0.10792,-0.120585,1.119828,-2.277372
1.809729,1.062926,-0.659947,-0.15171,-0.56085,0.896402,-2.154991,-0.219157,0.117052,0.434085
-0.051525,0.857115,-0.361344,1.401024,0.57457,0.047696,-1.043496,,-1.102957,-1.447246
0.485824,-0.487013,-0.238694,-0.547397,1.79272,0.618493,0.181474,-0.349669,0.385746,1.429147
-0.74686,-0.217584,-0.754628,-1.472178,-1.056103,0.200832,-1.669411,,-2.123532,0.931671
-0.520627,-1.682109,-0.599985,1.165239,-0.871686,-0.132308,-0.942071,-1.005447,0.233615,0.617053
1.148288,,-0.569699,0.171606,0.03371,1.109992,0.193229,1.220608,1.23305,-0.092354
0.222273,-0.940896,-0.270565,-0.056282,-0.069912,-0.45821,0.78696,0.092608,-0.215289,-0.206156
-0.79346,,-0.797837,-0.209113,-0.952767,1.073808,0.075785,-0.356428,0.636158,-1.946766
-0.753229,1.437493,0.988259,1.47085,-0.084615,1.287682,-0.101971,0.561476,0.809715,1.886158
-0.094702,-1.824512,,-0.85114,-0.025956,0.386576,0.24054,-1.543518,0.079311,
-0.812013,0.174484,0.791381,-0.855984,-0.892313,0.56811,-1.201624,-0.12054,1.710563,-1.281021
0.287776,1.116941,1.319838,1.742876,-0.655977,1.303873,1.518731,0.523601,0.023993,0.423561
-0.102005,0.353284,0.911946,0.585248,-0.500871,-0.196316,-0.426693,-0.464716,-1.362213,1.597191
-0.806775,1.317944,-0.172398,0.757612,1.707487,-0.558011,1.770281,0.517844,0.260179,1.332933
1.205287,1.294344,-0.16421,-1.562336,-0.445672,1.166924,-0.337353,0.838985,-0.003164,-0.552013
-0.767916,1.057714,-0.826981,-1.140083,-0.097145,-1.330626,0.189138,0.18225,0.128999,
-0.586909,0.34811,0.562977,-0.824237,-0.835453, N/A ,0.021162,-1.596475,0.506949,0.615333
-1.17076,-1.027248,0.998824,-0.385385,-0.002948,-0.6324,,0.094253,,0.206464
-0.03938,-0.727345,1.690664,0.258157,0.490504,-0.105293,,1.428065,0.314738,-0.728891
-1.305299,-0.905983,0.178994,-0.12283,-1.071985,1.092432,-0.233805,-0.651377,-1.264646,-2.730066
-1.096644,-1.015296,0.332501,0.92052,,-0.33801,-0.809436,-0.360462,0.063562,-0.1706
-1.659111,1.336783,-0.590135,0.656047,0.911046,0.195093,-0.757006,-1.83135,1.216093,-0.684146
0.483452,0.46657,-0.640869,-0.838828,-0.598156,-0.134587,-1.877565,-0.11393,0.797677,0.000485
-0.124814,0.952702,-0.696463,0.829671,-0.816362,1.701372,0.590606,-1.549436,1.590498,0.482429
-1.48843,1.650966,,0.985043,0.236151,-2.520557,-0.130081,-0.723424,1.284268,1.485455
0.860245,-0.153464,1.733357,0.80924,-0.969605,-0.721935,0.464509,-0.879007,-0.506543,-1.708685
0.03387,-0.590239,,-0.320268,1.088952,-0.427112,1.196248,0.774718,0.610165,1.231093
0.185703,-0.398796,-0.988728,-0.43846,1.245105,-0.909949,-0.926087,1.672474,-0.761005,-0.216016
-0.488236,1.48865,0.596382,-1.426962,-0.147241,-0.120899,0.426151,0.374424,1.693551,-0.974705
0.736019,1.257719,-0.035835,-1.108506,0.944812,0.399385,0.742233,0.487302,-0.311407,1.163555
-0.678235,-0.690936,-0.873219,1.551833,2.109185, N/A ,0.488331,-0.254981,0.582611,1.861373
0.930319,-0.664622,-0.75425,1.617697,-0.600678,0.651827,1.638492,0.792902,-0.09579,-1.158977
-0.869929,,0.457617,-2.21546,0.776025,-1.328684,2.035852,,1.683806,0.181739
0.073437,0.116487,0.483675,1.236942,0.048567,-0.63084,0.941903,-0.23561,-1.71785,-1.70176
0.731734,-1.286624,-1.00929,-0.406381,-0.477694,1.266716,0.499322,0.172946,-0.871175,0.167311
0.396721,0.838988,-0.997141,-0.352082,1.700452,-0.445275,-0.064334,-0.55999,0.417562,1.030909
0.591121,-0.286959,0.260019,1.27254,,-0.159249,0.029998,0.278726,-1.442648,-0.958902
-0.242116,-0.023419,-0.374327,1.196149,0.225998,0.189803,,-0.990856,-0.187259,-0.948146
1.19547,,-0.767948,1.53517,0.923768, N/A ,-0.55857,-0.870207,-0.755714,1.726053
-2.014069,-0.801019,-0.163206,-0.742549,-2.547869,-0.566424,-0.343819,-1.247665,-1.319277,0.257967
0.016008,,,-0.565572,0.243134,0.373881,-0.414309,0.951667,-0.371653,-0.43178
-0.410476,,0.824199,0.198891,,-0.311557,0.603721,1.53495,,-0.371192
0.396174,0.456279,,0.731155,-0.554042,-0.067242,-0.171653,0.902639,,2.783797
1.27101,0.011587,-0.360631,-0.699719,-0.814343,1.386671,1.764447,-1.296549,0.785899,0.441881
0.8759,0.810639,-0.216261,-0.146224,,-0.238354,1.705516,-1.37732,-0.134748,0.484187
0.11634,-1.534764,-0.292287,-0.675387,0.550236,-0.774712,0.895506,-0.467817,1.465688,0.354502
0.313091,0.932644,-0.255773,0.892994,,-0.954303,-0.443235,-0.121469,-0.093817,-1.345157
-1.460561,1.274835,0.400102,0.766543,0.569681, N/A ,-0.068044,1.499689,0.390885,-0.260959
0.222133,0.980204,1.789362,1.1796,0.878977,-1.231423,-1.0495,-0.00878,-2.349741,0.323745
0.423482,-0.36402,-0.082153,-0.324746,0.579256,-0.19434,2.13418,-0.724009,0.50057,-0.005279
0.067817,0.189321,-0.776702,0.227229,1.540585,-1.106535,-0.942285,-0.964553,-1.236415,-0.245026
-0.268863,,0.037147,-0.115177,0.514988,0.48583,0.535208,-0.320027,-1.342511,1.503926
0.96619,0.261251,,0.433684,-2.227347,0.707982,-0.201647,1.707393,-1.090683,-0.934972
0.616712,0.156002,0.093946,0.594917,-0.263761,1.065141,0.342971,-0.607257,1.052022,-1.73992
-1.298373,-0.755525,-0.129748,-0.504229,-0.153329,-0.559319,0.626678,,-0.617741,0.924304
-0.416653,0.03007,0.654207,-0.28856,1.059605,-0.605866,0.855165,0.683007,-0.175897,0.314328
0.661845,-0.306927,-1.943125,-0.738676,-1.238488,0.342161,-0.253542,0.844126,0.815614,0.44913
-0.012646,-0.893316,0.444554,-0.260393,1.515727, N/A ,-0.846258,-0.363929,-2.065223,1.385232
-0.161679,0.805118,0.125198,-1.111116,,1.03359,0.078108,-1.108346,0.797703,-0.465801
1.091458,-0.200301,-0.756764,-0.774583,0.82783,-1.798294,-0.541832,0.307368,2.067785,-0.802503
0.610965,-0.9435,2.340195,0.061672,0.060117,0.282927,-0.455948,0.325598,-2.029687,-0.867734
1.400119,0.055228,-0.864989,0.906575,1.154466,0.136368,-0.960892,0.388013,1.322154,-1.026849
-0.595382,-0.702997,-0.608615,-2.635927,0.476132,-1.853522,-1.687093,0.346928,-0.350877,-0.007473
-0.151651,-0.729536,-0.842142,-0.127769,0.243086,2.581398,0.292196,0.994994,-0.554482,-1.819465
-0.141194,-0.424157,1.22494,-0.10413,1.298067,0.735539,0.227109,-0.003337,-1.604547,-0.673725
-0.579413,-0.225853,-0.387223,-0.087322,0.659381,0.574305,0.100162,-1.176546,-0.555554,-0.747651
-0.516053,-0.035969,2.374474,0.106373,,1.166419,0.425993,0.553778,0.655758,-0.654787
0.301275,1.822446,,-1.039473,1.167055,0.983648,0.41418,-0.267781,1.268645,-0.881852
0.192786,,0.802269,0.59066,-0.06665,-0.186227,0.29989,0.540435,-1.700232,0.57535
1.3123,1.195729,-0.069872,0.386698,-1.747019,-0.249657,-0.506902,1.166218,0.498086,0.021731
-1.079642,0.950085,-1.811998,-0.198083,0.288354, N/A ,0.740773,-0.207092,-0.039971,0.77124
0.778099,-0.874433,0.767569,-0.666825,0.432125, N/A ,-1.680488,-0.505859,,0.482281
0.105372,-0.260182,-0.895582,1.4864,0.060734,0.30141,-0.332009,1.498107,-0.261977,-1.537867
-0.499153,-1.313675,0.308227,-1.5834,-1.006502,-1.9149,0.460926,1.207554,,0.063042
1.232105,0.20712,,-1.088679,-0.857703, N/A ,-1.470652,-0.723007,-1.10578,2.410318
1.634193,0.268615,,0.006741,-1.916047,0.834635,-0.293859,2.138312,1.983452,0.316647
0.174598,,-0.480265,0.640023,0.430535,-0.388491,0.681163,2.081653,-2.263823,-0.215073
0.783617,1.107072,-0.37027,-1.096087,0.797027,-1.066231,-0.146032,-1.442787,,1.310846
0.070199,0.197488,1.517824,-0.459268,0.261966,-1.523745,-0.281586,-1.302088,-1.638171,-0.930969
-0.264852,1.981076,-1.046146,0.660183,0.270053,-0.106144,-1.020917,-0.353271,0.035074,0.9246
-0.289043,-1.082086,0.940757,-0.017301,-0.151125,1.703938,0.535191,-1.009552,-1.523532,0.565088
-1.054294,,-0.1373,-1.27661,-0.004129,-0.411141,-0.523599,-1.487222,-0.892421,-0.715347
-0.530436,,-0.530096,-0.606009,-0.24378, N/A ,-1.637442,-0.31848,1.629656,1.698527
0.182275,-0.781062,-2.316933,-0.241927,-0.296247,0.09231,-0.422721,-0.408905,0.636033,-1.477601
0.7765,0.000395,0.178526,-0.108439,-1.13466,1.215955,-2.361854,-2.869947,0.294536,-0.225241
-0.628758,,1.192296,-0.003097,-0.856983,-0.003937,-1.552621,0.091655,-1.842344,-0.21025
1.696385,-0.659705,-0.058335,0.466943,-0.860861,0.817063,-1.670454,0.328372,-0.158602,-0.234686
0.873113,-1.097814,0.208376,0.909948,0.968595, N/A ,0.721815,-2.100166,-0.821276,0.222949
-0.670335,-0.957876,-1.935759,0.425139,-0.684435,-1.325174,-0.667617,-0.934677,-0.315775,-0.766876
-3.017033,-2.083777,-1.177295,2.159307,-0.680789,1.792328,0.16957,0.635643,-0.727053,-0.811568
1.04143,-0.253544,-0.407964,-0.71428,0.05895,-1.24672,0.076354,-0.219564,,1.16207
1.283847,-0.301519,1.13143,0.052722,0.581993,0.018652,0.979383,1.26058,-0.141766,-0.284493
-0.611894,0.06263,-0.656488,-0.824372,-2.146721,1.053029,1.289019,-0.282578,-0.701061,0.45623
0.58103,-0.71505,1.34648,-0.487345,-0.043998,1.143347,-1.144734,-1.629558,1.685626,1.46278
0.797444,0.589004,-1.111249,2.193514,-0.260566,0.046867,,0.566166,0.063289,-1.338837
0.663081,-1.786768,-0.328566,-0.403349,0.49516,0.125805,-1.280262,0.665833,1.402796,0.056296
-0.285988,-0.236555,,0.513043,0.535657,-0.398999,-0.98657,-1.017118,0.194035,1.003972
-0.182684,-0.943578,1.798116,-0.306105,-0.899691,-0.758573,1.255289,0.109613,0.675209,
-0.832435,,0.25908,-0.131388,0.30997,-0.273535,-0.381604,0.64944,2.482049,0.48052
0.333409,-0.172036,-1.832741,-1.587593,-0.319919,-0.736874,0.802591,1.200324,-1.042595,0.390159
0.263045,0.841063,,-0.578715,,0.244697,0.877714,0.02574,2.026691,
0.345461,0.095856,0.443044,-0.916887,1.419458,-0.11468,1.046847,-0.270744,0.234497,0.244626
-0.03405,-0.510734,1.712485,-1.579632,0.80164,1.423524,0.797269,1.776475,-0.561286,0.504514
1.156779,0.416093,0.637102,-0.708707,,1.35522,-0.263537,-0.806273,0.583974,1.877101
0.502168,0.422403,1.624445,-0.074394,1.550307,1.077703,0.762883,-0.460188,0.895154,0.459575
-0.779836,-0.610508,1.681382,0.673632,-0.983519,-0.322894,,-2.338261,-2.368639,-0.429309
-1.339253,0.876322,-1.176486,-0.668627,-0.646365, N/A ,-0.473342,1.710927,-0.33292,-1.899956
1.074664,-1.158133,-0.765606,-0.321568,0.884843,1.847423,0.126385,-1.219518,1.349343,0.0728
-1.932914,-1.736032,-0.52154,1.102888,1.477883,-0.335993,0.425913,-0.727956,1.019629,0.184964
1.166531,-0.316893,-0.072225,0.216441,-1.044065,0.238641,2.189779,1.874961,0.017108,-1.330194
-0.802782,-0.171529,-0.478874,-0.579153,-1.207503,-2.028072,-1.253667,0.261589,0.432915,0.332227
0.590821,-0.77887,-0.190713,-1.400363,0.987727,-0.806012,1.317614,0.264079,0.128512,0.008277
2.343795,,1.471635,1.695209,-0.930501,0.528847,0.206544,-0.198238,-0.552806,-0.685243
0.856173,,-0.270915,-0.180093,0.650146,0.765653,-1.361472,,0.345885,-1.398061
-0.252726,-0.352205,-0.336068,-0.798452,-0.7683,-0.191367,-0.319126,-0.380631,-0.067588,-0.411489
0.72009,-0.004873,-1.400363,-0.672613,0.917469,-0.949909,-0.17772,-1.043922,,-0.818154
0.713313,-0.858354,-0.966287,0.331056,-0.357406,-0.089649,-0.32039,-1.62551,-0.45135,-0.715411
-1.039928,-0.246479,,-0.059293,-0.798758,0.244574,0.66433,0.559236,0.822251,1.283611
-0.647799,0.135865,0.725973,-0.145168,-1.058366,0.437005,0.012539,-1.225874,-0.916333,0.362692
-1.008285,1.684438,-0.989202,-0.851148,1.620556,-0.348726,,,0.591674,0.445233
0.429251,1.819356,,-0.17045,-0.397567,-0.87542,,,-1.119176,0.507396
0.130503,-2.026341,0.193296,-0.521286,-2.177963,0.235237,,1.433325,-0.424514,-1.611576
0.745886,-1.795571,-1.117815,-1.54328,-1.678117,-1.993291,0.251181,1.746634,-0.576773,1.345012
2.190949,,-0.134398,1.062874,1.015934,1.732577,-1.196822,-1.438687,-0.270668,0.237328
0.392752,-0.493367,0.704347,-1.301077,0.251415, N/A ,-0.159655,0.644773,-1.17592,-1.25478
1.754887,0.660775,0.582698,-1.278728,-0.782736,-1.508654,-1.570041,-1.325616,-0.526939,
-0.326324,-0.459063,-1.001105,-0.913759,-1.154473,0.625163,-0.532882,0.079505,-0.098104,1.587013
0.529875,1.751446,-0.680432,,-1.207629,-0.57594,-1.018698,-0.5078,0.4633,
0.00791,-0.662102,0.922423,0.153846,0.997071,0.751607,1.54907,-0.987303,0.665537,-1.083792
0.968608,1.355471,-3.400398,0.340832,-0.771148,-0.653744,2.645306,-1.714422,-2.304084,0.945699
-0.986278,-1.318881,-0.133454,0.82479,-0.609378,1.214527,0.633972,-0.551534,1.134567,1.019201
-0.375953,0.587975,-0.063156,,-0.895404,0.299179,0.691024,0.225396,-0.405437,0.178103
0.402371,2.461611,-0.278373,-0.617775,-0.060614,-0.242343,1.681371,-0.0346,0.728137,0.997917
-0.445093,,0.304848,-0.840857,-0.475677,-0.186366,-3.341851,-0.116521,-0.764471,-1.645341
0.419438,0.772155,-0.411816,0.695912,2.113098,-0.610979,1.100725,0.167851,-0.078878,0.920456
1.016632,0.684931,1.669249,-1.138183,0.463389,0.749933,0.650572,1.542157,-0.098472,0.042306
-0.966548,-0.058196,,-0.04421,0.213539,-0.098883,0.098364,-1.96478,-0.19484,-0.782834
,1.103519,-2.579164,0.450653,0.254581,1.13918,-0.150748,-2.277059,1.527325,
0.165825,-1.838796,,0.194309,-0.391805,-1.238265,0.492361,-1.14659,,0.218965
-0.681043,-0.463585,2.055521,-0.80823,1.7245,-0.135131,0.214227,-0.533239,0.059902,1.325641
0.506898,-1.437765,-1.082486,-1.365059,,0.734266,0.461794,0.331019,-1.562511,1.327476
0.46681,-0.162468,-2.147174,,-0.048219, N/A ,0.390669,0.109123,1.097805,-0.781793
0.47228,0.1561,,0.804656,0.659148,-1.395152,-1.034343,-0.849754,-1.740886,-0.140277
2.15572,-1.637225,,1.251445,0.830746,1.2093,0.571002,-0.263765,2.839072,-0.749568
1.360516,1.350826,-0.491743,-0.274809,-2.158896,0.334014,,-0.156147,0.693599,-0.879849
0.029913,-0.610886,-1.005108,0.260259,1.170424,-2.078323,-0.923026,0.820427,-0.106201,0.479035
0.602895,1.467121,0.694689,0.73853,-0.848065,-1.21985,0.120538,1.351147,-0.852144,-2.113666
-0.295909,-0.315373,-0.93085,-0.512038,-0.651758,-0.106289,0.81362,-0.200961,-2.281581,-0.672489
-0.085671,0.082298,0.288333,-0.429411,1.445639,2.019525,,,0.892718,-0.048741
-0.474537,-0.599563,-0.541985,1.687307,0.349496,1.110062,-0.376332,0.193839,0.317142,0.681655
0.296804,0.021595,0.925419,1.499508,-0.916317,-0.02184,-0.502638,0.041628,-2.088096,0.801465
1.443978,0.285693,-0.024791,0.486195,1.915896,0.596695,-1.224292,-0.22796,-0.947236,-1.04434
-2.095119,-1.377992,1.438354,0.488988,,-1.333754,,1.62287,0.607412,0.264638
0.379252,-0.545555,0.753677,,0.92834,-1.156931,0.823923,0.421426,-1.107777,-0.135846
0.846102,1.388753,0.997308,-1.682929,0.337801,0.446607,0.047766,-0.312616,0.772629,-0.597879
-0.066108,-2.091145,2.260049,-0.278565,1.602953,-0.569424,-0.339007,2.036759,0.392412,1.095132
0.095464,-2.518779,-1.210657,-0.049494,-0.852752, N/A ,0.856373,0.150667,-0.646377,-0.161736
0.156152,-0.596201,0.964461,-1.269676,-1.046293, N/A ,0.795854,-0.259126,-1.483578,0.468077
1.130773,1.241307,0.681955,-0.241822,,1.119195,2.095249,-0.553703,0.707059,0.285755
1.789421,1.003231,0.480644,-1.889819,-1.741937,0.882649,0.130666,-2.220382,-0.526931,-0.394424
-0.231863,-0.28872,-0.630782,-1.035721,1.689037,-0.455567,1.256352,-0.096391,0.137189,0.410249
-0.052781,-0.046317,-0.542541,1.642403,,0.721168,0.255029,1.428752,0.102347,0.754275
0.883796,1.134708,-0.484123,1.021735,0.593888,-0.057816,-1.13125,0.790348,-0.137374,0.42123
1.368975,0.908144,-0.732848,-0.019129,1.146645,-0.778117,-0.668369,0.663598,1.707527,0.082602
0.568781,0.59383,-0.273557,-1.295444,-0.224893,1.562706,-0.568739,-1.750385,0.091009,0.815753
0.475883,0.369841,,-0.873533,-0.644135, N/A ,0.341249,-1.552686,2.236739,0.37705
-1.54175,0.891478,-0.226137,-0.388044,0.633418,-0.512026,-0.418555,-0.114355,-1.382028,-0.984146
-0.799969,-0.611089,0.687471,0.813088,-0.175142,1.135945,0.435394,0.762714,-0.597641,-1.047878
-0.503345,-1.225197,-0.388364,0.536866,,0.027102,0.819471,-2.025079,1.438549,0.401838
-0.08331,-1.920706,,0.664146,0.539783,1.307816,-1.356231,-0.304547,0.394487,0.648816
-0.988475,1.553613,-0.252951,0.562045,-1.032558,1.454655,0.136349,,0.88584,-1.261115
0.621701,0.468624,,-1.455688,0.404434,0.734637,2.265414,0.39777,2.561184,-0.540927
-1.054917,1.000512,1.788601,0.744074,0.316388,0.644818,0.242707,-1.591322,0.548205,-0.021566
0.169703,-1.137331,0.529167,0.065592,-1.260392,1.099289,-0.053414,0.294549,0.682715,0.362883
1.202314,0.119409,0.413876,-0.490811,-1.774186,1.109915,0.147454,-0.949521,-2.014257,-1.104879
0.086453,0.003366,-0.244188,-1.586427,-0.420426,0.117414,1.50167,2.301071,-0.707566,0.147946
1.835295,1.479782,0.067666,-0.955544,1.869608,0.394138,0.071305,2.220542,-0.642559,0.133187
-0.552075,-1.422996,0.040196,0.039397,-0.313127,-0.559363,-0.079481,1.468008,-0.536415,1.552025
-0.068322,1.97586,-0.140168,-0.253881,-0.527797,0.982824,1.179918,0.73666,-0.021515,
1.089238,-1.018331,-0.741085,-0.489807,,0.887572,0.541081,0.474207,1.000321,0.061434
0.267493,0.543861,-0.356383,-1.306195,-1.93422,1.263687,0.636428,1.22772,-0.29592,0.337198
-0.648038,2.427494,-0.886839,0.760485,2.59541,-0.003725,,-0.834808,1.340887,0.01063
0.350065,-0.582718,,,-0.345256,0.225251,-1.344274,-0.089904,1.452281,-0.080084
-1.142123,-1.10588,-0.410619,0.248258,-1.360172,-0.782774,0.26022,-0.676844,0.898797,-0.075973
-0.409178,0.364885,0.483182,-0.60226,,-0.668694,0.769215,-0.941889,-0.924213,-0.642705
-0.060499,,-0.85132,-0.595772,0.781222,0.886213,0.084352,1.526447,,-1.165999
-0.503134,-0.043198,-0.656459,-0.892959,1.11025,0.158997,-0.051811,-0.444017,0.573532,0.60474
-0.658875,,-1.749644,2.00333,-1.331721,-0.278269,-1.042546,0.462204,-1.023564,-1.111284
-0.296212,1.145719,0.674754,0.821106,0.009511,0.412355,2.391771,-1.139942,,0.068973
0.915312,-0.114956,0.320969,0.173711,0.587651,-0.560987,1.045814,0.294987,-0.205469,0.012399
-0.176769,-0.780743,-0.873943,-0.424577,2.225328,-0.916907,,-1.79631,,-1.511383
,,-0.45306,1.054472,0.078741,0.167063,0.529993,2.449379,,0.623293
1.498176,-0.301807,0.732351,-0.814592,-0.032841,0.80955,0.413072,2.495175,-0.39674,0.561656
1.297214,0.331106,-0.040953,-0.871193,0.205382,0.963917,-0.257705,-0.12659,0.80729,0.361898
2.509402,-0.978687,0.566155,2.464745,1.450542,-1.405885,-0.775389,0.679177,0.555363,-0.15171
1.019063,-0.389059,-0.450838,-0.515416,-0.634643,0.88699,-0.923717,-2.143906,-0.742442,-0.368742
1.4207,0.959035,-0.368882,-1.133543,0.889539,-0.455223,-1.475044,1.283005,-0.060617,0.328554
0.11486,-0.021638,-0.425829,-1.25218,-1.038162,1.074555,0.796576,-0.444418,-0.146717,-0.614211
-0.051954,-0.337051,-0.257884,-0.168144,1.816861,-1.609718,0.132926,0.293305,-0.788245,0.935237
-0.755073,1.072118,0.434329,,0.631426,2.376768,0.89935,1.355516,-1.338729,-0.476265
1.719722,0.315814,-0.018543,1.28743,1.790349,0.031771,1.149542,1.159046,0.325443,0.375442
1.359154,-0.738923,0.941817,-0.118278,0.562347,-1.256206,-1.180026,-1.811452,1.229391,-1.511723
-0.738353,1.664356,0.767918,0.009719,-0.813246,-0.945167,-1.260635,-0.21927,-0.193179,-0.783647
-1.21468,-0.735273,-0.101925,1.457379,-0.048262,-1.644,-0.71382,1.274473,-1.816803,-0.304058
0.010763,-1.003203,1.27261,-1.974724,-1.084697,-0.532989,-1.151585,-0.214331,-0.418705,-1.648568
2.136005,-1.225339,-1.192487,0.844922,-0.724735,-0.461826,-1.149536,0.710796,-1.784568,1.130453
0.757559,-1.063221,-0.89453,-0.569407,-0.639635,0.714679,-0.600234,-0.400397,-0.570337,0.272538
-0.89781,-1.024589,0.018901,0.774398,1.347528,0.815079,-0.43518,0.643413,-0.247929,-1.808202
-1.09899,-1.056041,1.427758,1.045709,0.865373,-0.375072,-1.121262,0.945597,-2.037933,1.264551
0.234366,-0.218581,1.597708,0.712225,0.807694,-0.912884,0.822326,-1.221798,1.873558,
,1.22113,-0.293344,1.107776,-0.629064,0.17305,-1.331277,-0.501637,1.390563,-0.913259
-0.699857,,0.331544,-0.042514,0.48038,-0.073457,0.439671,-0.128752,-1.221329,-0.782806
1.748487,0.263276,0.090843,-0.255685,-0.912653,0.511913,0.560249,-0.457496,,-1.260023
0.894218,-0.998381,-0.603752,2.656468,-0.666826,1.98034,1.303296,0.638001,1.155518,-1.002297
2.054859,-0.637666,-0.509515,1.990731,-2.824878,1.000286,1.234917,0.359103,-1.658718,-0.830251
1.935726,-0.436519,,0.177947,1.277586,-0.659747,0.1286,-0.778457,,-1.296965
-0.900352,-0.02031,-0.595218,-2.135141,-0.136173,-0.230745,-0.203937,0.88384,,1.407054
0.776076,0.979606,-0.321213,-0.554122,-2.441784,-1.452449,0.584656,-0.664983,-0.360698,-0.086411
-0.239956,0.100489,,0.405409,1.374301,0.321081,-0.010713,0.767525,-0.214878,0.672722
0.16049,1.798839,-0.44458,-0.138736,0.402309,0.396734,0.807227,0.067992,-0.403023,1.37208
0.236265,-2.144355,-0.544416,-1.414147,-1.16085,1.038282,0.288061,-1.252465,0.144275,0.812049
-0.535812,-0.844656,-0.945126,0.79583,-0.256495,-2.586362,-0.295163,,-0.804907,-0.166092
-1.529025,-0.46547,-1.096734,1.2322,,-0.411648,-0.230357,2.086942,2.834309,-0.000526
-0.798469,,-1.188363,0.389527,0.282416,-0.041432,1.139114,2.085255,0.343199,1.535425
1.6898,-1.454653,1.604383,,0.205709,-0.835046,-1.670429,0.313463,0.649647,1.437625
0.956174,-1.882119,-2.022877,0.832065,-1.550522,-0.472471,0.297034,0.273272,0.903204,0.307355
,-0.799196,-1.064661,-0.273849,-1.216835,0.375932,-0.989367,0.77881,-1.131949,1.164019
-1.004138,-0.929615,1.503761,-1.866227,,-1.472021,3.26084,-0.043506,-0.26217,0.576617
1.570465,0.576003,2.021515,-1.745591,-0.370845,1.170139,-0.46223,-0.95257,0.043077,
1.513356,-0.099845,0.024691,-0.436377,0.421497,-0.409125,-1.596961,0.519798,-0.556062,-0.104957
0.18882,1.225422,-0.199459,-0.219669,-0.593232,-0.759121,0.452929,0.433007,-1.115102,0.199997
0.38745,-1.006536,1.484243,0.288922,-0.105761,-1.383921,-0.745993,1.467777,-0.485922,2.046975
-0.281819,0.333179,0.482634,-0.698013,1.151451,-0.417443,-0.985266,0.025878,0.4313,-0.985138
-0.470773,-1.022961,0.069676,1.231382,-0.098127,0.034021,-0.592856,-0.446362,-0.384577,-0.226227
-0.631308,0.187874,0.419937,-0.144312,0.674327,-0.573129,0.184511,-0.147325,1.355016,0.556891
-1.545502,1.317331,-0.288498,1.126333,-0.258031,0.227574,-0.531324,-1.246846,0.987286,1.179055
-1.465241,1.942515,0.426791,-0.510733,-0.273964,1.185028,-0.110983,-0.020927,,-0.605156
0.703601,1.408622,0.133797,0.250483,0.388394,1.197023,0.424926,-0.176281,0.900283,0.55652
0.552865,0.523407,1.682624,0.808769,0.801996,-2.008938,-0.104061,0.892405,-1.569713,-0.877851
-1.488329,-0.435844,0.944588,1.26017,-0.118842,0.268623,0.577703,0.346835,0.633359,-1.387366
-0.508435,0.441387,,0.708167,,0.976837,0.287793,-2.583307,-1.079679,-1.32008
-1.823406,-0.496863,-1.289247,-1.453226,-0.696579,-0.442911,1.058525,-0.807249,-1.012267,0.455384
1.630404,-0.735198,-0.715339,,-0.277633,-1.239832,-0.066015,0.130958,,0.002873
0.046708,-0.623349,0.938296,0.218671,1.107409,0.595116,-1.523212,0.575838,-0.928469,-0.033554
0.887717,0.142297,-2.714632,0.632947,0.257346, N/A ,1.555796,-1.146302,0.875852,-0.577836
,-1.053729,0.23225,0.180707,1.18644,0.096948,0.257652,0.703502,0.466017,-0.860549
-0.396181,-0.374537,-0.131193,-0.420396,-0.131453,0.16491,2.130916,-0.695075,0.887566,0.031749
1.095015,-0.964571,-1.399237,0.392916,-0.560141,2.959252,1.311679,-0.504689,-1.067866,1.620613
0.630079,-1.544688,-0.615945,-0.064839,0.671284,-1.422305,0.282047,-0.122454,0.11006,-0.361997
0.825619,0.079491,-0.353657,-0.527211,-0.898406,-0.301769,-1.052492,0.857568,,1.733044
-0.328606,-0.826026,0.635296,0.26061,0.225539,0.04241,-1.441991,-1.247973,0.953336,-2.201977
0.153446,0.05647,-0.382795,-0.258389,-0.455928,1.020117,0.467904,0.067927,0.372501,-1.571975
1.527871,-0.303221,-1.737272,1.02321,0.353262,0.002537,-0.440031,1.82589,-0.483597,-0.214882
-1.35975,,0.379597,0.238347,0.20076, N/A ,1.42191,0.915134,0.408164,-0.060206
-0.301723,,-0.060974,1.322866,0.003087,-0.671308,0.917489,0.350226,1.171023,1.375841
0.430689,0.412085,-0.342158,-0.49057,0.587684,-0.145313,-0.409772,0.463073,0.311663,1.407407
-0.504344,-0.074918,0.18445,0.363777,-0.698388,-0.520736,,0.124367,,0.874804
-1.142769,0.444381,-0.061554,1.240827,-0.365205,-0.033856,-0.08109,-0.475764,0.00337,-1.140163
-0.087303,0.497965,0.087857,-0.988467,-0.450612,-0.854826,-0.753619,1.593058,,-0.106243
-0.875241,0.516446,-1.215474,2.012928,0.462363,0.4521,1.139155,0.077327,0.060804,0.162446
-0.552631,0.746126,0.689531,-0.172557,1.031177, N/A ,0.242218,-2.145626,-0.666558,-0.755842
0.346329,-0.416485,-0.197526,-0.453756,-0.717009,2.004994,0.202106,-0.095359,-1.098506,-0.028789
-1.425053,2.004599,1.131927,0.432276,1.269994,-1.673857,1.87486,-0.680461,-0.442422,-0.312438
-0.845492,0.159088,-0.226509,0.594532,0.004881,-0.545767,-2.633768,1.446278,0.112661,-1.968981
0.399249,2.018417,1.617846,0.695036,1.07006,1.218199,-1.020553,-0.308879,,1.03893
-0.706358,1.440432,0.283517,-1.692473,-2.127783,-2.218303,-1.217336,1.699583,-1.153504,-0.347524
0.518076,1.156449,1.02596,0.104117,1.687142,-0.441651,0.374178,-1.342664,-1.285261,
0.344244,-0.401131,0.117799,-0.39984,0.269145,-2.278861,1.903943,1.794683,1.73748,-0.108791
-0.828608,1.088872,0.205258,-0.487045,0.821825,0.508655,-1.830421,-0.438802,,-0.364387
0.353583,-1.00174,0.531679,,-0.19069,1.666858,0.548515,1.336051,0.349963,1.471787
-0.846677,-0.651614,2.183116,-1.807375,-0.407487,0.643831,0.515881,,1.73369,0.263186
0.289189,-0.783506,2.045363,0.662797,0.452035,0.409519,-0.086836,-0.12808,-0.21448,
-0.112521,-0.352373,0.853014,-1.576907,-1.783334,1.67157,-1.330153,1.549563,-0.794822,-0.25561
-0.94998,0.621238,-1.763875,0.3396,-1.422548,0.663999,-0.476891,-0.358692,-2.258541,-0.100163
0.23576,-1.092731,-0.672151,-0.026465,,1.011302,0.756174,0.114309,0.351778,-0.344699
-0.026655,-1.387534,2.19364,-0.579247,1.346931,0.452012,0.700393,1.222509,0.475145,0.459084
-0.135896,-0.518472,-1.185805,-0.562549,1.564503,0.472998,-1.669678,0.38101,,-0.333594
0.452494,-0.386904,-1.709421,0.027137,0.281689,1.354759,-0.479534,1.212552,1.204024,1.278309
1.268183,0.706152,0.739739,0.280024,0.780378,-1.848764,0.077411,-1.39721,0.391124,0.333998
-0.172095,,0.452315,-0.672358,-1.261775,0.873249,1.073118,-0.030369,1.285429,1.271117
-0.66619,0.140808,1.283649,-0.082077,-1.137142,0.698225,-0.721997,1.018512,-0.841047,0.021617
0.98123,-0.631766,-0.741484,-1.989987,1.002802,-0.713513,-0.148058,0.544767,0.683463,-0.402798
0.31343,0.145847,-0.599435,-0.398501,-1.51844,-0.304467,-0.545487,-2.844196,0.412427,0.074699
0.246153,-0.36073,-0.289531,-2.572867,,-0.759934,-0.909219,-0.081765,0.6769,1.598842
-0.123451,-0.316673,-0.336946,-1.042483,-0.320086, N/A ,-0.783481,-1.786292,-0.772715,-1.346641
-0.169499,-0.199181,-0.760152,-0.725144,0.404205,-0.043919,1.05054,0.314284,,-0.390535
-0.80323,0.312035,0.97543,-0.789365,0.087156,0.856945,,0.764057,1.9913,-0.458796
0.900985,1.769706,-0.124128,-0.605097,-0.668033,0.424292,-1.128298,0.432084,-1.356125,0.559302
0.684095,-0.480614,-0.64996,-0.445439,-1.257982,-0.72254,-1.600491,-0.458951,-0.364539,2.353586
0.629235,0.870639,-0.029693,0.463509,,-1.779482,-0.026676,-0.23936,-0.166908,-0.720262
0.11091,-0.083758,-0.80416,-2.152157,1.211852,-0.481963,-0.194757,-0.882795,-0.583278,-1.045527
0.442985,-0.869078,1.28639,-0.087317,1.507779,1.437806,-1.181021,-0.874851,0.363144,-0.415948
0.692017,-0.832859,1.106649,0.788633,0.38115,0.094396,1.1428,1.049667,-0.356254,0.014007
-0.095254,-0.577058,0.063322,-1.232573,-0.217673,-0.760345,1.292769,0.655254,0.39359,-0.460107
2.041277,-1.260824,-0.092789,-0.40403,1.123536,0.92681,0.298266,-0.401536,-1.221161,-0.246904
-0.11187,1.040128,-0.170157,0.572324,-1.10205,-0.352325,0.15453,1.40477,0.777079,0.142553
0.2289,-0.913589,-0.390627,-0.006563,-0.56798,-1.418302,-0.506369,0.11963,,-2.268284
-0.519096,1.105087,-0.051622,0.137768,-1.505501,0.215742,-0.594975,-0.717265,-0.219136,1.282248
0.009392,1.02227,-0.548472,-0.239779,,-0.813083,,0.249503,-0.231135,1.404836
-0.200291,-0.243841,-0.578418,-1.142303,-0.200793,-0.588566,,0.157185,-0.36248,0.942146
0.004199,0.358183,-1.341783,0.254378,1.351293,1.912979,0.882283,0.056899,-0.027407,0.003172
-0.459076,0.426372,-0.056284,1.631048,0.313198,-0.096928,1.229322,0.261499,-1.891223,-0.562805
0.748346,0.217727,0.132311,-0.119371,0.693062,0.57025,-0.52793,-1.921087,0.417376,-1.647422
0.313212,0.44384,1.036195,-0.832124,0.048859,0.247518,1.436417,0.707687,1.279385,-1.787459
-1.331421,1.988899,-0.100171,-1.176542,-1.335507,-1.423301,1.14868,0.878758,-1.331768,-0.122226
0.324521,1.701135,-1.329953,0.462745,0.340652,0.045184,-0.839882,0.45681,0.485112,0.25348
0.343181,0.560741,1.21007,-0.46678,-0.356541,0.037155,-0.135582,0.469006,-1.698163,-0.061453
0.807619,1.109016,0.725192,-0.365554,0.185283,-1.004678,0.955369,1.187055,-0.379901,-2.317284
0.423595,-1.592456,-0.562632,0.664601,0.239509, N/A ,0.368769,-0.751124,2.037644,-1.044217
1.024364,0.380524,1.475839,2.12383,0.368275, N/A ,0.43451,0.323815,1.317798,0.753769
1.289606,0.291024,-0.73531,-1.523588,-0.590756,-1.693034,-0.043743,-0.659012,0.419489,-1.418697
1.598603,-1.04756,0.378318,0.268441,-1.708825,1.178047,-0.013724,0.603389,0.569744,1.216832
0.792877,,,1.752564,0.999413,-1.142539,0.730035,1.714572,1.906194,0.043878
-1.721401,-0.174121,1.681269,0.050582,-0.482254,-0.541877,0.26213,0.04628,1.392857,0.917376
2.010342,0.408643,1.189484,1.021862,1.325724,1.049014,0.329933,-0.844397,0.242466,1.764209
-0.924907,-2.005859,-1.452373,0.521336,-0.012164,0.552057,-0.697255,-0.827523,0.065713,-0.578566
1.139001,1.993738,-0.279113,0.865949,-1.765848,-1.261183,0.930795,0.952047,1.058174,-0.353268
-0.405802,-2.446402,,0.509182,-0.121821,-2.111993,-0.749037,2.020588,-2.203782,-1.410718
0.704736,-0.167369,-0.20509,-0.114735,1.171996, N/A ,-0.428692,0.610138,0.802129,-1.298431
-0.353897,0.091794,-1.083751,0.811863,0.138261,1.118334,-0.999042,1.334256,0.601394,-0.05182
-0.246839,-1.296948,0.169871,-0.105194,1.451554,-1.635615,0.259536,0.16092,,-0.232324
0.244275,0.906734,0.014664,-2.506269,-0.901383,1.75481,0.602446,2.072117,0.436937,2.139731
-0.333253,,1.034985,0.148831,-1.30004,0.305089,0.679133,0.262369,-0.322197,-1.904654
-1.072308,-0.735824,-0.447608,-0.805854,0.12716,0.166316,1.348747,-0.547081,0.689425,0.775523
-0.836907,-1.833333,0.413428,-0.633877,0.688066,-0.365958,-0.273249,-0.688151,1.564087,1.337674
0.506121,2.053348,-0.549285,-1.584025,1.575716,0.486759,-0.256746,1.066026,-0.977099,-0.268103
0.351318,0.054185,-1.507473,1.434911,-0.973213,-0.872326,0.170668,-0.063192,0.222827,0.715284
0.520657,0.632296,-0.367415,-0.564167,-0.060616, N/A ,-2.397636,0.446248,1.051777,0.021823
0.590041,-1.035915,-1.267239,-0.220656,-0.075266,-0.509173,-0.966345,1.092565,-0.0676,-0.2329
0.588965,,-0.203872,1.143791,0.600384, N/A ,2.350051,0.060837,0.183631,1.110957
0.547584,1.025988,1.339936,0.717841,,-0.890397,-0.962884,-0.412801,0.326843,0.078153
-1.694622,0.036194,0.415653,1.825775,-0.04009,0.2959,0.307064,-0.281892,-0.178584,1.13306
-0.19448,-0.326441,0.001576,0.624566,-1.685138,-1.231938,-0.182202,,0.217022,0.602979
-0.083386,0.837011,-0.192567,0.208068,-1.075153, N/A ,-0.608224,0.783793,1.645316,-0.602151
-0.642271,,-1.330734,1.999023,0.187531, N/A ,1.272829,-1.902677,-1.053747,0.467349
-0.162582,2.342519,1.116063,0.52392,-0.686705,-2.053128,0.128115,-1.500586,-0.89692,0.610198
1.383535,0.289739,2.495518,-1.975088,0.45792,-0.324391,-0.720847,-2.35408,-0.836089,1.456694
0.256042,0.752193,0.085278,-0.295991,-0.851697,0.149309,-0.586176,-0.866106,0.373059,0.459469
0.254639,-0.093357,,1.142087,,1.09977,0.741779,0.186828,0.929558,-0.910417
-0.376605,,,,-0.165651,0.06949,1.661277,-1.222282,,-0.702872
-0.659851,1.567896,-0.121158,0.395963,0.499992,-0.440479,0.50849,1.427376,,-0.853429
-1.677116,-0.557466,-0.915508,1.439066,-0.473771,-0.918892,0.839884,0.336532,-1.102619,0.093486
-2.114196,-0.03685,-1.534487,0.603949,0.003099,1.101409,-0.197759,1.640407,2.207007,0.798398
0.497421,0.723384,0.131821,-0.863867,1.101742,-1.267781,-0.259939,0.929355,0.645466,-0.503509
-0.174498,0.567609,-0.960862,-1.170272,-0.609722,0.806462,-0.089654,-1.210645,-0.77972,0.84404
1.434917,,1.464644,0.797086,-2.106744,-1.007197,-0.932078,-0.336301,-0.300801,-1.935038
0.91813,-1.48589,,-0.156431,-1.415608,-0.282729,-0.824308,-1.204378,2.449524,0.091206
0.77651,,-0.289734,-0.252505,1.374147,-0.537782,0.519283,-0.033819,,-1.435244
-0.768425,-1.822639,0.656458,-0.601622,1.704204,0.699088,0.385697,0.575956,-0.425925,-1.088666
0.495466,-0.296358,-0.553896,-0.743766,1.085259,-0.218884,-0.119046,-1.840544,0.531804,-0.25176
-0.989299,-2.609452,-0.5534,-0.267954,-1.092271, N/A ,0.081749,0.178697,0.948642,0.759468
-1.291794,-0.52376,0.364228,-0.989938,1.05823,-2.915345,-0.848737,-1.859216,0.73419,
-0.554611,-1.084425,1.111931,0.109898,-0.601888,0.447853,-2.246503,-0.104243,-1.170953,1.314792
-0.207876,-0.095426,1.240799,-0.657415,0.061675,0.403766,0.010103,-1.114999,0.559101,0.751559
0.404149,1.0334,2.062557,0.887208,-0.306334,-0.531833,2.384076,0.091041,0.83864,1.163633
0.212311,0.284036,,,-0.516895,-1.095208,0.82595,0.110698,-0.196565,-1.873027
1.030979,1.562343,-1.182542,-0.587897,-0.781846,0.397262,2.089115,0.144064,0.299973,-0.579747
1.550252,2.513135,1.355494,-0.475938,-0.907829,-0.042037,0.419437,-0.444431,0.302183,-0.398562
-0.804865,-0.435896,-0.877169,-0.386319,-0.236485,2.471106,1.67745,-2.171609,-0.461212,-0.136035
0.830102,0.218889,-0.071289,-0.992391,-0.363106,-1.941351,0.992203,-0.89725,0.932761,0.444705
,-0.243818,1.044094,-0.239912,0.596054,0.228872,-0.212023,1.885705,-1.050641,0.846107
1.328591,1.600401,-1.705218,0.457541,0.208185,-0.657686,-0.952763,-0.345196,1.032843,0.115988
0.214392,-0.264505,-0.901029,,2.559921,-0.560641,0.240373,-0.455102,-0.759804,2.815911
0.822534,-1.172643,-1.014821,0.21205,0.394208,-0.324662,-0.810949,-0.857358,-0.6132,-0.730683
-0.544023,0.814171,1.473886,1.441625,1.176751,-0.737208,-1.184704,0.219911,0.041588,0.508422
-2.017821,-1.151718,-0.206118,0.854565,1.209956,0.429177,1.19274,-0.228434,2.151876,0.406266
0.667708,0.319981,,-1.879014,0.270494,0.265624,0.512294,-0.872136,1.595755,3.191062
-1.061694,-0.101647,-0.810892,0.432364,1.353505,0.572195,0.750532,0.835601,-1.191518,0.862783
0.404136,-0.961423,0.934841,0.608064,-0.668279,0.707508,0.053501,0.740918,0.066845,-0.180975
-0.040776,0.978994,1.212042,0.969454,0.601608,0.232625,0.004379,1.657927,0.788976,0.132864
0.003322,-0.562479,-1.070586,0.272927,0.373159,-0.755598,0.509416,1.032213,-0.112442,-0.370634
-0.531043,0.734876,0.600984,0.057102,-0.8859,0.907245,-0.945012,-0.162646,-0.079278,0.092946
0.752524,-0.532795,0.93278,0.222175,0.843185,0.396521,-1.361466,-1.024197,1.225878,-0.929635
-0.182706,2.637379,-0.828889,-0.248586,1.465413,-0.911009,-1.655312,-0.572638,-1.53971,-1.379133
1.285794,0.772043,1.68831,-1.084786,-1.493911, N/A ,1.173574,,-0.402656,-1.727434
0.521338,0.624981,-0.840848,0.575973,0.311753,1.394501,0.245759,-1.321712,-0.135617,0.507587
-0.545519,0.525018,-0.924032,1.675009,-0.202656, N/A ,0.232067,0.489155,0.650291,0.030697
0.904591,-0.268667,0.05946,2.177256,-1.045173,1.220477,-0.437171,,,-0.231139
-0.500433,1.007831,-1.160644,-0.266307,,0.063893,0.0764,0.082935,0.661537,-0.371697
0.753253,0.977468,0.40289,-1.044495,0.484495,1.430537,-0.115283,0.110642,-0.913576,0.350538
-1.866222,,2.294076,0.624233,,0.065819,1.878343,-0.358347,1.012169,0.70536
0.411373,0.124083,-0.905084,0.707908,,-1.664687,1.276791,0.300107,2.062958,-0.942232
0.565565,2.152581,,-0.273706,0.417823,-0.827846,-0.536853,-0.483484,-0.863139,1.641281
0.121246,0.889597,-1.447298,-0.466571,0.288425,0.048102,0.480912,-0.311646,,1.930086
-0.023502,-0.784421,0.433357,-1.247101,0.274507,-0.6693,-0.072324,-0.38689,0.414777,-0.153389
-0.752901,,1.093067,-0.062356,-0.360335,0.336126,1.218597,0.417855,-0.463136,0.10141
-1.202528,,-0.612112,-0.045319,-0.625217,0.243885,-1.247756,-0.501665,-1.002797,0.921805
-0.255776,0.187847,,-1.540012,,0.884471,-2.621199,0.671648,-1.342412,1.039624
-0.797512,0.162241,0.375772,-0.140946,-0.67802,-1.28031,0.84179,0.756918,0.576601,-0.06077
-0.819345,1.189658,-1.335115,0.381197,,-1.082344,-0.757786,-0.606742,,1.300861
0.387748,-0.237474,0.634293,0.812298,-0.731212,-0.739866,0.880351,-0.004726,0.139317,1.703741
1.546283,-1.952057,0.966105,-1.452315,1.160988,-1.129567,0.836742,-1.255966,-1.14543,0.605469
0.323025,-1.703032,-1.19297,-0.67483,,-1.976648,-0.594654,2.409598,1.070173,-0.151299
-0.901406,2.014396,1.23878,0.481198,1.364372,0.362938,-1.175432,-0.432955,-0.860142,-0.561919
-1.030535,-0.018036,,0.397992,1.182305,-0.337534,0.154781,3.615003,-1.671296,-0.65075
0.039007,0.277535,-0.496194,-0.032385,-1.028824,0.078183,-1.152603,0.461045,-0.296762,-0.538373
-1.156896,-0.291932,0.394495,0.896674,-0.558872,-1.734829,1.131245,0.312328,-0.45603,0.716456
0.088739,0.528908,,0.253352,1.515768,1.264945,1.075557,0.337993,1.356985,-1.028183
1.047661,-0.219429,-0.762809,-0.098095,-0.620612,-0.587638,-1.218854,0.315647,-1.897445,-0.65511
-0.669142,0.550529,1.035885,-1.24758,-0.761251,0.354496,-0.119584,-0.036381,0.182626,-0.883481
0.863163,-0.380989,0.374143,1.827588,-0.854773,-0.996556,-1.205914,-0.943475,,
0.162762,-1.216445,-1.285095,0.667823,-0.385968,-1.807231,-0.838326,0.358606,0.526788,0.292254
-0.880181,0.064686,0.374104,0.568755,,1.664539,-1.149203,0.869702,0.224144,-0.768322
-0.055921,0.895183,0.11329,-0.268902,-0.017441,-0.410079,0.520134,0.605398,1.092564,1.626429
0.148784,0.515665,-1.858656,-0.13175,-0.275712,0.3143,-0.065587,0.777112,-0.197011,0.606096
0.135918,-0.315648,-0.57928,-1.497833,0.696245,-1.130366,-1.54516,0.181348,0.129458,3.37362
-1.451135,-0.147359,-0.425,0.04646,-1.924089,-0.270579,-0.778068,0.398943,0.340466,2.553829
,1.601125,0.569154,-0.159496,,0.88207,0.878929,1.259524,-1.351217,0.243326
-0.736864,,-0.237369,0.674948,1.290929,1.004819,0.570227,2.203718,-0.366857,0.09047
1.808142,0.311492,1.239924,-0.748853,-0.646913,0.380063,,-0.383018,,-0.312301
0.695174,-0.953271,-1.017169,-0.668082,0.503111,-1.371364,0.100131,0.47338,0.155584,-0.148785
-0.781055,1.70219,-0.394218,0.73589,-0.93198,-0.602484,1.232251,-2.282035,-0.6846,1.122292
0.59565,0.985947,-0.946095,-0.543113,-0.338008,0.968242,0.60691,-1.113261,,1.036554
,1.786021,0.837863,-0.301384,1.873263,-0.650754,0.214468,-1.082351,-2.821029,0.54604
0.546647,1.082386,,-1.281516,0.927506,1.18569,0.16344,0.486723,0.837415,0.420393
1.405574,0.249246,-0.564205,0.737771,1.870106,2.45864,-0.364539,0.222448,-0.167908,-1.272038
0.012144,1.569139,-0.076047,0.545494,-1.567475,0.355253,1.627904,1.452047,0.549239,0.42337
0.58084,0.085545,1.359554,0.68088,0.610496,0.676988,0.271702,0.699942,0.050496,-0.282874
-0.611047,0.035294,,0.350813,,1.954857,1.742667,-1.554916,0.876711,-1.500472
0.57679,-0.584018,0.177975,-0.059062,0.81585,-1.477783,-0.170172,-0.0273,0.646569,-0.848949
-1.655124,-1.812076,0.514427,0.701884,0.932851,-1.611425,-1.08172,1.167834,-0.406659,-0.967851
0.053315,1.089099,1.56015,0.428511,-0.972018,0.562689,-0.22404,-1.084502,0.709106,-0.014277
-0.144563,-1.953121,-0.873238,-0.397151,-0.144008,1.021944,0.410098,0.722273,-0.730582,0.054886
0.261622,0.269498,1.521685,1.492076,2.180704,0.134066,-0.937341,0.688759,-0.537218,-0.646258
0.316895,1.891421,-0.762933,-1.657516,-1.568569,-0.343912,0.088099,-0.161041,-1.552868,-0.176221
-0.340768,,-0.143859,0.432031,-0.411524,-0.146807,0.10213,-0.7073,0.414251,-0.300714
-0.915144,-1.475172,1.719971,-0.487683,-0.645437,-0.544605,-0.993532,0.42014,-0.381165,1.527132
-0.434989,-0.199848,-1.311089,1.402181,0.290987,3.314749,0.242109,2.06722,0.235109,
0.631873,-1.670332,-0.212841,-0.751225,-0.03296,0.321381,0.295739,0.202459,1.134981,1.822926
0.238754,0.888639,,0.019805,-0.760765, N/A ,-0.419986,0.85458,0.209867,1.393543
-0.205237,-0.092324,,0.405912,0.705129,0.60823,0.518225,-0.541151,-0.436813,1.659503
0.435328,-0.498215,0.800121,0.26033,-0.100663,-0.889705,-0.11596,-0.056542,-1.312409,0.630173
0.16997,-1.552843,1.447247,-0.439005,,0.263956,-0.153389,1.649917,0.567106,0.004731
1.094413,-0.724368,-1.402274,-1.7954,0.068637,-0.450704,0.75047,-0.845522,-0.580713,0.253715
1.175463,-0.147639,0.778622,-0.099434,2.067627,1.963022,-0.919283,-0.933728,-0.534605,-0.695377
1.559942,0.389778,-0.082401,0.017331,0.911514,0.771008,-0.35405,0.233979,-0.011363,0.133589
-0.14519,-0.834511,0.936424,0.098993,1.202262,1.303456,-1.572632,0.226863,1.5763,0.110261
-1.230187,-1.397141,-0.749173,0.25206,-0.298618,-0.365236,-0.135955,-0.740667,-0.175384,-1.179748
-0.779089,0.533577,-0.731692,1.494708,-1.241271,0.140118,0.153651,-1.863654,-0.043603,0.296742
1.257135,1.849567,0.241602,0.419381,-1.551125,0.088113,0.770204,-0.474434,-0.561235,0.943174
-1.377019,-0.688093,0.756224,1.471236,0.804767,0.495521,0.703881,0.464064,0.47333,-0.832101
0.566914,-0.752191,0.773541,1.353481,,-1.834834,-2.209666,,0.146584,-3.378803
-1.375111,-0.867091,0.621805,2.392667,0.029554,-0.186799,-1.281757,-0.608815,0.807424,-0.261057
0.56943,0.022117,-0.358756,0.320301,1.140784,-0.591143,,1.247426,-1.036327,0.364954
-1.211037,0.515448,0.402621,-0.223737,-0.68729,0.724759,1.637946,-1.192699,,0.977864
0.961019,-0.721063,1.419889,1.38567,-0.416202,1.58772,0.335528,-0.834458,-0.884416,0.676915
0.883664,-0.229094,,-0.426139,-0.520419,0.391522,-1.28823,-0.938291,-0.336965,
2.134957,-1.201328,-1.356378,1.650844,0.931814,-0.357355,0.624608,-0.962304,1.269934,-2.429797
-0.219831,1.5613,0.045376,-0.55723,0.797476,0.639368,-1.050841,-0.240561,-0.176441,-0.06595
-2.003768,1.018348,-0.811022,-0.673348,-1.722827,0.355611,-1.350334,-1.669664,0.615736,-0.640718
1.788666,,0.984673,-0.365371,0.538927, N/A ,,-0.956409,-0.221816,0.4217
-0.707423,1.502578,1.296385,0.914053,-0.812565,0.140758,-0.248633,-0.91856,1.509589,1.738268
-1.472396,,0.164236,-0.501826,0.952019,-0.814818,1.960887,-0.166794,-0.528287,1.865916
-0.224694,-1.518328,,-0.309469,-0.157872,-0.879619,0.99115,1.523765,-1.199588,-0.97628
0.996604,1.66297,2.208923,-0.037508,1.194137,1.731989,-0.011948,0.859662,1.895435,
0.611326,0.997485,-0.5267,-1.996811,,0.098108,0.41988,-2.132396,0.288778,0.226983
-0.188932,1.394636,1.797322,-0.370173,-0.281347,0.826586,1.384331,-1.092369,1.004346,0.332331
0.037231,-0.0757,0.009975,-0.509005,-0.474745,0.683784,-0.691491,0.200956,-0.564598,-1.088009
0.451479,-1.807726,1.14769,-0.050955,-0.439455,-0.079648,-0.092,-0.695928,0.001035,0.215713
1.929315,,0.64532,0.005006,-0.985044,-0.160074,-0.894253,-1.339389,0.083188,0.01903
-0.641188,-1.706409,2.489543,-0.190482,-0.304077,-0.500623,0.3421,-1.211448,0.558135,1.925417
0.743959,,0.033572,,0.675856,1.684053,0.957527,,0.341858,
-0.491064,-0.174332,1.335692,2.195313,-0.41897,-0.713064,0.372947,1.9873,-0.191778,-2.290317
0.431864,1.743121,,0.786386,0.43236,-1.717528,-0.838158,0.038254,-0.202979,
0.048483,1.474627,-0.042991,-2.299667,0.948309,-0.704628,-0.108981,,0.081452,-0.354624
1.898723,0.368365,0.401639,0.203386,0.679164,1.657594,-0.043082,0.289627,-0.861128,-0.981163
0.579273,0.908165,,0.411201,-0.293774,-0.017335,0.550374,0.296,1.482101,-0.251362
-0.301687,0.49927,0.433446,-1.750023,0.472606,-0.482683,-0.434191,1.32065,2.600055,-0.449155
0.421409,-0.077397,-0.288619,0.87654,-0.443757,-2.105206,0.564748,-1.550131,,
-0.493738,0.655229,-0.953866,1.032606,1.031063,1.159147,-0.224467,-0.655012,-1.101863,-1.945278
,0.196956,1.044661,-2.255198,-1.118788,0.725386,2.125325,0.783196,,0.849056
0.102977,0.073266,-0.029299,-0.499526,2.354934,0.722302,0.476734,0.916627,0.352833,0.345662
0.779756,-2.457796,,0.452029,0.335558,-0.865519,-2.144762,-2.256009,-0.372402,0.68496
0.65523,0.429609,1.214482,-0.151384,0.893465,-0.668365,-0.645525,-1.177447,-0.376557,-0.108442
-0.369492,0.041176,-0.675794,2.648071,0.081151,-0.821747,-0.096008,-1.369674,-1.446882,-1.995456
0.434341,,0.085955,,1.363913,0.282422,-1.71644,-1.646048,0.462586,-0.436701
0.440071,0.409867,-1.292211,-1.052299,-0.105252,0.187839,0.986068,0.086335,-0.241443,0.067806
-0.471724,-0.869765,-0.101565,0.601658,-0.353346,0.607455,-0.630014,1.208244,-0.578724,1.376132
0.566232,0.732618,0.065429,0.452579,-0.626337,1.431817,0.310788,0.275195,0.101815,0.21678
-1.902951,-0.637695,-1.371043,-1.072702,-0.677105,1.407528,0.740128,-1.27321,-1.411049,-1.075491
-0.846406,0.441774,-1.089512,-1.045413,1.628429,0.403824,0.475263,-0.301916,-1.042571,1.709337
-0.693883,,1.179427,-2.450149,0.160994,-0.217886,-0.766933,-0.230853,-0.462024,0.136608
0.074126,-0.542739,2.314883,-0.289836,-0.61712,0.645531,-0.550491,-2.010283,-0.220071,-0.786006
0.237829,1.688067,-1.314003,1.688736,-1.299242,1.382204,1.31593,0.095771,-1.731749,-0.135852
1.13567,-0.022998,-1.797511,-0.36704,-0.491761,0.232791,0.58199,-1.837562,-1.362485,0.381949
0.041903,1.770065,-0.66337,0.368702,-0.067105,2.313941,-0.421222,-1.122916,0.600315,0.733922
-0.464144,-2.53935,-0.134292,-1.266054,, N/A ,0.296292,0.574717,1.420081,-0.751621
0.984372,1.401195,-0.476826,-1.332685,0.180896,-0.094784,-0.323302,1.719973,0.332711,-0.786114
0.02691,0.938062,-0.079375,1.235906,-0.057653,0.687637,-0.04235,-0.683675,-1.112266,0.331653
-1.663173,0.097845,-0.823178,-1.892271,-0.11135,-1.860673,-0.233305,1.955268,1.099139,-0.871359
-0.069815,-0.076801,2.288803,-0.558002,-0.464031,0.238577,0.106033,-1.182969,-0.393722,0.766023
1.0058,0.064416,-0.8363,-0.44531,-0.357571,0.385443,-0.103622,-0.09574,0.956507,-0.039718
0.046037,-0.435357,-0.234366,-0.810426,0.301638,-1.860242,0.229621,1.155545,,-1.379671
-0.211349,0.774968,,-0.746013,-1.259597, N/A ,0.123707,0.79203,-0.76507,0.347945
-0.571237,-1.435228,0.432508,-0.240155,-0.060292,-0.888729,-0.123298,-0.6829,0.44334,-0.16702
0.738043,-0.373168,0.174612,0.215,-0.35422,0.277098,0.262954,-0.63666,0.228298,-0.345705
0.445571,-1.627153,-1.86335,1.025944,-1.032972,0.766189,0.52012,-1.365081,1.14942,-0.866404
0.182392,0.346635,-0.341649,-0.332168,-1.008806,-1.014682,0.293327,-1.527956,0.638618,0.160132
-0.638749,0.817086,-1.459092,2.441483,0.790845,0.372881,1.276936,0.145037,1.958257,0.439087
-0.462625,-0.754572,-0.589182,0.641781,0.527258,-0.593955,-0.033326,0.753373,1.726262,0.199314
,-0.19113,-2.573612,-0.283156,2.357697,-1.20483,-1.014944,-0.006189,-0.19761,-0.604184
0.554453,0.751257,0.837246,-0.428971,0.400465,0.645822,1.153584,1.012867,0.160116,-0.922398
0.490627,0.348111,0.654947,,-0.125646,0.029184,0.538362,-0.842822,0.489904,-1.083078
1.457302,0.532713,-0.761959,1.586547,-0.160272,1.811838,-0.597689,0.137378,-0.588416,
-0.099277,2.303804,-0.68425,-0.258849,,0.576894,0.83013,0.994049,0.360937,0.920349
-0.874271,0.051855,-2.620976,0.556952,-0.887942,-2.096768,-0.473564,-0.091304,1.088055,0.299515
1.294703,0.350811,0.900054,0.155572,1.512596,2.621543,0.19178,-0.417214,-1.990435,-0.170884
-0.006176,-0.454456,-1.198206,-0.380485,0.269601,0.22673,0.392569,-0.149921,0.798573,1.041587
-1.214674,-1.05101,1.035586,-0.590089,-0.655263,0.097852,-1.674675,-0.116566,0.207378,-0.4099
-0.040028,-0.356362,1.297599,-0.370418,-0.411513,-1.148725,,-0.015281,1.113809,0.538689
-0.584854,-0.711541,-1.168417,0.897537,0.784568,1.044747,-0.54683,-0.195003,-0.628106,-0.303544
-0.915568,0.00089,-0.259143,-0.591876,1.619666,2.028595,-1.547386,,-0.145686,0.072285
-0.97215,-0.04433,-0.332236,-0.992942,1.615603, N/A ,-0.236607,1.294415,0.224122,0.856497
-1.235719,0.666695,1.224074,-1.014907,0.023517,-0.15313,-0.665492,0.077205,-1.392411,-0.816156
-1.792713,-1.104969,-0.701403,-0.655142,-0.237182,-1.551743,1.489048,-0.039369,0.700331,0.811897
0.285184,-0.964358,-0.542763,-0.722135,0.912336,-0.784547,-1.45854,,-0.49112,0.425417
-0.191975,1.828392,1.194764,1.300024,-0.391218,0.967028,-1.154942,,-0.487535,-0.300658
-1.126594,0.289679,-0.765902,1.001403,-0.324816,0.59682,-2.024869,1.525557,-0.557629,0.275967
1.254764,-1.036472,-2.452214,0.769802,1.737168,1.073426,-0.883166,-0.081656,-0.265027,0.210131
0.261444,,2.313961,0.342256,-1.46528,1.315647,-0.142183,0.063183,0.02595,0.967803
-0.541179,,1.019637,0.372446,-0.677893,-0.72896,1.419627,0.036515,-2.688235,0.026049
-0.867353,0.40361,-0.382171,0.196808,-1.196183, N/A ,-0.781173,0.688322,0.702815,-0.08645
0.003935,0.593406,-0.464242,-0.433866,,-0.216971,0.844945,-0.6917,0.117816,
-0.067007,-1.520728,1.219639,1.029876,-1.347925,-0.375493,-1.144842,0.492176,-0.487716,0.01438
0.860758,-0.687956,0.54983,0.653357,-1.24156,-0.543473,2.039899,-0.433761,-0.592083,0.337192
0.994092,0.141509,0.829902,-0.937043,0.574361,-0.642632,-1.2084,-1.159425,-0.34663,0.836397
0.197985,1.381126,0.716945,0.422328,-1.252605,-0.560331,0.107449,0.83861,0.377263,1.414659
-1.119908,0.81643,-2.11674,1.463797,0.258547,-0.139897,-0.1014,0.713394,1.15239,1.279857
1.62757,0.230922,1.622558,-0.33249,0.783829,0.106922,-0.108087,-1.492868,-1.332972,-1.585174
0.256929,0.419819,-1.442324,0.249344,0.981525,-2.311949,0.914369,0.281563,0.108859,1.037612
-0.447288,1.930259,-1.195438,-0.723923,0.899176,-0.737126,0.421676,0.786862,-0.186696,0.236971
-1.376867,0.788861,,-0.551873,0.025498, N/A ,0.810435,0.584988,-1.287686,-0.736995
-2.766863,0.999743,0.71309,0.882137,1.512863,-0.811125,1.616454,-0.594062,1.796674,1.096745
-1.021542,-0.038839,0.694048,1.863057,0.442864,-0.209043,-0.720074,-1.15161,0.511657,-0.995364
0.447664,0.385197,-1.888985,-0.181199,-1.159946,0.256324,0.991743,0.255219,0.861012,-0.740372
-0.704887,0.651784,-0.829939,0.505947,-0.716307,2.322702,1.002377,-0.598454,-0.154808,
0.861563,0.91216,-0.051134,0.030037,0.321974,-0.018607,0.532838,1.082553,0.312282,0.442579
0.981181,1.890495,1.124496,1.647859,-0.271464,1.835486,0.679173,-0.074416,-0.259844,-2.269118
0.767664,0.577086,-0.502101,-0.826206,0.403353,-0.659873,0.640615,-0.979032,1.315459,0.965275
-0.281641,1.330385,,1.426738,-0.76606,1.618201,0.392668,-1.405089,-0.632259,-0.636302
,0.336531,-0.539157,1.083195,0.862442,1.292478,0.139372,0.477106,-1.00883,-0.389248
-1.263333,0.627615,-0.126714,-0.571952,0.046689, N/A ,,0.316317,-0.181767,1.276361
0.39381,1.180237,0.961667,0.085909,-0.828681,-1.312324,,0.920179,0.172456,-0.89015
1.110655,0.893334,1.227519,-0.280582,0.065911,0.329641,0.494993,-1.227936,-0.010743,0.932702
-0.772408,-0.097067,0.380284,-1.022706,0.441693,2.783104,1.070539,1.161554,0.985889,0.638348
0.562929,0.325067,-1.561642,1.495426,-0.702475,1.079973,-0.622322,-0.277854,,1.487557
0.165732,,1.083139,0.062022,0.732757,0.368032,0.294912,-0.48569,-0.516473,-0.128816
0.852426,,,0.92792,0.210353, N/A ,0.042731,0.745443,0.49021,-1.557005
0.410205,-0.213928,-1.744129,2.189147,0.478554,0.614058,-1.66538,-0.573812,-1.242094,0.293196
-1.549372,0.425777,-0.483817,0.156025,-0.208617,-0.038092,1.731046,0.233321,1.163171,1.093786
-1.490358,0.774806,0.727394,1.170222,0.315899,-0.199505,0.7712,-0.608864,-0.106904,0.37505
-0.140188,-0.35341,-1.004354,-0.008232,-0.653214,-0.288867,0.8689,-3.180622,-0.079304,0.330337
0.90897,-1.544088,1.297938,-1.085431,,-0.785675,0.650774,1.130372,1.387228,0.807034
-1.006997,-2.293187,0.0956,1.456139,-0.237063, N/A ,-0.08052,-0.561178,-0.706138,-0.726984
1.422616,-0.150155,-0.246099,1.608518,-0.242064,-0.014434,0.845283,1.80508,,-0.009526
0.399681,0.788087,-0.062668,0.355295,-1.633263,0.088347,-0.321599,0.10948,-0.939569,-1.084852
0.25027,0.699581,-0.906249,0.661812,0.868237,-0.406877,-1.182784,-0.669176,-1.209849,-0.312535
-1.367156,1.034837,0.617502,-0.058716,0.863455,2.060219,0.104427,-0.304585,0.296925,-1.86831
-0.900264,-0.663448,1.17603,0.565968,-1.113158,0.353626,-0.115418,0.75144,-0.048855,-0.706966
0.458271,0.040126,-0.961664,1.509968,-0.643434,-0.030475,0.508248,0.167924,0.535119,0.713203
0.560024,1.030097,-0.351457,,-0.222576,-1.526126,0.086533,0.673335,,0.482672
-0.433408,-2.099561,0.38908,-0.260205,0.308928,2.391934,0.131258,0.497117,-0.545237,-0.441172
-0.189486,-1.847534,0.160594,-0.079926,-0.356712,0.721649,1.300519,0.469237,0.713239,0.127869
-1.287096,-0.410678,1.0648,0.323816,-1.079392,0.586668,0.128718,-1.208915,,0.344094
0.109898,-0.7794,-0.744531,1.875443,-0.053296,-0.300679,-0.589627,-1.678958,0.700063,0.007436
-0.31252,-0.017111,0.799874,0.194451,2.783567,-2.008227,-1.054736,1.396584,,1.545068
1.257035,0.886972,,-0.152657,0.044213,-2.033816,0.091987,-0.846161,0.539813,1.136644
0.634828,1.206396,0.584062,0.376784,1.673255, N/A ,0.310826,-0.367111,1.627212,-2.088407
0.867598,-1.38055,0.047004,0.607173,1.558616,0.904414,-0.488508,1.124633,0.643174,-0.871613
0.791624,-0.382203,1.443129,0.450651,0.56371,-0.515214,-0.179125,-0.044739,0.029325,0.002133
-0.204579,0.741465,0.46577,-1.136115,,0.466375,1.806737,-1.793905,-0.352368,0.331207
-0.805215,0.415522,0.669697,2.739604,-1.622734,0.095749,-0.770948,-1.402594,1.86203,-0.956023
-0.301254,-0.67266,-0.488855,1.1916,-0.555534,0.453085,-0.458485,-0.139677,-0.444097,1.034286
-0.73495,1.225318,-1.016904,-0.302062,1.433331,1.232809,-0.386929,-0.254594,1.040422,-0.119047
2.038698,-0.713691,-0.235235,-0.414475,-0.313779,-0.348668,0.474626,1.561237,-0.749926,-0.516564
1.913032,-0.926031,0.793855,-0.121558,1.495918,0.752064,-0.098822,-0.42108,-0.254923,-1.23832
1.979118,-0.180426,0.076202,-2.02736,0.163265,-2.294177,1.328856,0.137861,-0.509607,-0.189958
-0.54001,-0.411794,1.271621,0.428261,-1.617185,0.358157,-0.871975,0.406151,-2.094429,1.529016
-0.703595,0.536072,-0.466586,1.622672,2.535032,-1.437574,1.20269,0.609235,0.486788,0.202455
0.254444,2.718265,0.758299,-0.795793,1.869445,0.19733,0.074835,-0.891994,0.467809,-0.731771
0.275801,,0.25946,-1.130254,0.377953,-0.570385,-1.147239,-1.613704,0.312047,0.67713
,-0.906151,0.181882,-1.454614,-0.077714,-1.083766,0.682147,-0.51122,-0.81185,1.107105
1.19288,0.18451,-1.053887,-1.51863,-0.791004,2.064444,1.525664,0.857753,-0.365241,-0.495452
-0.434537,0.297088,0.044323,-1.155045,-0.401621,-0.831256,-0.916072,-0.889721,-1.495942,0.269949
-0.639361,1.21269,-0.327096,-0.30779,0.479284, N/A ,1.030729,0.554931,-0.77654,-0.69556
-0.327784,-0.16794,0.016443,-0.180623,-0.747313,0.978119,0.059116,-0.460818,0.271248,-0.646481
-0.370152,-0.164567,0.145533,1.459839,-0.768419,-0.857541,-0.650115,-0.753422,0.281567,1.937587
0.993947,0.079065,-0.714975,-1.213123,-0.613909,-1.01036,1.29318,1.360051,-0.393486,
-0.628164,-0.872752,-0.029954,-0.964186,-0.937757,0.524944,-0.316912,0.61813,-0.583343,-0.251869
2.278394,-0.720655,0.080911,1.401244,-0.444202,0.125331,0.20714,0.526296,0.98635,-0.883983
-0.450348,1.325412,1.194699,-1.76465,0.509847, N/A ,1.577391,-0.434826,-0.19502,1.127307
0.646189,0.018412,0.581708,-0.579846,-0.935578,0.722974,-2.522608,-0.951771,-1.587028,1.147385
0.31825,0.667529,-0.175035,0.170014,-0.404856,-0.1897,0.31582,1.284407,,-0.820174
-1.075816,-0.197288,0.838588,-0.177159,-0.741287,1.441871,0.817208,-2.36236,-0.51753,-0.080134
0.674831,0.746026,1.034901,0.411816,-0.253883,0.493802,-1.629378,-2.907277,-0.4805,-1.752435
-0.816624,-0.464676,0.086931,-1.077477,0.442978,1.15536,,-1.643875,0.589344,1.04653
0.087487,-2.774305,-0.710614,-1.28641,-1.598022,0.955802,-0.417287,0.3272,-2.323235,-0.918988
-1.117687,0.645909,,-0.54971,0.913839,0.045367,-0.320115,0.794207,1.256678,1.093108
-1.520156,-0.510997,-0.584895,0.200063,-1.44465,-0.804986,,,-0.234712,0.141022
-0.850893,-1.012148,-1.366534,1.725701,0.55078,1.277987,-0.149233,0.236633,-0.489157,-0.725361
-0.143216,-1.773926,-0.854752,0.641829,0.960955,1.017038,0.323931,-0.909591,-0.588717,-1.342794
1.992792,-1.82328,-1.040435,-0.285009,-0.712305,0.328595,-1.549818,0.314619,-0.2823,-0.457417
-0.851303,0.619476,0.075603,-0.675516,0.64683,0.325254,-1.371884,0.26905,0.84926,0.1403
0.147163,1.1605,0.152457,-1.584055,0.307301,0.555977,-0.983355,0.257333,0.072269,0.998098
-0.061982,-0.221416,-0.443824,-0.920488,1.104228,0.744887,2.192702,-1.797656,-0.166781,-0.480208
0.955121,0.273103,,-0.365755,0.655505,1.002024,-0.384022,-0.035015,0.682884,-0.587321
,-1.619867,0.438796,,-0.903842,0.585817,0.727993,1.910019,-0.838093,1.255724
0.220321,0.041513,0.902292,0.393943,-1.0095,0.640024,-0.673959,-1.1882,-0.249369,1.177118
0.392098,0.471901,1.162196,-0.400941,0.749455,1.390456,-0.006396,0.351084,-0.096827,0.727578
-0.846755,-1.099131,0.717404,1.988684,0.441825,2.024917,-0.273769,1.275549,1.367993,-0.841992
1.337891,-0.02407,-0.319579,0.259732,0.389351,0.266408,-0.257126,0.322823,-1.532494,
-1.23833,-0.241791,-0.242795,-1.346389,-0.447975,-0.382036,-0.990014,0.932671,-2.022434,1.209697
-2.165524,0.382468,2.160463,1.213708,-0.917523,-0.072985,-1.096687,0.679029,-0.399095,-0.341652
1.337702,2.474737,-0.71447,0.156993,0.428041,1.389602,,0.242802,,-0.245926
-1.166775,0.500078,-0.37102,0.135933,-0.260102,0.434712,-0.65953,-2.052628,-0.287311,-0.547153
-0.526372,0.476685,-1.014343,0.400966,0.607451,0.898205,0.27078,-0.13708,1.601641,-1.461198
,,0.971908,-0.044523,0.748533,-0.541509,1.26536,-0.624376,-0.222381,-0.238079
-0.189177,-1.144104,-1.475389,0.631924,-0.723247,-0.365251,-0.360009,-0.677261,-1.343134,0.205252
0.083986,-0.199111,0.09643,-1.528718,1.084218, N/A ,-0.302045,0.619833,0.371533,0.634629
-0.176605,-0.286515,-2.183752,0.797488,0.393512,0.733835,,-0.620808,,1.013831
1.15342,-1.916001,-0.197718,,-0.703584,-0.335182,-0.204876,-0.07362,-0.453688,0.01497
0.323259,0.21193,-0.437664,-0.354536,0.726036,-0.86951,0.201374,0.451239,-1.541551,0.18803
1.108635,0.104463,-0.029233,-0.502312,-0.0923,-0.465584,0.239928,0.500067,-0.151228,0.175461
1.782138,0.61786,-0.452173,1.509214,-0.848924,-0.137066,-1.276875,0.798318,0.676134,0.594409
-0.807388,-2.445094,-0.625512,-1.81078,-0.935411,-0.306554,0.521496,-1.204587,1.011263,1.920631
,0.648385,0.613836,1.346572,0.352749,-0.82324,0.055435,0.165573,-0.339793,0.486159
0.756329,0.460088,-1.117106,2.102456,1.304976,0.195636,-0.276101,-0.722345,-0.277885,-0.173674
-0.228253,0.54,0.685631,-2.116071,0.030985,1.034921,-0.637441,-1.465532,-0.225898,-0.048854
-0.263177,0.590634,-0.709272,-1.593046,-1.579563, N/A ,0.787619,-1.442901,1.655479,0.791391
-0.861413,-2.163935,,0.698501,-0.690615,-0.528595,-1.264233,-0.366851,1.203831,-2.574682
0.560765,2.049717,-0.131594,2.028096,-1.349079,2.15789,-0.71244,0.755936,0.095743,
-2.101523,-0.14953,0.010638,-3.498477,-1.789473,-1.726598,-0.200726,2.415639,-0.245402,-0.89149
0.118318,0.511714,-0.160237,0.110539,0.745828,-1.266542,0.803861,-0.14276,0.270342,0.385821
-0.708975,-2.625285,,0.38154,0.670557,0.299945,0.73688,0.594083,1.97415,-1.514298
-0.95327,0.318147,,0.483378,0.266845,-0.113985,0.268301,0.665758,1.088607,0.465247
1.243847,-1.205651,0.574087,-1.701378,-0.685608,-0.059596,1.384372,-1.167305,0.730475,0.799927
-1.61821,0.573003,-0.452308,1.13846,0.426731,-0.078047,0.910318,0.535271,1.382024,0.019932
-0.295415,-0.267583,0.226593,0.880765,0.54937,1.043211,-1.826809,0.398989,-0.594486,-2.079222
-0.652078,1.976249,-1.099557,0.029505,-1.772629,0.239238,-1.133913,-0.587168,-0.592641,0.035356
1.32672,1.312583,0.397102,0.314864,0.535285,-1.007307,-0.058178,-0.043855,0.574198,-0.147686
0.509937,-1.21907,-0.882311,1.530277,1.774033,-0.388642,0.169288,-0.640815,0.808495,
-1.059826,-0.604705,0.199881,0.237143,0.981799,0.136316,-0.439628,0.36499,0.406753,0.396236
-0.485679,-0.563565,-1.632932,-1.101072,-0.309807,1.433546,-0.269975,-0.582155,0.170896,-0.304852
-0.77517,-0.555023,0.500093,-0.789349,0.541101,1.011678,-0.571011,-0.022424,0.378619,0.22698
-0.69008,-0.178275,0.879115,0.028597,0.113833, N/A ,-0.617584,2.039642,-0.382792,-0.113324
1.186897,0.529658,-0.936067,-1.515538,0.670328, N/A ,,-1.329905,0.789554,0.863952
0.622514,0.357818,0.522654,-0.122393,,-0.507316,,0.403625,-1.576627,-0.330532
0.287938,-0.232612,,-0.672085,-0.419497,1.484037,-1.172267,0.310477,,0.620723
0.229527,-0.513507,-0.524074,-1.102789,0.429924,0.235394,-1.023824,0.148904,0.054314,0.231178
-0.894796,1.117955,0.350847,1.193611,-1.902285,-0.230368,,0.210892,1.093721,-0.4528
-0.295997,-0.281716,0.769324,0.17109,1.97338,0.094671,1.078195,,-1.503359,-0.560894
-0.552494,0.379809,0.589215,0.824765,-0.579664,-2.440427,-0.473672,-0.018338,-0.594722,0.022197
1.331209,1.289846,-1.131365,-1.103319,0.741263,0.584456,0.331529,0.767922,0.663788,0.239043
0.739786,0.387672,0.466287,-0.630466,0.431494,-0.508688,-0.629778,-0.262441,-0.201773,-0.021567
0.847627,-1.672214,2.134405,0.507756,0.001023,1.847429,-0.819596,1.134182,1.023274,-0.811936
0.41235,-0.71099,-0.222319,-0.618741,0.859109,0.512302,-1.053151,0.457331,0.729244,-0.120443
-1.693999,2.256287,,-1.24023,-0.519304,0.704446,-1.775224,-0.45056,-0.043437,0.055936
1.272904,-0.599024,-1.229773,-0.282786,-1.401613,1.320347,-1.111403,-0.827259,-1.101071,0.257416
0.435662,0.515864,1.985798,-1.063079,-0.243173,-1.289983,-2.000809,0.698662,-0.425708,0.59039
-0.130458,0.710243,-1.747347,-1.60908,,-0.030488,-0.648402,1.523961,-0.679937,0.308149
1.221106,0.139575,-1.202581,-0.536872,1.080509,-1.350158,-0.142015,-0.208608,-1.185779,-2.638808
-0.447984,0.001032,-1.312194,-0.35776,-0.520942,-1.940627,2.276416,1.228031,0.740911,-0.666262
-0.574944,-0.241417,-1.154713,-0.762508,-0.003384,-1.281362,0.214386,1.847327,0.834235,
-0.688988,0.214831,,1.652466,-0.140238,1.316974,-1.00683,0.171439,0.300271,1.1607
1.912316,0.52235,-1.000945,-1.207377,0.553762,-0.570645,-0.171406,0.140359,1.277404,
0.522158,-0.052996,0.169342,1.385993,-0.109562,0.740911,-0.73515,1.236542,-0.207535,1.124998
-1.025501,-0.798448,0.703502,0.305875,3.112745,-0.064175,-0.032663,0.447092,-1.121731,0.022944
-1.014682,1.080331,0.517416,-0.689709,0.390144,-1.453527,-0.648753,-0.007481,-0.178691,-1.182623
0.806569,0.37727,-1.620794,0.431353,-1.333661, N/A ,0.200823,-0.279667,,-0.550525
-2.043108,0.864375,-1.766903,-0.590669,2.054029,2.247778,-1.657018,0.328256,-0.707514,-0.522021
-0.078738,-1.111213,-0.51994,-0.113606,-1.237,-0.571551,0.053093,-0.076291,2.03631,-0.448072
-0.273301,0.997118,-0.9417,-0.509509,-0.33113, N/A ,0.662744,-1.313446,1.980656,-0.587469
0.842551,1.777526,1.791784,-0.15543,-3.056658, N/A ,0.180099,-0.422785,1.356707,-2.405564
2.284594,0.130144,0.011452,1.837968,0.028843,0.167256,-1.545519,3.443878,0.864846,0.846918
-0.423302,-1.120987,0.086684,1.732267,-0.317711,-1.215704,0.811925,-0.822381,-0.429607,
-1.971197,0.32065,0.598421,0.741388,-0.193799,0.539555,,1.147232,-1.166987,0.917245
-1.429014,-0.245338,-0.635295,-0.022689,0.106559,-0.384593,0.389501,-0.044215,-1.518118,0.339477
0.436272,-0.702755,-0.044704,-0.887526,1.100091,0.104094,-0.713809,0.648947,0.5812,0.807556
-0.082548,-1.013406,,-1.390738,1.970719,-1.275967,-0.562592,,-0.390834,0.254739
0.765519,-0.527786,0.172689,1.29462,0.831462,-0.922006,-2.186774,-0.384543,2.333809,-1.843145
1.333088,,0.492301,1.125251,,-0.846571,-0.622742,0.196162,-0.063368,-0.15368
1.449643,0.415882,0.67176,1.469075,-0.653434,-0.842777,0.536331,0.925263,-0.682568,-1.177154
-0.276921,-0.596088,1.08007,0.860808,-1.149881,-1.8e-05,-0.265082,-0.101163,0.149229,-0.218296
2.453079,-1.988632,-0.121001,0.181163,-2.399123, N/A ,0.816134,0.736086,0.76689,-0.557455
-0.25795,0.528643,-0.569208,0.387606,1.165924,-0.470937,-0.084796,1.341873,0.823325,
0.643952,1.033536,-0.045008,-0.140653,1.039919,-0.749819,-2.083633,1.348724,0.74922,1.311457
-2.340993,0.362939,1.045807,-0.727537,-0.73346,0.331843,0.663382,1.33059,-1.48794,-0.425822
1.680285,,-1.848356,1.756921,0.5899,-1.126799,0.815314,0.146694,0.513288,0.56079
-0.067435,0.025819,0.815006,0.151198,,-1.367608,0.028068,0.530496,-1.512428,-0.923641
-0.107296,-0.892806,-0.392588,0.377798,-1.073269,-0.812982,-1.428229,-1.47392,-0.480372,2.799852
-0.332047,0.302527,-0.236571,0.197688,0.033674,-0.090577,0.439408,0.715169,-1.311894,-0.501169
-0.136338,-1.333874,-0.300388,0.824425,-2.454382,0.44627,0.376384,0.192224,1.059919,0.807709
-0.241418,-1.387301,0.393131,2.958473,0.467103, N/A ,2.446699,-1.843137,-0.072382,0.563379
0.243245,1.382331,-0.632154,0.788348,-0.854391,1.270286,0.448412,-0.698351,1.291282,-0.26913
-0.510791,,0.20359,-1.753199,-0.427678, N/A ,,1.443165,0.793319,0.332418
1.406978,-0.271172,-1.570329,-0.278859,1.059406,1.254368,-0.415188,1.088083,0.384633,0.437489
-0.018746,0.548529,0.415123,1.069165,2.312067,2.861262,0.338942,-0.369375,0.788918,0.279736
0.907158,-1.199019,-0.001358,0.452339,-0.83529,-0.317604,-0.248726,0.166176,0.676222,0.396381
0.598699,0.973291,0.556256,-0.951988,-0.755332,-0.895251,-1.020159,1.574608,,0.510315
-0.162733,-0.267247,0.954563,-0.968934,,1.17488,0.559328,0.511404,0.313721,1.34388
0.921085,-0.351879,,0.658436,-0.521873,-1.373974,0.173683,0.108248,-2.253857,0.808891
-1.327679,0.308896,1.577971,-0.179257,0.085925,0.888497,1.254541,1.911321,-0.67119,-0.66189
-0.845067,0.337471,-0.415324,0.739056,-0.053436,-0.060377,1.390567,-0.076877,,-0.716888
0.020135,-0.514747,-0.406577,-0.370639,-1.354365,0.021407,1.411557,-0.60974,1.843144,-0.496508
,0.275823,0.11031,-0.539458,-0.246771, N/A ,-0.355862,-0.710282,0.063423,-0.492912
2.672818,,-0.276818,0.144378,0.755088,-0.416788,1.504031,-0.116375,-0.915756,-2.544851
-0.701647,-0.773812,-0.125003,1.23976,0.810803,-0.651079,,0.181252,-1.388555,-0.23935
-0.035665,,-0.620375,1.22795,-0.942256,-0.01133,-1.017188,0.436958,-1.2816,-0.400569
0.359734,2.760046,-1.258207,0.630437,-0.395024,0.576184,1.5488,0.281458,0.214681,-1.794862
0.210464,0.654202,0.517364,0.810405,-1.201827,0.455589,-0.799382,0.86503,0.296391,-0.431342
0.459076,-0.967248,0.168038,-0.7486,-1.532533,-0.166264,-1.213726,-0.779224,-2.139842,-1.153984
1.873211,-0.605035,-0.265576,-0.935705,1.024271,-0.720841,-1.01666,0.711812,0.046475,-1.328408
1.568588,-0.745852,-1.556598,1.244451,0.810293,0.216527,2.321805,0.565349,1.067528,-1.124843
-0.559806,0.218157,-0.696283,-0.918587,-0.527447,0.112374,,0.438506,-0.525748,0.984627
0.531174,,-1.015024,0.99299,-0.829114,-1.614259,0.386769,-0.053848,1.121086,0.425399
-0.607108,-0.259592,0.292981,0.112951,-0.911753, N/A ,-0.15053,0.566423,0.747799,-1.123345
0.699596,-0.183555,-1.148218,-0.543172,0.637881,-0.868243,-1.166435,0.861173,-0.652106,-1.460621
-1.191219,-0.402748,,-1.684922,0.225321,-0.939844,0.928305,-0.612829,-0.895084,-0.464225
0.75579,-2.124119,0.559697,-0.56456,-0.289738,1.158155,-1.052673,-0.96647,-1.400942,
,0.432939,0.312522,-0.006559,0.255405,-1.191112,-1.045904,0.328305,0.06616,-1.303208
-1.967886,0.111565,-0.794318,-0.010643,-1.013376,0.752133,0.258285,-0.450121,-1.155271,-0.016547
1.024472,2.265681,-1.698673,0.606401,-2.147632,-0.89461,-0.446296,-0.403038,,-1.284365
-0.86139,0.024542,1.629454,0.66264,0.739497,-0.213947,1.104459,-0.645309,-0.71114,0.41186
1.195361,-0.443465,2.274603,1.304761,-1.071685,1.296853,0.01596,-0.535317,1.243064,-0.639225
0.167408,-0.99287,-0.629163,2.684236,-0.750479,-1.298583,2.014401,-1.344422,-0.405033,1.307433
1.477589,-1.199645,-0.630983,1.435784,1.511206,-1.298774,1.992632,-0.121823,0.897247,0.726791
0.42162,-1.53348,,-0.785583,0.644823,-0.276747,1.020183,0.248414,,0.152369
0.439217,0.725721,-0.913705,2.934639,-0.033311,-0.254458,-0.463889,0.647746,0.082522,-0.815324
-0.784755,,0.799855,0.230795,-1.789337,-1.338122,1.254806,-1.067777,0.828153,-0.800846
-2.073119,-0.666134,0.328474,-0.873513,0.11644,2.197293,-0.443937,-1.501104,,
-0.994965,0.264105,0.618063,-0.265899,-0.949841,-0.764509,-1.195338,1.193872,0.108672,-0.013362
-0.844031,-1.227569,0.866978,-1.964395,-0.74822,0.851695,-0.461185,-0.072259,1.368441,0.520651
-0.57084,0.429482,-0.988895,-1.574785,1.078209,0.962146,0.130766,,2.007232,-0.52043
0.589806,0.718228,-0.624208,0.344552,0.723349,0.90435,-1.030039,0.889334,-1.584924,0.459003
0.116256,-2.152275,0.938524,-2.533391,-0.126805,-0.305159,-0.207969,1.544623,-0.630722,-0.558418
0.977599,1.800792,0.714024,-0.526758,1.582698,1.849183,0.590582,0.681651,,-1.349971
0.054338,1.10079,0.085284,0.596021,1.334356,-0.102183,-0.828788,-1.542396,-1.139424,-0.915181
-0.361799,0.016299,1.367967,-0.768576,-0.899843,0.157316,-1.999606,1.169893,-0.868747,0.572339
-0.096181,1.261943,0.386119,0.856723,-0.956732,0.095184,0.080405,-1.953668,-0.949151,-0.432001
-1.749153,0.436273,2.634522,-0.602278,0.835538,-0.265812,-0.573036,0.772936,0.062529,-0.96232
,0.635831,,-0.871776,1.427269,0.647981,-0.984172,-0.154238,-1.189119,-0.307146
-0.862705,0.4613,-0.062535,-2.051124,-1.536338,-0.144095,1.011551,-1.903413,0.045439,1.677214
-0.745311,-0.765365,-0.835071,-1.234825,0.743989,-0.341013,-0.437269,-0.004578,0.857183,1.380912
0.994979,0.343798,1.576716,0.744352,0.147386, N/A ,-0.156666,-0.875983,0.314448,-1.37661
-1.088756,-0.062086,,-0.607236,-3.242019,-0.730286,-1.275202,-0.485045,1.707074,1.388745
-1.637599,,,-0.937063,0.690123,-0.636754,2.120637,-0.056163,0.581538,0.668288
-0.634122,0.515412,-0.438581,-0.256394,0.141189,2.560531,2.198324,-0.35618,-1.129945,-0.141751
-0.2285,0.444303,1.090569,-0.206978,-2.061689,-0.132435,-0.257227,-0.282339,0.991109,0.481763
,,0.928905,1.101973,0.453862,1.036792,1.302659,-0.642021,0.81935,-0.212001
0.145294,-1.065036,2.222825,0.911345,0.518021,-0.014575,-0.463084,1.769069,-1.529755,-0.331968
-0.102056,-0.933698,0.751767,0.263659,0.549986,0.045792,-0.187538,0.547476,,1.506834
-1.138615,-0.122885,-0.747714,0.952325,1.417281,0.727642,2.361204,-0.717073,0.478944,0.583922
1.620809,-2.403213,-0.154161,-1.034131,2.270826,-1.96779,-0.517695,-0.205348,0.466613,2.035577
1.095137,-0.152338,-0.074692,0.561804,1.390131,0.10578,-0.648438,0.950461,0.027155,1.029052
1.449889,-0.529882,0.157794,-1.296902,-0.228068,0.302357,0.021336,-0.08469,1.020028,-1.686275
-0.100589,-0.747432,-0.45678,-0.925575,-2.797371,-1.121354,0.68811,-1.582191,-1.074272,0.739151
0.38326,-0.194328,-0.323967,-0.821453,-2.429124,0.409757,-0.048475,0.165689,-0.325058,-1.004512
-1.307828,-0.105908,0.628654,0.622481,-1.03981,0.214445,0.368661,1.189323,0.724635,2.05303
-0.078509,-2.526349,-0.416957,-1.277542,1.234865,-1.499237,2.065411,-1.556274,1.097342,-2.112319
0.286857,,-0.672216,2.222648,0.460093,-0.180298,-1.073795,0.290899,-1.077896,-0.074128
0.585409,0.560553,1.427821,-1.362928,-0.485845,-0.095341,0.232031,-1.59434,-1.087627,0.069367
0.170859,-0.926098,0.445843,-1.073406,0.481448,0.174849,0.543968,1.701714,-0.490568,0.739854
-0.79164,,-0.452763,-1.255663,-1.029305,0.163359,0.778287,-0.54065,0.336406,0.454605
0.856256,-0.866473,-1.360187,-0.948016,0.118608,1.158219,0.442884,,0.654512,-0.91353
-0.576249,0.210914,-1.020281,0.661792,-1.762008,-1.462145,-0.480115,-1.131809,0.83599,0.020317
0.588115,-1.024163,0.220977,0.757636,0.646411,0.6706,-1.067348,-0.178319,1.267287,-0.35262
-1.2118,,-0.238206,-0.7616,-0.071085,1.602668,,0.855449,1.03643,1.05979
-1.485761,-0.261053,-0.265711,1.0326,0.601946,0.514337,1.292331,-0.783922,-0.375867,-1.002194
-0.169941,-1.080747,2.811365,-0.21471,0.873375,0.096875,-0.391742,0.874766,0.15053,0.177625
,1.299396,0.81711,-1.125403,-0.007344, N/A ,-1.067741,-0.41131,0.381698,1.429403
0.046943,-0.245374,-0.347015,0.920417,,-0.138229,-1.170399,0.620003,-0.798209,1.502789
2.575577,1.523664,-1.28234,1.605548,0.171088, N/A ,1.631511,-1.698223,,-0.061437
1.25883,2.226208,0.465017,1.145873,, N/A ,-1.07119,-1.184648,-0.735046,-0.855136
-0.021725,-0.437149,-0.860982,0.614503,-0.231791,2.001922,1.013989,-0.429708,0.119822,-1.305449
-1.706294,-0.845754,-0.54934,0.039562,0.628762,-1.82887,-0.610042,-0.791749,-0.870234,1.14291
0.911098,-0.984918,0.739148,-1.116414,-1.026012,0.777927,1.97456,,-0.53035,-0.99473
-0.967034,0.028665,-0.042675,0.744443,0.085484,-0.965632,1.124646,2.27858,-0.007952,-0.943286
-1.047997,-2.507401,0.124842,-0.149073,0.139393,0.055242,0.52987,-0.361992,0.956108,-0.392345
0.352425,2.770902,0.020418,-0.099587,0.629729,0.737687,-0.765308,-0.504001,0.520909,-0.549381
0.236996,0.668292,-0.282675,-1.131361,0.194213,-0.962678,0.471141,0.132731,0.427772,-0.437774
-0.673592,0.357919,-0.837585,-0.932135,1.08767,0.704675,-1.490299,1.088608,,-0.578737
-0.233983,0.787956,-0.454873,-1.486443,-0.79726, N/A ,1.343516,-1.473926,-1.450164,-1.365068
-0.050076,-0.555714,-0.43792,0.482514,0.822183,-0.701777,0.13899,1.127245,0.794956,-0.173129
1.138866,0.000241,1.130112,-0.814602,0.56041,-1.053364,0.021775,0.356961,0.766661,0.933117
-0.792663,-1.279559,1.978853,0.361868,-1.741385,1.196664,0.693525,0.082095,-2.299485,-0.544835
-2.34092,-0.223208,-1.284981,-0.497353,1.155444,-2.07708,-0.882794,-2.043588,-0.758,-1.57683
-0.377412,0.170577,-0.992346,1.134525,-0.540802,-0.528236,2.144881,-1.003057,0.540811,
0.136603,0.376164,0.100168,0.370457,-1.448744,0.566659,-0.252671,-1.786366,-0.489663,-1.551397
-0.337988,-1.057483,1.430293,0.975767,0.181253,-2.606848,1.961059,-0.572241,2.089224,0.747879
-1.477829,-0.52112,-1.005267,1.367348,1.730638,-0.623504,-0.295346,0.860131,-1.012033,1.178394
0.171989,,1.711518,0.527404,0.214884,1.273508,-0.470331,-0.5728,1.839314,-0.23974
-0.381302,-2.952986,-0.680243,0.754153,-0.83912,0.617702,0.065541,-1.036669,0.396236,-0.629543
0.420094,0.417317,-0.098362,1.09224,1.739489, N/A ,,1.09153,0.409419,1.733624
-0.613543,-1.140991,-0.25425,-1.4525,0.173738,-0.3367,0.240717,1.125355,0.321141,-0.358226
-0.298254,-0.972444,0.351096,-0.496621,-0.525979,0.752019,-1.00815,-0.195817,-0.784982,-1.803622
-0.390887,-1.522868,-1.143002,-0.289007,2.046696,-0.563774,0.775258,-1.025236,1.360675,-0.371346
0.405439,0.396751,,-0.179471,1.495497,0.014888,-0.080352,0.390092,-1.445377,0.853746
-0.677895,-0.609724,-0.129349,1.254303,0.255388,-0.800129,-2.81237,-0.121576,1.123725,1.007927
1.063439,0.598122,0.454964,-0.439791,0.710169,0.512412,-0.598891,-2.426033,0.043502,-0.908616
1.575557,0.050229,-0.805015,0.249943,1.26839,-1.404271,-0.787323,1.804791,-0.082856,0.522604
-0.219903,-0.013263,,1.125453,0.033559,-0.116431,0.598746,0.61177,0.018447,-0.380013
-0.893512,-0.644384,-1.255662,1.891258,-0.748261, N/A ,-1.08097,,0.456693,
-1.195098,,-0.749487,0.155181,0.361209,-1.494658,,-0.750281,1.012098,0.253581
-1.197335,0.103404,-0.404424,0.076909,-0.927815,-0.652162,1.497645,1.850836,1.491066,1.313093
0.274652,,-0.488916,0.799198,-1.471871,-0.790659,0.773193,-0.333049,-1.24473,-1.36639
-1.724143,0.652704,,-0.484348,0.665085,-1.776333,-0.835634,1.610362,,0.452029
0.993459,0.120732,0.766103,0.444728,-0.581188,1.371477,-0.058745,-1.343838,0.021144,1.364314
-0.266122,-0.441993,0.627028,0.954547,-0.080459,-0.676601,-0.611807,-0.011033,-0.953239,-0.569978
-0.914717,-0.126628,-0.106188,-0.379503,1.197276,-2.263829,2.078175,0.048272,2.002606,-0.483003
-0.743221,1.504638,-0.421131,1.715085,0.347415,-1.60784,-0.419734,-0.469656,1.901404,0.591479
-0.952258,-0.567268,,-0.352954,1.202126,1.200281,-0.501766,-1.121716,-0.112911,-1.084647
-1.187083,0.28425,-0.750239,-0.193759,-0.261305,-0.713349,,-0.211957,1.285878,1.500019
-0.463531,0.024007,0.367727,-1.860088,-0.514002,0.687458,-0.416074,-1.198356,-0.152771,0.288153
-1.311411,-0.857002,-1.124874,-0.061643,-0.281707,-0.730166,,0.711454,0.846878,0.085666
-0.725025,-1.233851,-0.966813,0.924589,2.663718,-0.786362,1.380763,0.048776,1.141034,-1.295098
0.292713,1.440781,0.259746,0.100056,-0.017389,0.107287,1.544232,-0.552832,,-1.08624
-0.437825,0.060482,-0.366795,-1.244762,0.794916,-2.057063,-1.491481,-0.585489,-0.005206,-0.895722
0.321968,0.455808,1.420743,-0.592196,-2.617164,-0.324544,-0.14307,-0.319064,-1.363868,-0.734073
1.328808,0.856588,-1.466275,1.793151,-0.379459,-0.374765,-2.684086,-0.779279,0.720366,0.219939
0.721427,0.297355,0.981169,0.758384,0.161643,2.099459,1.257612,0.815516,0.324853,0.19916
,-0.649773,0.491661,0.622347,,0.231313,-0.616555,1.008292,-0.37698,-2.588107
1.764333,-0.625762,-0.253314,-0.340851,0.891584,0.795493,1.030886,0.612624,0.232259,-0.690304
0.542109,0.547747,-0.476276,-1.537037,-0.571796,-0.518974,-0.247043,-0.453396,-0.048923,0.903443
0.411096,-1.033797,-1.48154,0.105109,-1.51447,-0.062111,-0.405808,2.055613,0.589412,1.632518
-0.825803,,0.965004,-1.597445,-1.548267,-0.402259,0.565633,1.403561,0.479635,1.047179
0.925992,,-0.866138,0.131034,0.243239,0.582555,-0.999209,1.778928,0.620522,-0.220293
2.195934,1.639679,,-1.35239,0.60527,-0.398939,0.322164,-1.442943,1.992726,
-0.017568,-1.710628,-0.566875,-0.760515,0.456511,0.938519,1.146242,0.011519,-0.102565,-1.807659
0.937052,-1.140185,1.367533,0.660786,1.396322,0.571734,0.815965,-1.323333,-0.175328,-0.148536
-0.540911,-0.911215,1.437648,1.148109,0.933642,-1.390308,0.636951,,-0.370821,0.879463
-0.950685,-0.02684,0.338828,1.017154,-0.048789,0.583168,1.999191,,-0.343571,0.094751
0.051912,-1.92596,,0.369185,-0.027244,-0.66874,-2.091824,1.475865,-0.279807,0.797585
-1.23444,0.395507,-1.859869,-0.613492,1.196011,0.111607,0.9441,1.499333,0.462446,0.09423
-0.905553,-0.701734,0.506124,-1.175393,-0.177147,0.524255,-1.673058,-0.168873,-0.621094,0.608129
-0.864876,-0.147344,0.25868,0.886322,-0.008373,1.281307,-0.295456,0.658717,-0.451515,0.774598
-0.249301,-1.348243,-1.856504,0.864313,-1.312096,-0.36921,1.676287,0.212443,-0.340088,-0.338909
-0.538992,0.023741,1.205732,-2.385065,1.441217,0.520533,-0.027578,-0.372894,-0.433823,0.049515
0.129288,-0.691807,1.952771,-1.154483,0.686459,-0.430847,-1.769005,0.755591,-0.984521,-0.608663
-1.493021,-1.225187,0.870816,2.216279,-0.04756,-1.333329,0.544225,0.3075,0.300246,1.378099
0.4822,-1.350166,-0.852235,1.595728,1.199157,1.351764,,-1.046868,1.077049,-0.160921
,0.479552,-0.774203,-0.528274,-1.307355,-0.261327,0.795802,-3.326001,1.263049,-1.568319
0.565445,0.250499,1.417124,0.003841,-1.276915,-0.743875,0.987741,0.945105,0.694801,-1.236115
-1.099691,-0.906372,0.101889,-2.7893,-1.467982,-0.606443,-0.066024,0.037322,0.91608,1.622447
0.614438,0.367407,-0.327422,1.631317,0.260279,0.926875,1.325402,0.852461,-2.092321,-0.711462
-0.836847,1.397744,-0.32722,-1.606068,0.506824,1.661679,-0.616927,0.863787,1.771783,-0.218148
-0.252272,1.901874,1.253703,1.296689,-1.683821,-1.83352,-0.188427,-0.040007,0.750227,0.316087
-0.680923,1.036332,0.576592,0.207563,2.562812,-1.328942,0.286897,-1.063201,-0.636454,1.068077
-1.828332,-0.048946,1.702888,0.825875,0.10553,-0.133167,0.677336,-0.714578,-0.947319,0.383663
-0.040916,,-1.01744,-0.016467,0.452023,1.210791,1.51815,0.767961,0.081748,1.0132
1.930354,,1.669628,0.385975,-0.876946,1.264644,-0.7537,-0.917368,0.797198,1.030365
0.06658,0.259071,-0.972771,-0.903139,-0.385399,-1.282866,0.144429,0.056968,0.889589,0.413431
-0.644528,-0.442198,1.020484,0.240522,0.107073,-1.20069,-0.507521,-2.599947,0.956643,-0.228032
-0.67813,0.936808,,-1.117617,-1.009307,-1.685979,0.08574,0.578534,,-0.400257
0.386778,,-0.228246,0.250612,,0.313505,-0.10374,0.624285,1.034124,0.623424
-0.079386,0.98746,-0.698331,1.352454,0.920073,1.44789,,0.04463,0.500935,-0.008311
0.19697,2.137107,1.378555,1.104121,-0.536107,0.554802,0.743751,0.847248,-0.154979,0.065485
0.708894,1.329692,0.191076,-1.960733,1.457256,-0.9316,0.733285,0.22971,-3.111787,-0.222577
-0.281464,-1.287095,,-0.056021,-2.75526,-2.186576,-0.170519,1.559836,1.005047,
-0.510623,-1.546452,0.422139,-1.105177,0.939339,-0.918166,-1.143052,-0.119056,0.288588,-0.592543
-0.426991,-0.217732,-1.469556,0.369492,-0.93706,1.489001,1.50462,-2.269758,-0.590795,1.077121
0.642724,0.769387,-0.810385,0.340646,-1.383864,-0.26007,0.718021,0.582343,-0.165291,1.663943
-0.15004,0.47535,-0.234677,,-1.062553, N/A ,-0.746024,0.35561,-0.823444,0.234269
-0.152808,0.897299,-0.201422,-1.38091,-1.157756, N/A ,-0.291804,,2.6144,-0.034525
0.702785,-1.503,-0.413926,0.662701,1.037549,1.186758,0.382723,-2.157469,-1.036706,-0.713096
1.397538,-0.557943,0.375881,1.982723,1.773643,0.38717,-0.313434,-0.956144,-1.137375,0.342683
1.061637,-0.502223,0.018748,-1.35174,-0.377486,1.25163,-1.988375,1.813587,1.049078,-0.330496
0.549775,1.231429,0.027327,1.711834,-1.154681,-1.822469,-0.737486,0.504209,-0.69389,0.72737
0.393611,0.721932,-0.634533,-0.322308,-0.43712,-0.578035,0.558174,0.414159,,-0.79634
-0.584224,-0.099151,-0.894803,0.267659,-0.610206,-2.676164,-1.096246,-1.286115,0.184431,-0.054873
-0.174842,-1.389321,-0.616691,0.116297,0.019963,-0.244937,-1.284815,-0.10596,1.923558,-0.540685
-1.428296,-0.158735,1.308183,-0.721358,0.150809,0.304867,1.039137,-1.167255,0.55672,0.490431
-1.137687,0.215883,1.030391,-0.085656,1.303791,-0.596159,-0.214768,-2.075557,0.135335,-0.325201
,-1.20359,-0.291995,0.764643,-1.585711,-0.343595,-0.033063,1.529996,,-0.128301
0.595675,-0.289831,-1.422421,-0.184482,,-0.318871,0.538752,0.252922,-2.567147,0.251348
0.978157,-0.055168,-0.756252,0.86753,,0.90957,2.48805,0.997324,0.293948,2.078471
-0.957186,-2.081988,-1.524766,0.12286,0.853444,0.451734,-0.108344,-0.965488,-0.226934,0.907408
0.079557,-1.391667,-1.778192,-0.386754,0.641864,0.487017,0.319273,0.121415,-1.63126,
0.361095,0.832389,0.897289,0.1451,0.127145, N/A ,,-2.528164,-0.947436,-0.269863
-0.667849,0.054709,-1.043229,0.400837,-0.333113,-1.27172,0.874341,1.693483,-0.219869,-0.10273
-1.696651,-0.961759,0.003583,-1.621325,-0.059451,-1.122422,-0.289818,-0.150425,,0.907491
-0.073899,-1.908047,,-0.600397,-0.417121,0.647372,2.135931,0.996433,2.339393,1.308737
-0.290021,0.56364,0.812821,0.387403,2.651079,0.401694,2.587945,-0.313028,2.75996,0.470323
-2.196914,-0.919942,0.369887,,-0.356036,0.019943,-0.072803,0.365656,0.08223,-0.68411
-1.035534,-1.22593,-0.661219,0.366507,-0.465174,-0.373916,0.4242,1.257057,0.341411,-0.468528
-1.321178,0.5407,-0.665843,-0.8279,-0.402091, N/A ,1.06212,-1.024842,-0.061946,-0.55522
0.08365,0.50125,-0.166852,-0.255856,-0.535421,-0.221095,0.656493,-1.510249,0.166922,-0.383802
-1.106539,-0.809744,-0.553155,0.137722,0.034886, N/A ,1.724592,0.116633,-0.268135,
-2.148612,,,-1.436551,0.901977,1.560165,1.720284,-0.873589,0.123185,0.933569
-1.194506,,-1.340474,0.929007,0.37942,-1.08156,0.552913,1.056725,-0.607747,-0.331962
-0.28013,0.071062,0.060389,0.868046,-0.822142,-2.410251,-0.013353,0.414079,-0.602017,1.314372
,-0.285932,1.049922,-0.064616,0.38658,-0.162425,-0.283514,-1.839101,0.615718,-0.384372
1.299024,-0.420696,1.028579,-1.038519,1.461167,-0.513589,-0.001938,2.040361,-3.077027,0.3685
0.539418,0.188457,-1.75705,0.177312,-1.445154,1.130637,0.623612,-1.541559,1.789559,0.669308
-0.004001,-1.094581,-0.781692,-0.453878,1.456568, N/A ,0.339281,-1.610931,2.680383,-1.234103
-0.861191,0.245334,0.519908,0.846191,,-1.306259,0.047486,-0.914452,1.361626,-1.871536
0.298351,2.0325,-0.800067,0.254594,-0.443001,-0.622938,-0.892624,-0.955056,0.125166,0.35798
1.326669,0.220286,0.487205,-0.431119,2.338078,-0.318235,-1.262866,-0.136843,2.179281,0.646106
0.436792,-2.250288,1.197857,-2.202858,1.676773,-0.29371,0.549359,1.524814,-0.24005,-0.401624
0.520334,,1.806885,-0.488565,1.364943,-1.103624,-0.541868,-1.398412,,0.988909
,-0.371929,,0.63634,0.983658, N/A ,-1.412554,1.113578,0.218773,-0.905901
0.49352,0.750071,2.335789,-0.759339,,0.409354,-0.239857,0.827486,0.513158,-0.952145
1.102476,0.502786,-2.414058,2.446181,-0.412697,0.145779,-0.209669,0.528342,-0.944911,
-0.734459,-0.38506,-2.105253,-0.942789,1.254163,-2.097251,-0.846874,-0.028952,1.271843,-0.981244
-1.056573,1.718026,1.030422,0.524465,-0.625353,-0.483794,1.042826,1.533202,0.151853,1.023594
-2.250296,-0.12386,-0.757397,-0.446556,-0.597828,-0.606317,-1.499609,0.264279,1.319465,-0.394794
0.699774,0.856349,,0.454137,-1.258677,-1.576907,0.966114,0.360525,-2.315554,0.057801
-1.696319,-0.216066,-0.422133,-0.24213,1.725763,0.234976,-0.841572,0.019148,0.586669,0.519582
-0.395293,0.621114,0.130214,0.057463,0.407155,-1.558503,-0.208291,0.302728,0.864933,-0.547755
0.124285,0.503598,-0.201306,-1.754722,0.795678,0.124482,1.117167,1.041843,0.240936,1.063199
-0.452033,0.823579,,1.167231,0.782814,-0.234096,-0.195827,2.104451,1.565296,-0.874815
-0.82074,0.689661,0.434092,0.44799,-1.114995,1.581027,-0.190903,0.11911,1.459335,0.764804
-1.244813,0.238294,-0.419324,-0.965033,0.130085,-1.447061,0.379072,2.648923,-1.198559,-0.026112
-0.429097,-0.906861,,0.145401,1.405264,1.296059,0.199904,-2.775195,0.337247,1.374555
-0.439796,0.290933,0.438494,0.640419,0.188721,-0.329691,0.918135,-1.034045,-0.324759,-0.193361
1.271237,-0.774447,-0.268826,-0.961428,-0.369793,2.043903,0.423543,,-0.079582,1.652384
-0.033552,-0.341824,-0.198642,1.722153,1.518125,-0.146104,-2.198334,1.210713,0.20168,0.493157
0.68878,2.556579,-1.305299,-0.956542,-1.264339,1.021617,0.52383,-1.220133,-0.837486,1.008724
-0.765625,,-0.083977,-0.087084,0.790469,0.229016,-0.415288,0.664435,-2.971193,0.863126
0.932517,0.45845,0.127325,-0.296288,,-0.668357,1.071167,-0.218622,-0.896181,-0.318231
0.891482,-1.648963,-1.011853,0.804114,0.121848,0.241376,0.395862,0.382395,-0.62383,-0.084844
-0.731945,,0.190753,1.064188,0.45271,0.415721,-1.705538,-0.175141,-0.722039,-0.732177
-0.42468,-0.481208,-0.780117,0.75971,0.554121,1.023316,0.835277,-1.326239,0.004427,-1.206457
-0.091584,-1.556985,-0.398831,-0.155153,-0.427714,-1.044027,0.429517,0.929064,0.910201,-0.119482
0.621742,-0.244084,-0.616599,0.182997,0.190706,-0.707729,-0.382088,0.146052,-0.97194,-1.214644
-0.418226,-0.169138,1.37813,-1.483534,0.444006,-0.665254,1.240017,-1.494058,0.83445,1.095153
0.672742,-0.796615,0.55823,-0.839387,-0.129669,-0.286584,,-0.549599,1.544641,0.278627
1.064893,0.691294,-0.360499,-1.185471,-0.24863,-0.039048,-0.898193,1.748157,-0.2469,1.096253
0.205249,1.449251,2.307879,-0.945104,-1.447618,1.421458,-0.222567,2.373226,0.170267,
0.849354,0.391239,-0.081687,-0.0357,-1.344327,0.987291,-1.05661,-0.868196,2.227077,0.968302
0.316474,0.160082,-0.470589,-0.742137,-1.090951,-0.022168,1.549853,-0.482719,-0.294552,-2.177693
-0.740706,0.547341,-0.103256,-0.02696,0.1828, N/A ,-0.039013,-0.18268,0.468394,
-1.107068,1.314115,1.060361,0.95535,,1.596805,0.335495,1.349927,-1.908392,-0.253043
1.021057,-1.14913,0.58789,-0.484636,,-0.254714,-0.657878,1.066882,-1.063048,-0.005895
1.700923,0.535927,1.321533,0.414254,0.028052,0.216326,,-0.86928,-1.691089,-0.351271
2.027773,-1.134641,0.976485,1.302995,-0.119856,-0.523562,-0.649349,1.985531,-0.43239,1.451252
1.401835,-0.631221,-1.388913,-0.40846,1.136877, N/A ,-1.051482,0.745722,-0.079124,0.881212
1.121351,1.03501,1.988856,-0.542095,0.953897,-0.502697,-0.639948,0.334345,-0.003083,-1.160303
1.36628,0.507437,0.553926,0.686588,1.392672, N/A ,1.336736,-0.956469,1.352941,-0.653154
-0.431078,-0.931946,1.306325,0.73306,0.669501,-1.046119,-1.737646,-0.155901,-0.219783,-1.439568
-0.457365,-0.372548,-1.83679,-1.151832,0.955524,0.13457,,-0.306126,0.127606,1.130312
-2.187374,0.085508,1.078524,-0.109076,-0.185227,-0.461341,-1.105546,-1.388871,-1.064173,-0.146536
0.110911,0.686839,-0.674999,-0.805116,-0.289792,0.114062,1.620038,-0.046306,-0.356713,-0.060337
-0.012766,0.05562,0.567376,0.471305,1.217668,1.47739,0.528175,-0.44728,-1.428611,0.92537
-0.71373,0.005037,-0.266152,-0.599728,0.390872,0.717219,-0.181144,0.27703,0.135176,-0.983016
1.390845,-1.428499,-0.70902,0.537697,-0.537668,-0.0675,0.688407,1.543801,-0.406915,0.105966
-0.034958,0.817712,0.159505,-0.922805,0.437619,-1.555554,-0.048816,,-1.664071,-0.272382
-0.662171,-0.132733,-0.723126,-0.283038,-0.719588,1.170059,0.796507,0.789319,-0.070509,1.173999
,1.218054,0.111924,-0.161318,1.074494,-1.390173,0.653618,-0.068574,-0.307313,0.487854
-0.857305,-1.151298,0.399757,-0.361051,0.24608,0.596355,-0.527614,2.391968,1.766308,-1.738423
-0.230949,-0.078831,2.860284,1.519602,0.641347, N/A ,1.521485,-0.866318,0.340531,-0.252938
1.472633,0.743931,,0.146183,1.370747,-0.251646,0.834562,-0.310468,0.424378,0.873787
0.916358,-0.043381,1.490609,-1.10349,1.775051, N/A ,0.536367,-0.801265,0.308387,-1.157194
-0.816889,0.407341,-1.273165,-1.546664,1.700925,-0.079633,-0.877142,1.111886,-1.887725,-0.026933
-0.933684,-0.128244,-1.285132,-0.432535,0.768246, N/A ,0.473521,2.127203,0.159147,1.104884
-1.794165,0.144657,-0.258538,0.032056,-0.217732,-1.009156,-0.674151,-1.38351,1.850962,1.083495
,-1.308544,-0.390365,1.711713,-0.37394,-1.011138,0.376638,2.006925,-0.218621,0.458962
1.459146,0.673074,0.08558,0.297598,0.828193, N/A ,0.145124,1.795418,-1.321729,0.389361
1.817799,-1.435573,,-0.646749,0.763034,-1.281873,-2.049782,2.299859,1.051953,0.806335
,0.033879,-0.501834,0.587319,3.029356,0.735919,0.886593,0.05812,0.139961,0.228021
-2.205712,-1.427671,0.323161,-0.93093,0.369922,0.29807,1.305287,0.30848,-0.371857,0.607257
-0.480529,2.148206,-2.488773,0.04998,0.127005,1.82988,-0.923208,-1.147156,,1.219938
,-0.299198,,0.161513,0.397136,2.487555,-1.750509,1.487845,0.507301,-0.768735
0.934974,0.543363,,1.091377,, N/A ,1.095367,-1.773208,0.168797,0.04774
-0.781411,-0.130622,0.921826,-1.112386,0.824369,0.098709,0.004297,-0.655783,,0.192739
0.08303,,,0.058606,-0.577656,-0.792753,-0.986826,-0.186301,-2.346967,-1.553133
0.815671,0.582169,-0.288075,1.23556,-2.15453,0.066715,-1.252123,1.37719,-0.077926,-2.02772
2.373278,-0.083729,0.68516,1.321905,-1.254814, N/A ,1.064635,-0.453704,0.873567,-1.197083
-0.574903,0.89142,-1.595965,0.47672,-0.343487, N/A ,0.60061,-0.410309,-0.133947,1.045502
1.218167,-0.378754,,-0.821819,0.188702, N/A ,1.550896,-0.85017,-0.709103,-0.112635
0.784934,1.121559,0.158242,-1.395306,-1.067038,0.409842,-0.031429,0.198591,0.369165,1.501966
-0.867665,-0.510422,0.385642,-0.592448,-1.875841,1.531772,0.087918,0.262958,-2.127958,
0.164151,0.818842,-0.041451,-0.215893,0.466296, N/A ,,-0.722565,1.115844,0.036021
0.482054,-0.109259,0.55473,1.025727,-0.558933,-1.034201,0.965588,0.286319,-0.508539,-0.614813
0.104281,-1.345537,0.703578,0.967621,-0.566628,0.941678,-0.446508,1.971634,1.673274,
-0.08936,0.562209,0.69703,0.036304,0.251196,-0.476535,0.584439,0.425208,-2.185234,0.467893
-0.501619,-1.406287,,-1.519638,0.4058,-0.373,0.10442,0.77186,-0.387873,-0.185454
-0.456907,-0.050464,2.281046,-0.729084,-1.646378,-0.082577,0.646255,0.121805,0.385837,0.062341
-0.162404,1.062107,-0.431658,1.509566,1.042828,1.349358,1.000129,-0.372906,0.020652,1.124374
0.639379,-0.538399,-0.890353,0.06307,-2.523988,-0.510699,-0.936014,0.159583,-0.272882,-0.609436
-2.150062,,0.069337,-0.556919,0.770826,-2.533052,1.174656,-0.047554,,-0.313821
-0.305286,,-0.150163,-1.510654,-0.396713,1.157064,0.599307,-1.604144,-1.123025,
-1.920668,0.311118,0.237054,0.168061,-0.331781,0.059033,0.121525,2.457919,1.09878,1.06011
0.417997,-1.131108,-0.53837,0.12254,-0.538117,-0.102163,1.208033,-0.033369,-0.605552,-0.639909
1.113498,-0.212336,0.738295,1.886394,1.859907,0.125466,0.086042,-2.181939,0.745186,-0.705822
0.502035,0.064277,0.972833,-0.372307,-0.060858,-0.053041,2.21065,1.556363,-1.625525,0.039992
0.00612,-2.325266,0.81065,-1.152547,-0.111392,-0.040291,0.878446,0.918708,,-0.202697
-3.00619,0.070795,-1.262582,-1.135504,-0.67433,1.318021,0.000531,0.184183,-0.094455,-0.269107
-1.334312,-0.073333,-1.438067,-0.451068,0.529912,1.099164,1.34039,-0.972179,-0.589177,-0.98245
-1.203356,-1.150879,-0.200363,0.85249,0.929646,0.642924,2.03084,-2.135524,1.25753,0.534482
-0.075507,,-1.102681,1.08864,,0.338418,-0.303746,-1.02639,0.100418,0.10687
0.58883,0.086831,-1.925307,0.118105,,-1.306554,-0.45411,-0.848995,-2.441217,-1.142438
-1.210749,-0.984791,-0.472872,-0.728459,-0.121717,-0.746829,0.156359,0.851076,1.175542,-0.429142
0.68051,1.366465,-0.151087,0.175383,-1.222558,0.243875,0.661383,1.213184,-1.155823,-0.431631
0.678331,-2.052423,-1.422673,0.023637,0.582372,-0.872812,-0.361058,-2.935531,0.980034,-0.137821
-0.32432,0.445087,2.056646,0.02204,-2.260012,-0.316522,-0.502325,-0.590328,,1.146299
0.38714,-0.411107,0.08198,-2.139881,1.810412,-0.217918,-0.340699,1.179809,0.089745,-0.422199
-0.108177,-0.356619,0.135383,0.299147,-0.6771,-0.334893,1.309035,1.788873,0.155386,0.293843
-0.514119,0.849006,0.766869,0.514023,0.25676,-0.32275,-0.124718,0.793196,2.091577,-0.767316
,0.498199,0.580031,0.718289,-0.633712,0.346819,0.939736,,-0.650201,-0.302652
0.980572,0.079052,0.604963,-1.640295,-0.389922,-0.137455,-1.373824,0.947577,-0.773141,0.463024
0.594244,-1.465642,0.859348,-0.207019,1.377115,-1.558312,-1.141491,-1.581224,-0.25112,0.827801
1.153279,1.924453,0.01757,,0.88674,-1.845727,0.389439,0.984257,0.751574,-0.377377
-0.345758,0.590052,1.049945,0.740051,-0.503022, N/A ,0.834826,-1.560816,1.510749,-0.757843
,1.130305,-0.853822,-0.473599,-1.171216,-1.616859,,0.060667,1.793949,
-0.154029,0.836524,1.67074,-0.633914,-0.385453,1.293239,-0.32337,-0.657719,-0.251398,-0.912856
-0.141061,2.313377,-0.998756,1.062461,2.236388,-0.445467,-0.039204,-0.259299,0.333628,0.067791
0.86457,-0.216343,-1.330666,-0.308122,-0.670663,0.163026,-1.838775,-0.385344,-0.648928,0.745544
-0.258166,-0.49514,1.007308,0.348909,0.399666,-1.517225,-0.144337,0.812413,0.728487,0.494246
,0.04012,-1.311957,1.41551,-0.422806,-1.275996,0.299752,-1.086327,0.912544,-1.133452
0.742317,,-1.729985,0.357658,-0.866456,-0.825026,,-0.979889,0.109628,-0.55314
-0.172157,-0.739629,-0.007931,0.287673,-0.780072,0.855137,0.754724,1.021838,-1.19335,1.611543
0.776824,0.645985,1.866082,1.201014,-0.444966,0.002681,0.898853,0.52852,-1.319964,-0.26247
0.879281,0.959445,-1.457804,-0.953146,0.268444,-0.130058,0.758996,-1.723458,0.537699,0.304756
-2.103753,-1.779037,-0.402182,-0.774592,1.091467,0.329062,-0.262597,,0.449586,0.385618
-1.616703,,-0.31015,0.93818,0.569324,1.606109,1.94807,-0.691103,-0.169386,-0.975096
0.51697,0.376371,-0.103087,0.547968,0.769542,0.729438,-1.14437,0.696764,2.416648,0.36681
0.191281,1.487319,-0.83376,-0.159558,-0.215729,-0.729616,-1.382131,1.078626,1.768279,0.518615
-0.360966,-0.728802,-1.271618,1.106299,0.410573,-0.402861,-0.485983,0.57914,0.296995,1.461944
-1.87089,0.121722,-0.476416,1.629287,0.453502,0.809674,,-0.049242,0.427048,0.180009
0.413387,0.009826,0.103575,0.483644,1.00787,-0.001962,-0.141748,0.706674,0.150827,0.770006
0.097039,-1.185998,0.467466,-1.270905,0.459798,0.22889,-0.794924,-0.539463,-0.600915,-2.139853
-0.171497,0.825671,2.238584,0.062008,0.171757,-0.12096,-0.396934,-1.071188,1.015116,0.360214
0.308065,0.091747,-1.604283,1.060201,-0.295607,0.422746,0.802016,-0.158702,0.184596,
-0.963573,1.149737,-0.408098,-0.644644,1.193023,0.685432,-0.627562,-0.851672,,-0.052571
-2.130477,-0.543849,0.129817,0.561988,-0.844351,0.301587,1.366825,1.497425,-0.536319,
0.848036,0.821166,-0.700832,,0.514628, N/A ,0.174813,-1.118993,-1.265939,-0.748458
-0.810797,-0.307728,,-1.265397,-0.433096,-0.289366,0.846052,-0.071088,-0.160737,-0.605492
,0.6532,-0.172673,-1.055589,-1.219593,-1.958509,,-0.671772,0.133605,-0.808222
-1.677075,1.017096,0.869556,0.682599,0.765439,0.343282,1.070499,-1.046023,0.323176,-0.951161
1.402705,-0.536946,-0.307557,1.757316,-0.339413,0.843898,0.542301,-0.128047,-0.195826,-0.638445
-0.141054,-1.329607,-1.872498,-0.453483,-0.461497, N/A ,-0.1868,-0.834752,-0.488123,0.271735
-0.02038,-0.732566,0.754485,-0.289776,0.897911,-0.029141,-1.942463,-0.786724,-0.254048,-0.098012
0.342541,0.832167,1.122629,-1.956939,-0.868019,0.297561,-2.092815,0.2176,-0.403152,0.846589
-0.741106,,-0.404644,1.910215,0.409008, N/A ,0.53086,-1.780164,0.121484,0.734924
1.143924,0.672257,-1.436149,-0.626556,-0.183271,-0.279193,1.261221,0.211651,-0.716082,0.177946
0.451177,0.144999,-0.603673,2.211134,,-0.538504,2.223895,-1.395345,-0.017324,1.868301
-0.306809,-0.335203,-1.78601,1.514744,1.23011,0.168037,-1.056316,-0.809016,,-0.058378
-0.548553,-0.07537,-0.669778,0.027084,2.25765,0.121554,0.005689,0.364487,-1.253315,-0.901231
-0.187471,0.736398,1.150361,1.237557,-2.224674,0.268547,-0.620897,1.740983,0.399745,0.552019
-0.436226,-0.990236,,0.625594,0.084676,0.535943,0.54505,-0.364563,0.113865,1.838808
,-0.178486,1.343542,-0.209551,, N/A ,,-0.797364,1.758823,0.677112
0.046254,,0.16495,-0.984349,-0.75979,0.125673,-0.466833,0.48368,-2.121702,0.581427
0.384154,-1.493273,-0.49257,-0.215033,1.256783,-0.708654,0.180265,-0.409508,,-0.971474
2.536064,0.493661,-0.823895,-0.575096,0.818486,-0.154571,-1.436934,,-2.461438,-0.375493
-1.442228,0.759042,0.945341,0.15763,-1.216966,0.711301,0.599061,0.686607,-1.165891,0.04526
0.354663,-0.474041,1.922107,0.317215,-0.345818,-0.447493,0.842299,-0.744886,,0.1154
-0.211178,0.011721,-0.933032,-0.664673,1.320472,-2.958012,-0.960865,-0.442184,-0.74671,1.768643
1.391518,1.718093,-0.002375,-0.161606,1.608036,-0.324603,1.928399,0.945734,-0.374307,0.147743
-1.725361,,-1.366342,1.794084,,0.144706,-0.767936,-2.190696,-1.068229,-1.060197
1.819469,0.333525,-0.012596,0.519297,1.292046,1.324824,-0.012628,0.051902,,0.706278
0.368108,,-0.901853,0.137325,-0.766335,1.802481,0.300536,0.054306,-1.560542,0.476081
-1.69928,0.232011,0.117467,,-0.944239,-0.499421,0.412726,0.404774,-0.259245,0.490485
0.987733,0.212549,-1.328605,-1.181135,0.333237, N/A ,0.146571,0.170617,0.556198,0.428353
1.623219,0.461059,-1.071936,0.078823,-0.95705,-0.728335,,-2.249745,1.194469,-2.170471
0.475053,-0.416442,,0.017574,0.236775,1.511857,-0.50994,0.233945,1.04991,1.472708
0.295089,1.748189,-0.213106,-0.146652,1.181157,1.188296,-0.084634,0.483407,1.376094,-0.684139
0.179693,-0.063792,-0.631172,-0.111026,0.706555,-0.524261,1.261034,0.483303,1.175949,-0.320379
-0.695883,0.662266,0.945108,1.005365,-1.073138, N/A ,-1.807704,0.512165,-0.551302,1.523458
-1.448114,-0.456779,-0.408078,-0.205555,,1.142664,-0.892917,1.844287,0.302123,-0.012438
-0.12689,0.889313,-1.715325,0.824266,1.057649,0.823124,-1.028227,0.266983,0.23382,-1.562318
0.530537,-1.966791,-0.6745,-0.228436,-0.486799,-2.481622,0.649553,-1.812841,-0.269083,-0.047768
0.207962,-0.436383,-1.520193,0.584099,-0.237689,0.433557,-1.319545,0.093274,-0.579776,-0.050728
-0.418625,1.710389,,-0.439771,-1.98804,0.130483,-1.261349,1.866676,-0.258192,-0.042498
0.377614,0.655152,-0.116266,0.721632,-0.13201,-0.194443,0.273937,0.502835,,0.853369
1.711477,0.332084,-0.321455,-0.607117,1.491047, N/A ,-0.546958,-0.457836,-1.349758,-1.16937
0.635213,-0.625373,-0.46887,-0.952638,-0.63352,-0.587868,0.341065,-0.354795,-1.424477,-0.674718
-0.654915,0.324963,-0.51571,2.306229,0.400259,-1.918504,0.322125,,-0.18852,-1.27734
-1.599069,,,0.579098,-2.026719,0.675699,0.071048,-0.907824,-0.600753,
-0.368857,0.493847,-0.425385,1.594264,-0.688637,-0.574084,-0.627753,-0.96285,0.692427,1.576625
1.020559,-0.07359,1.647128,0.142745,-0.088178,-0.304869,1.973336,-1.158953,1.840014,-0.315016
-0.661643,0.357769,-1.977175,-0.743013,-0.265303,0.302346,-0.347622,-0.74674,1.00362,-1.129459
-0.062337,0.567983,0.391219,0.657353,1.520929,1.142753,-1.922346,0.508283,-0.403915,0.175135
0.561615,-0.342331,-2.936389,0.116784,0.554466,-0.296535,-0.21488,-0.134629,-1.637323,0.022157
0.403146,-0.722544,-0.777555,-0.189496,1.048568,-1.457415,1.195568,-2.095294,0.219184,1.134341
-2.094371,-0.228337,,-1.824392,,1.77937,-0.412824,-0.447417,1.163695,0.682693
-0.374978,1.612105,-0.854441,-0.003438,0.899537,-1.570084,-1.567576,-0.676505,0.308917,0.169206
0.439347,0.658838,-0.233625,0.29261,0.045502,0.074843,0.277544,-0.103266,0.127693,0.228588
-0.540727,-0.499793,-0.671798,1.237063,-0.33152,0.338475,-0.215287,0.141094,-0.365228,0.482662
0.498411,0.439556,-0.229283,-0.252973,0.16492,-0.004437,0.845316,-0.811581,1.437445,-2.094868
-1.248926,-0.247213,1.502015,-0.070751,-0.622703,0.476982,0.377738,0.986124,0.691725,-0.04985
-0.356208,-1.005448,1.574859,1.870825,1.764662,0.464167,0.894075,-1.168631,-0.005398,-0.337061
1.632994,0.59139,0.586033,-0.129131,-0.115061,0.765206,-0.007478,-0.159776,-1.465516,-0.630871
0.498618,-0.976392,-0.364958,-2.659007,0.886049,0.020897,,0.992569,-2.092741,-1.647204
-1.395282,0.52511,0.918867,,-0.834825,-0.748136,,-0.750876,0.420395,-0.387602
0.153817,0.318024,0.415617,-0.309508,0.261719,0.639096,1.137291,-1.220635,-0.671836,-0.949422
-1.824799,0.861903,1.95586,-0.101409,,-2.327698,0.560094,,0.683953,-0.957545
-0.654698,-0.136579,0.940221,1.75138,-0.18996,-1.219688,0.442227,0.442194,0.219485,0.034475
-1.103199,-1.400609,0.438817,-1.214257,0.528751,-1.226191,1.281247,1.055728,-1.834097,0.872011
0.737867,-1.055183,-1.059616,1.874716,, N/A ,-1.306664,0.630663,0.848335,1.273652
-1.748944,-1.276668,0.025449,0.412717,1.091806,-0.372339,0.803084,-0.937101,-0.423504,0.636367
-0.171913,0.503701,0.962396,0.056634,1.895526, N/A ,-0.31715,-0.392706,0.798568,-0.462334
-0.841288,0.129864,-0.092956,-2.363403,2.104143,0.070616,,-1.25673,1.350744,-1.905818
-1.144794,-0.773849,-1.424661,0.424612,-0.92409,-0.226604,0.269604,-0.016557,-0.381557,0.266254
0.627818,0.009109,-0.569445,-1.040756,0.530733,-0.332664,-0.059208,-0.323838,0.064744,-1.462504
-0.889659,1.138754,-0.949347,-0.645042,0.745154,-1.323304,0.112241,0.662303,1.484926,-3.254553
-0.845402,0.268022,0.795164,0.848182,0.08825,-1.091632,-1.816532,0.459279,1.718923,0.754557
2.215291,-0.371944,0.301829,0.275135,0.383334,-1.184225,0.576763,-0.86038,0.313208,0.855827
0.342978,0.093665,0.160064,-0.061558,1.821441,-1.225223,0.340167,,0.529169,0.269574
-0.532856,0.187636,2.493383,-0.518275,-1.095399, N/A ,0.984482,-1.032366,,
1.311467,-0.400056,-0.728562,2.14738,3.201618,1.340252,0.390111,0.689294,-0.636666,0.851234
0.015507,0.162433,-0.821259,-0.98783,-0.963093,-0.209407,-0.954856,0.00271,0.67396,-0.212187
-0.777932,0.078488,,0.500299,0.47158,0.006038,-0.116853,0.078018,0.842321,-0.505003
-0.336188,-1.818869,-0.06765,0.587341,0.47256,1.176255,-0.841382,-0.775686,1.009999,0.205091
1.211263,0.929106,0.659828,-0.980109,1.506662,1.792909,-0.172128,-1.248437,-0.380665,1.468875
-1.864658,0.931475,1.484341,0.527281,1.310428,-0.610563,-1.108216,0.033801,,-0.127996
1.358646,-0.161742,-0.518433,0.922797,-2.913332,0.929032,1.393487,1.289428,-0.70684,-0.173057
-0.630716,0.923652,-0.334633,0.19999,1.724537,2.855298,-0.553104,0.514206,-1.872203,-0.28862
1.753584,-0.003435,0.293497,-1.67464,,0.784794,-0.985884,0.03581,-0.739334,-2.429374
0.094882,0.474854,,0.302669,-0.295588,-1.29939,-0.630912,0.014343,-0.972028,-0.838126
0.026846,-0.918689,1.288915,0.42166,-0.162102,-1.817591,,0.202749,-0.492738,-0.956669
-0.517508,-0.207275,-0.609728,1.179102,1.943887,0.769828,1.607345,0.936718,0.904398,-1.062471
0.215115,1.188197,-0.99076,-1.469602,2.079723,0.603873,1.539567,-0.666388,-1.310475,1.536076
-0.237125,3.343317,-2.400905,-1.11397,-1.195016,0.194273,2.04116,1.137538,-0.153702,-0.079249
-1.344969,-0.590219,,-0.940624,-0.160572,-0.013727,1.255846,0.462864,1.152959,1.749031
0.695185,-2.653349,0.171615,-1.425103,0.86459,0.378837,0.366538,1.49651,-2.316399,2.737222
0.536004,-0.574967,-0.919555,-0.136248,1.185015,-0.659892,1.086903,2.741031,-1.255696,0.861859
-0.858555,-0.291199,-0.172714,0.280833,,-0.046822,-0.173137,-0.595968,-1.22292,-0.436455
-0.021782,-0.467457,1.099284,-0.258028,0.668939,-0.277247,-0.133957,0.128723,-0.356437,-1.076426
0.544228,1.697205,0.398174,0.346008,-0.493459,0.630193,0.1079,-0.828019,0.030628,-0.738784
1.06866,-1.459548,0.364329,-1.288796,0.323709,1.20913,0.170911,-2.790158,-0.431337,1.599112
-0.515889,2.174685,-0.530122,0.289788,,-0.926296,-1.24037,1.157583,-1.161214,0.764977
0.960023,-0.876987,1.012175,-1.248757,0.229043,-0.576193,-1.813687,-2.100373,-1.218952,0.931838
0.033477,-0.334419,,-0.76528,-0.772298,0.052373,1.009214,0.387171,0.855408,-0.221418
-0.188502,-0.834856,-0.397896,-1.194738,0.070405,-1.657716,2.10824,0.627451,-1.341587,-1.063926
0.113109,0.642616,,-2.67065,-0.349649,-0.127339,,,-0.715244,1.39599
1.862176,0.152567,0.874548,1.484203,0.325127, N/A ,-0.751689,1.424692,0.094968,-1.373574
-0.327432,0.404835,0.720829,-1.017563,-0.351851,0.316026,0.588762,-0.795404,2.777179,
-0.698712,-1.651938,1.774679,0.066041,-0.936506,1.536413,-1.333734,-0.9482,,0.171279
-0.547815,0.397538,-0.695675,0.738091,-0.899096,-0.189117,0.184207,-0.262955,-0.787071,-0.426658
-0.819535,1.120296,-0.775348,-0.118346,-2.239466,-0.646226,-2.067588,-0.908089,-2.204009,0.034942
1.53656,0.685403,0.599369,-0.663953,-1.035775,-0.30722,0.345961,1.433186,-0.610739,-1.146423
-1.032483,0.166904,-1.871384,0.864325,0.467038,-0.132521,0.058032,0.36751,0.230204,0.067823
1.265649,-1.350971,1.935097,-0.840868,-0.173354,0.072878,0.521712,0.458669,-0.278308,-0.230976
0.153003,1.12098,-1.023732,-0.100791,0.032153,-0.556254,-0.574232,-1.33003,0.996907,-1.220574
0.158592,0.40898,-0.397346,0.612483,1.73336, N/A ,0.128442,0.842396,0.574358,-2.297647
-0.70987,-1.431754,-0.947781,-0.100691,-1.464923,-0.292558,0.181314,-0.680157,-0.387007,1.571025
-0.965778,-0.050622,,-1.711641,0.062151,-1.26667,1.178833,0.480419,,0.000597
0.474002,,-0.937174,-1.075746,1.290184,0.276196,-0.58695,-0.812354,2.407794,
-0.195919,0.08008,0.628313,0.05152,-0.598754,0.225331,-1.432889,-0.14608,1.151672,2.073973
0.807279,-0.276558,-0.217055,-0.82814,,-1.253426,1.073198,0.800188,0.281384,0.062632
-2.19115,-0.591212,1.632059,-0.319981,1.622695,-0.045392,0.568936,0.571244,0.257694,-0.40737
0.694809,,-1.219635,-1.200115,1.368868,0.187146,0.743249,0.037077,0.837102,
-0.228639,0.681131,-0.1385,-0.608064,-1.019447,1.080628,-2.426714,0.290981,0.848083,0.351732
-0.6802,-1.01207,1.342712,-1.527768,-1.117223,1.477261,1.400593,-0.828765,2.143767,0.300519
0.179177,1.561036,-0.515097,0.849025,0.735992,1.590648,-0.387118,0.871798,2.665271,-1.426741
1.760223,-0.611008,0.258906,0.945152,-1.818763,-0.185736,-0.234227,-0.556278,3.109417,0.623965
0.502884,-0.024978,,,1.700017,-0.413133,1.298233,,0.085582,1.693457
0.57318,-0.586847,0.556919,0.478207,0.000422,-0.365865,0.931817,1.065306,-0.320826,-0.590121
0.784408,0.821423,-0.640977,-1.818175,-1.376027,-1.374392,0.766604,0.407094,-1.603473,0.433996
0.010274,,1.392212,,-2.050052,-0.12391,1.828887,-0.577327,,-0.075593
-1.762708,-0.437019,0.148202,-1.172377,,-0.403341,-1.066146,-0.625431,1.389295,-1.062467
-0.746041,0.779961,-0.137124,-1.035511,1.41981,0.766683,0.604192,0.740499,-0.221374,1.118079
1.023953,0.861482,-0.567676,-0.411934,-0.060251,-0.253373,-1.419998,0.164622,-1.452682,0.471342
1.525122,-0.581919,,-0.154578,0.860745,-1.518327,-0.465773,-0.421366,-1.116844,-0.873437
1.316145,0.018945,1.0366,-1.364788,-0.413359,-0.48989,-1.112804,0.494541,-1.228205,1.257601
-0.869035,-2.254089,0.426473,-0.010145,-0.151939,-0.48677,-1.207189,-0.074725,-0.579027,0.754022
-0.403901,1.19858,1.567467,0.21322,1.499887,0.22366,0.209023,-0.491244,-0.529062,-0.719553
-1.388797,2.523946,1.390374,0.259084,-0.533577,-0.707995,0.404764,0.122694,-0.063315,0.295817
0.683967,-2.299286,-0.598284,1.315561,0.645283,0.204107,-1.774414,0.893647,0.002854,-0.830443
-1.434267,-1.096486,0.722945,-0.636217,1.375994,-0.58665,-2.480327,-0.538819,0.887078,0.644877
-0.579207,-0.267985,0.415918,-0.321464,1.270494,-0.271334,-0.460426,0.042107,1.018444,-1.840659
0.385055,0.162826,-1.249953,-2.880426,,0.758117,1.066647,-0.578714,0.738389,0.806081
-1.289086,1.37199,0.27316,-0.023799,1.902029,-1.575288,-1.004393,-0.286153,0.365412,-1.936853
-0.523012,-0.016296,1.027171,,,0.448687,-1.535413,,-1.03592,0.063344
0.908113,0.635296,-0.406259,1.095994,-1.178097,-1.384673,-0.61807,-0.098719,0.96024,0.523356
-0.959799,0.597303,-2.026927,0.972201,1.020817, N/A ,0.312783,0.892793,-1.051977,-0.708642
-0.981663,-1.369502,-1.166826,-0.316818,0.392303,-0.564358,1.396676,1.088986,-0.732676,-1.171913
1.530534,,0.419754,0.346313,0.489267,-1.388542,1.108965,0.058,-1.133185,0.552417
1.816065,0.451046,0.067953,,0.353768, N/A ,1.415904,-1.069782,0.275841,0.806612
-1.179416,-2.549515,2.130697,0.388409,-0.145875,-0.896463,-0.222952,0.423435,,0.571931
-0.551475,-2.590938,0.990271,0.00145,-0.132081,0.761803,0.732908,-0.24075,1.665336,-1.502007
0.495063,-1.264048,-0.147857,0.095112,0.807461, N/A ,-0.201098,,0.346326,-1.765385
-1.035609,-0.610512,-1.191745,1.590947,-0.067557,0.175363,0.314873,1.288426,1.11637,-1.237347
1.160541,0.315954,-0.43473,-0.407057,-0.051844,1.151075,0.229413,0.074678,0.654444,-0.467139
-0.380836,-1.35273,-1.210879,0.336016,,-1.201224,-1.284514,0.632212,-0.274119,0.013544
1.292172,1.495101,-1.208383,0.752601,0.926248,-1.166851,-2.186362,1.380507,0.388788,-0.812807
-1.239016,,-1.347911,0.847158,0.142432,-0.632058,-0.422723,1.299358,-0.45893,0.861353
2.076328,-0.278578,-0.231351,-1.942288,0.544601,0.637749,-1.163805,-1.145347,0.54476,1.062112
-0.386948,-0.210443,-0.600385,0.540871,0.595518,0.994515,0.249629,0.59038,-0.212146,1.343974
2.135955,1.430225,2.107996,,0.501065,-0.143275,0.369688,-1.006505,-0.74829,-0.835323
1.690987,2.144277,-0.93079,0.488216,-1.273431,1.212955,-1.468979,1.691779,0.52465,-0.269856
1.306322,,2.436954,-0.301442,-0.983912, N/A ,-0.312693,-0.816564,0.329392,0.210454
0.269547,-0.529258,-2.636406,0.90318,-1.098562,-0.699701,-0.49517,0.889795,2.761458,0.414201
-0.403597,1.35795,0.918082,-1.790145,-0.058459,-1.427354,0.843928,,,0.561605
0.170104,0.692196,-0.520252,-0.373098,0.118074,-0.406708,-0.514023,0.38318,-0.436259,-0.845007
-0.41675,0.89737,-0.159721,1.404541,-1.283019, N/A ,1.093465,0.146546,,1.033935
-1.633597,-1.15189,0.353559,-0.765147,2.662605,0.259457,0.025056,-0.685588,0.54192,-0.346306
0.310987,1.440883,0.695524,0.344118,,-1.702632,-1.174032,-1.361048,,0.067452
,0.458685,0.771603,0.087256,-1.368152,-0.268657,-0.410824,-0.704531,0.475121,-1.45791
-0.607952,-0.769615,1.524893,-1.389226,0.466881,0.48004,1.27626,-0.25679,0.104366,2.279575
-0.618518,0.317181,0.544261,1.51358,-1.087607,-0.462917,-0.657112,-0.202387,-0.619694,0.068532
1.729883,-0.458358,-1.738179,1.933069,,-1.207331,-0.210671,-0.787815,1.075373,-0.331709
-0.512806,0.33658,1.291371,-1.628538,-0.269723,-1.983412,-1.154798,-0.412746,-0.826257,0.681339
0.141338,1.063892,-1.114863,-0.344034,,-0.549607,0.299194,0.812892,-2.013899,-0.182183
0.976341,-0.115195,-1.22723,,0.617438, N/A ,-1.555616,1.536667,0.713041,0.918359
0.615004,-0.834208,-0.028595,-0.357543,1.484081, N/A ,2.133532,-0.151418,1.142386,-0.26383
1.063339,2.837763,0.724,0.482323,0.262925,0.057106,-1.631782,-0.344857,-0.150205,-1.122597
-0.608235,-0.329608,0.01362,-0.901128,-0.694944,-0.530234,0.287197,0.372047,-0.282543,-0.929375
-0.362815,-0.274626,-0.834422,1.153143,0.546014,-0.175309,-1.354536,-0.22603,-0.280843,-0.683701
0.703562,-0.922169,0.811514,2.39045,-0.35706,-0.834622,-1.000979,0.151292,1.28768,-0.105635
0.619836,0.391929,-0.273437,0.387072,0.011407,0.301821,-1.070015,,-0.45077,0.75247
-1.329384,-1.66014,,-0.536247,0.348031,-1.806734,-0.024292,-0.13082,0.555951,
-1.237334,-0.098739,2.295438,-0.959681,0.289018,0.194929,-0.094907,0.894309,0.983242,0.28657
0.364012,-1.018123,-1.036216,0.13643,-0.3196,0.006031,1.522748,0.656098,-0.42866,-0.061913
0.624892,0.060089,0.121105,1.390185,-0.330415,0.103693,1.079883,1.259793,,0.364659
-0.260618,-0.611731,-0.164585,,-0.557473,0.144881,0.798298,1.251834,0.660265,-1.974448
-0.31824,1.794275,,-0.32325,1.219589,-0.240053,2.080522,2.041425,,0.297446
-0.127275,,-0.188958,0.041365,0.373111,1.267814,-0.674145,0.212183,-2.295741,-0.365053
0.622606,0.940108,0.219138,0.394423,0.793425, N/A ,-1.556926,-0.640886,0.077546,
0.766852,-0.297254,-1.805344,0.446106,,2.25447,,-1.565294,,1.335683
-1.176873,0.08495,-0.022489,-0.293176,0.04863,-0.230368,0.942767,-1.011295,1.028954,-1.102199
-1.133599,0.537116,,1.010723,-0.500698,-0.355454,0.151139,0.419859,-0.121519,-1.654924
-1.121618,1.037105,,-0.722884,0.33858,0.927116,2.870661,0.003259,1.67003,1.069639
-0.795005,1.060695,-1.829555,0.013818,1.703993,-1.250182,0.629484,1.805841,-1.143618,0.623987
-1.272739,1.07589,0.149153,-0.042293,1.187273,0.343428,-1.755169,-0.499983,,-0.117275
-0.132277,0.555726,-1.29004,-0.499369,0.571778,0.985428,-0.934644,1.689445,0.896355,1.226707
0.767252,0.111344,1.418393,1.746161,-0.347359,-0.477988,-1.214905,-0.853457,-0.810983,
0.709907,,0.377367,-1.132753,0.796452,-0.686169,-0.358625,-0.038359,-0.894809,1.464543
0.567256,0.663803,1.113782,-0.645975,-0.720606,1.646277,,-0.560173,0.684774,-0.177204
0.112515,0.901641,0.339033,1.687799,-0.686688,1.054232,-0.16079,0.571421,0.874589,-0.204415
-0.888331,0.780026,-0.036899,0.90668,-1.326079,-0.043651,-1.31311,0.50645,0.062818,0.661454
-2.116145,-0.480079,,-0.987138,1.946028,-0.940781,0.337122,0.103221,0.085309,1.22809
-0.374779,0.082534,-1.186907,-0.546857,1.858001,-0.295177,1.585561,0.589097,-0.743708,1.144553
-0.581548,-0.273035,-0.615851,-0.796758,-1.063944,-0.708728,0.419514,-0.290943,1.537173,-1.78221
0.427063,-1.784489,1.469371,1.444751,-0.643096,0.271274,0.92888,-0.217046,-0.425486,0.28484
-0.205988,0.409476,0.011827,-0.514484,1.056011,0.877351,-0.183117,-1.915556,0.987284,-0.093826
0.570654,2.256834,,0.717057,,1.189801,0.266819,1.602384,1.385631,0.250999
0.642027,0.710455,-0.895496,-0.146417,-0.099183,-0.053487,-2.463331,0.085862,1.372176,-0.748786
0.956432,1.774162,0.324851,1.892089,-0.428624,0.272792,-0.005924,0.51643,-3.197111,0.589041
0.634737,-0.990953,0.185395,1.02896,-0.18274,-0.41893,0.181046,-0.362415,-1.23852,-0.506259
0.351511,-0.428531,-1.020837,-0.106007,1.543551,1.035292,-0.716742,0.945934,0.864702,-1.548521
-0.054895,-1.667157,-0.822529,-3.020591,-0.361802,-0.613864,-0.141755,-0.14878,-0.217515,0.820517
-1.718319,-0.531921,-0.497924,0.340242,-1.34382,0.379176,1.098801,1.172905,1.397115,0.036332
0.608827,-2.57779,1.551593,0.203351,-0.73573,-1.047595,0.572471,0.240363,0.05489,3.665589
-1.398666,-1.6142,0.341503,-0.422846,-0.201529,-0.359444,0.50971,-0.296403,-0.594244,0.304517
1.687296,-0.014343,-1.302843,1.78786,1.310403, N/A ,0.882604,-0.081719,0.080953,1.486806
-0.85301,0.144867,-1.586239,1.169755,-1.25138,-0.53404,-1.083898,-0.444167,0.138737,-0.645146
-0.591734,-0.362449,1.54965,0.273777,-0.431328,0.198802,-2.900189,-1.670398,1.051329,-1.21899
-2.076988,0.261426,-0.745547,0.544521,-1.524484,1.490611,0.947848,-0.406726,1.819314,-1.265048
0.190902,-0.194162,-0.454915,0.491798,-0.528376,0.067489,-0.462686,-0.351726,0.521448,-1.433019
-0.529163,1.139356,1.442381,0.765056,0.200924,-0.169785,0.429617,0.478823,-1.331401,1.029662
-1.093761,,,-2.616792,0.594175,0.361311,1.719602,0.542276,0.301599,-0.877531
0.874858,-1.223618,-0.512566,0.449189,-1.038119,0.997911,-0.962125,-0.951527,1.610028,0.605274
-1.222331,0.912576,-1.881626,0.912334,0.457791,-0.16359,-1.860603,0.326625,0.949351,-0.073734
0.418917,1.004901,-0.623646,1.076385,-2.194486,-0.288289,0.972926,-1.110068,1.196353,-0.100926
0.510484,-0.391019,-1.778958,-0.419895,0.214517,-0.970823,-0.121774,-0.690898,-0.755426,-0.253597
1.310664,0.035792,,-1.171651,-1.140836,-0.956854,-0.280211,-0.701236,-1.504894,1.061218
-0.345531,2.768905,1.467674,-2.362776,-0.025164,1.048297,-0.611829,0.164624,-0.255921,-1.050812
0.928685,-0.108382,2.094387,0.801066,-0.125337,0.387372,-0.963745,1.003065,0.920491,0.017156
1.695277,0.954442,0.094626,-0.112435,1.054192,-1.936878,1.42723,0.101263,-0.059879,1.254958
-0.312922,0.31254,-2.354487,-0.042863,-0.669089,0.821929,-0.425458,0.094608,0.925548,0.250208
-0.379906,-0.178892,0.852658,-0.514295,-1.717063,-2.376509,1.384684,,-0.990763,0.156037
-0.824339,0.883029,-0.725542,-0.841686,0.010237,0.856971,-0.037491,0.733231,0.49611,0.614744
-0.26427,0.342423,,0.833411,0.114244,1.456357,-1.809793,0.575522,-0.444139,-0.053338
-1.119569,0.241816,-0.793447,0.830668,-1.220604,0.469279,-0.723117,-1.022963,-1.119675,0.602441
-0.813049,-0.406117,-0.740889,-0.008873,-0.600637,0.160483,0.704246,2.157079,-1.408273,-0.07174
-1.070483,-0.058831,0.987015,0.74583,0.044826,-1.440422,0.951906,0.474336,-0.800671,0.261021
-1.123597,-2.045356,0.061202,1.794792,0.504556,0.71172,-0.888993,-1.063746,-0.393165,1.96595
0.425014,-0.860001,-0.057269,0.509842,-1.317572,1.661697,-0.08657,-0.329204,0.662717,
-1.81893,1.740191,-1.46334,-0.379132,0.864328, N/A ,-0.24115,-1.409249,-1.477454,-1.079556
-0.27607,-0.780472,0.111422,0.598228,1.086281,0.172455,-0.397778,0.114322,-0.984097,-0.125885
0.244558,0.857348,-0.946239,0.364818,1.551509,-0.317563,1.731427,-0.742105,1.016303,-0.849601
0.738806,0.539058,0.175026,-0.254154,-0.355439,-0.218407,0.681314,-2.728402,-0.865263,-0.908071
0.109338,0.832922,-2.044089,-1.196669,-0.846444,-1.060791,0.172474,0.810675,0.420896,-0.169406
0.289353,1.812551,1.116247,-1.127717,1.535615,-0.427558,0.065183,1.63563,,0.330706
-0.808807,-0.085765,-1.116157,-0.526632,-0.559354,-1.210049,-0.492097,-0.776973,0.360626,-0.342861
-0.90426,-1.210263,1.205857,0.287071,0.921068,0.115913,0.310307,-2.311573,0.067603,0.119767
-0.937412,-1.841444,0.146955,0.367011,-0.355174, N/A ,1.528566,-0.294554,-1.31494,0.235559
-0.466319,0.879167,-0.250714,-1.457506,0.667409, N/A ,-1.430651,0.008589,0.944741,1.408679
0.036514,0.199829,1.482072,0.402057,0.899803,-0.071456,1.364645,0.483182,1.222928,-1.933327
-0.907179,-1.236818,-1.001637,0.25097,1.187895, N/A ,1.20543,-1.774217,0.347753,1.137324
-0.1999,-0.953041,1.443294,-0.004563,-1.031125,-0.704804,1.322666,0.156336,0.308727,-0.867357
-0.775566,-0.77731,-0.650202,-0.654637,1.042819,1.383509,-0.334451,-0.034143,-1.41561,0.145386
-2.043565,0.866268,0.010865,1.350021,-0.396398,0.963776,0.821752,-0.231638,-1.240399,0.895912
0.429403,-1.044956,-0.732425,0.329966,2.01198,0.700365,0.195677,1.237852,0.586723,1.299123
-0.708273,-0.434012,0.754238,0.610092,0.710614,0.30114,-0.302989,-0.345956,2.290494,
0.411423,-0.047813,0.266393,-0.482353,-1.654701,-2.467119,0.200081,-0.592714,,-1.008723
0.880908,-0.711824,0.699968,1.680987,1.443782, N/A ,1.700792,-0.497696,-1.248648,
0.540941,0.176497,-0.751091,1.443746,1.13039,-0.652994,0.187967,0.146138,-0.651129,0.145725
-0.64029,,1.828622,-0.061919,0.064755,0.646028,1.40995,1.208954,1.665053,2.867381
2.032875,-0.144004,0.116938,-0.601735,-0.339329,-0.073258,2.11896,-1.603326,-1.117843,-0.662918
-2.266753,-0.382824,0.292968,-0.557915,0.725981,1.275675,-1.373869,-1.275946,0.125975,-0.697325
0.825941,1.174594,,0.679408,-0.612373,-0.114125,-0.961302,-0.850652,-0.285331,0.542662
1.564742,-0.063373,0.037108,-1.272948,0.980544,1.883071,0.654859,-0.056727,-0.946733,-0.970403
-0.661988,0.080308,-0.040849,0.064589,0.910291,-1.561415,-1.413751,0.959043,-0.417121,0.307995
-0.62448,0.202491,1.596668,-0.277759,0.788032,-0.219977,-1.475713,-0.68315,-1.245317,-0.787507
-0.475424,0.210494,-0.249217,0.862749,-0.139489, N/A ,-2.450945,-1.289738,-0.001726,0.986117
0.22971,-0.802581,-0.289756,0.36333,-2.172928,0.832493,0.78805,-0.492423,-1.345272,0.585622
0.724729,2.44026,,-1.724658,0.823075,-0.750369,0.939422,-0.872444,-0.05823,-0.076467
,-0.883451,1.187165,-0.305831,-0.862044,2.089234,0.110038,0.280448,-1.107318,-1.183637
0.393457,0.569735,0.09826,-0.10472,-1.459674,0.779947,0.488952,0.835593,-0.176838,-2.000997
-0.664114,-0.97464,-0.495732,-1.157322,-0.251819,-0.550804,,-0.973192,-0.531778,1.315561
-0.547389,-0.50473,0.061693,-0.519868,0.017631,0.8395,0.008046,-1.062307,0.853973,0.104636
-0.698367,0.516207,,-0.290826,-0.292671,-0.539016,2.342264,-1.165445,1.231076,-1.900886
-0.540223,0.632876,-1.263707,1.365531,-1.00255,0.096462,-0.609285,-1.055762,-0.141559,0.162968
-2.005061,0.867943,-0.89739,-0.086692,-0.956331,-1.404112,-0.357167,-0.823163,-1.369225,-0.366356
-1.440015,2.444525,-0.369262,-1.843465,-0.283432,-0.817436,0.588347,0.455695,-0.833614,-0.280404
0.921251,0.342036,0.814157,0.117076,0.72521,-0.531625,-0.045313,1.7821,1.408445,0.411368
1.494513,1.048815,0.960118,0.12821,3.078698,-0.588775,-0.658408,,-0.13433,-0.413839
-0.111451,0.064473,,1.193079,1.051926,0.310623,-0.604152,0.153809,0.45264,-0.229177
1.060765,-0.930251,0.66735,0.992364,0.54701, N/A ,-0.249007,0.229971,0.662331,-0.014331
0.485309,0.119534,-0.047467,0.013975,0.129118,0.766034,-0.234573,0.039044,-2.469126,-0.24569
,-0.170318,-0.793206,-0.227054,0.144653,-0.493289,-1.456894,-0.431241,0.324264,-0.289323
-0.558805,0.866057,,-0.210104,-0.511375,-0.531711,-0.94621,1.647687,0.239622,-0.170089
-1.570883,0.73547,-1.500378,0.365038,0.042332,-0.152995,1.403146,1.987134,-1.125815,-0.264876
2.131404,0.795941,-0.297473,-0.817678,-0.602084,-0.063881,-0.035118,-1.919519,0.844481,0.471483
-0.550824,0.439807,-0.164242,-2.27837,-0.128489,0.14818,0.294584,,0.524758,-0.758296
-2.358194,0.403788,0.013884,-1.065995,0.70225, N/A ,0.853404,2.159266,1.612661,-0.129105
0.749434,-0.982666,0.371847,0.963468,0.03668,0.094308,0.049887,0.211956,0.633625,-1.463533
-0.16823,1.048003,0.214834,-1.253225,0.035459,-1.786503,-1.362339,1.581278,2.391421,0.66723
-0.947858,-1.040152,,0.256104,-1.053459,0.38712,0.432127,1.603668,-0.16145,1.091187
0.169657,0.815768,1.321671,-0.780264,1.551123,-0.892408,-0.18656,0.829272,0.865761,-0.102602
-1.974952,0.021247,-0.44867,1.589042,-0.079232,-0.148328,0.565769,-0.540268,-0.882742,0.205487
0.059995,0.883882,,0.256642,0.222734,1.604281,-1.030782,0.221239,-2.553194,-0.967945
-0.174133,2.365214,-0.495655,-1.699521,-0.785964,0.028085,1.482922,-0.526101,,-0.510599
0.677858,,-0.882487,-0.563159,0.374327, N/A ,1.890954,0.784489,0.951086,-0.292487
-0.894629,-0.45881,1.054132,0.996806,0.007004,-0.271933,-0.03394,1.229026,0.11409,-0.986639
-0.0799,-1.524977,1.935221,0.509598,-2.182084,1.303818,-1.644371,-0.145381,-0.815906,-0.544181
-0.096249,0.029558,0.741609,-1.307115,0.290384,0.499668,0.471408,0.444126,,-0.837528
1.048197,-0.397804,-0.332541,1.544888,0.101942,0.23822,0.205964,-0.822567,-1.262889,-0.019052
-0.18935,-0.807846,0.522076,-0.838655,-0.996852,1.637483,-0.745736,-0.140575,0.679729,1.369435
-0.407124,0.258061,-0.628388,0.836585,2.475528,0.040838,0.846194,0.649418,,1.658699
1.320307,-0.33964,-2.641663,1.779132,0.176107,-0.353161,1.255008,-0.396724,-0.971835,1.833568
-1.72289,0.319427,3.507698,-1.224967,0.340564, N/A ,1.994067,-0.763755,,-1.01678
-0.672576,0.359089,,-0.246718,-0.542824,1.007637,-1.295156,2.275652,-0.765511,-0.352021
-0.083304,2.658762,0.828384,0.217484,0.070965,-0.383817,1.418343,-1.290459,-0.952499,-0.298487
1.197496,1.073234,0.963525,0.355882,1.029902,-2.100676,1.00962,1.528739,1.659708,-0.38333
-1.005888,-0.820656,1.522005,2.124015,0.20842,0.806316,-1.253687,1.274353,0.082341,-1.398644
-0.377987,1.066323,-0.004763,0.558524,-1.902906,-0.784332,1.432427,-1.231447,-0.760304,0.430371
-0.72238,-1.43423,0.885072,1.499722,1.736074,1.698399,1.252541,0.809302,,-1.981643
0.249382,-1.345059,-0.106461,-0.192508,-0.119356,2.215666,-1.525392,-0.429717,1.047915,0.462142
-1.521521,0.690293,0.182285,0.727123,-1.167026,-0.591537,-1.006898,0.776122,0.798373,-0.689688
-1.266704,1.037796,-2.63269,-0.471071,-1.258728,0.171821,-0.853114,2.128275,0.828681,-1.928598
-0.238766,-0.444471,-0.473733,-0.466665,0.243509,-2.26841,0.742776,1.068878,0.473827,1.098649
-0.561644,-1.895797,-1.061604,-0.835836,-0.635761,0.697341,0.616727,-1.396385,-0.636095,0.080121
-1.441401,0.338104,0.638272,-0.491798,0.209051,-1.320492,1.321205,0.019826,-0.559067,-0.322285
0.437609,-0.544147,0.363067,0.976003,-1.112589, N/A ,-0.402391,-0.275592,-0.973585,0.953938
0.96792,0.45494,0.131354,1.720099,1.362846,-0.465632,0.009215,1.121615,-0.696456,1.242785
-1.333692,,-1.013566,-0.16913,-0.156835,-1.138557,-0.994944,,1.035651,0.705121
-1.329975,-0.334144,-0.494227,0.731546,0.395359,-1.470484,1.250167,-1.481111,,0.093237
-1.100292,-0.608035,-0.90857,-1.170793,,0.387972,-0.60588,-0.100775,-0.147289,0.834824
-2.145322,-0.138435,1.286979,1.522686,-0.694601,-0.188545,-0.40489,-0.575977,-0.26925,-0.009337
0.243734,0.004001,0.512141,1.244211,-0.723822,0.549581,1.893879,0.11749,0.538866,-0.434791
-0.528925,-0.681375,0.612195,-1.55782,0.116892,-0.050321,0.644621,0.518109,0.493298,-1.661998
-1.211053,0.636295,1.466917,2.124539,-0.26053,-0.88982,-0.833328,-0.937868,1.58401,-0.005235
-0.478248,-1.419152,-0.639077,0.238051,1.383,0.790558,0.535727,1.220285,-1.386454,-1.615453
0.106193,,-0.75968,1.099558,0.419716,-0.717368,-1.460665,1.436625,-0.039574,-0.922765
-0.174681,1.72017,-0.307055,-1.791916,-0.510893,0.559436,-0.607919,-1.76609,1.296792,-0.104265
1.393402,-1.894994,-1.22404,-0.924083,-1.310336,-0.65036,-2.00498,0.194545,,0.654679
-0.451966,-0.637686,0.496352,-0.913583,0.066548,1.139303,-2.302647,-1.601449,0.509949,1.853009
1.158404,-2.812012,0.473046,-0.76732,-1.114258,0.848837,0.838241,1.009664,0.615316,0.041002
-0.47564,2.065805,0.139793,0.093966,-0.785234,-0.37613,-0.087392,0.317342,1.440011,1.586682
0.410359,0.348897,0.502567,0.703211,0.137764,0.909148,0.576066,-0.588028,0.06579,-1.258188
-1.105427,0.316075,1.503202,-2.123921,-1.037771,0.458799,-1.241506,-1.951259,0.493796,-0.721375
0.717435,0.035134,0.39426,-0.333299,-1.587758,0.095354,1.020364,0.073912,-0.4823,-0.334082
-0.119046,-0.353177,0.533508,1.50968,-0.312536,-0.671202,-1.093258,0.760282,-0.984023,1.252319
0.927188,0.041543,-0.967284,-0.374225,-1.108772,-0.140022,-1.05159,0.084211,0.141566,-0.093152
1.020997,-0.363277,2.062772,0.591906,0.919652,-1.417511,-0.373214,0.262184,0.412536,-1.497959
,-2.001098,0.289152,-0.235236,0.753225,2.554578,1.655924,-1.478655,-0.487789,1.108379
-0.185221,0.732409,-0.959965,0.31848,,0.060658,1.239874,-1.453701,0.460052,-0.163043
-2.027576,0.76498,-0.060625,1.529059,,-0.806419,-0.994826,,0.729196,-1.244638
-0.670989,1.821454,1.931882,-1.491617,-1.109675,-1.211983,0.209488,-1.361541,-0.609614,-0.812437
1.491164,1.582454,-1.161148,-0.218115,0.246524,-0.362892,-0.11584,-0.076667,0.017952,0.153421
1.019926,-0.406572,,0.370339,-0.620566,0.452048,1.610651,-0.436817,0.124783,0.465253
0.857939,-0.215663,0.906479,0.024108,2.192649,-0.529902,1.559803,1.196663,,0.368329
-1.891597,1.024183,-0.014261,1.353403,0.933715,0.518057,0.436615,-0.419234,0.063934,-0.271519
2.648958,-0.065871,1.371132,-0.818843,-0.088039,1.589326,-0.975003,1.332164,,-0.355458
-0.859992,1.146779,0.674392,1.124087,-0.225226,0.686126,-0.049787,0.221562,-0.019283,-0.394546
-0.906338,-2.659551,-1.615229,-0.532309,-0.785797,-0.963515,-0.294186,0.243671,0.235035,-1.136747
-0.664261,-0.123675,-0.614093,-0.898523,-1.091046,0.113181,0.364396,-0.210103,0.014873,-0.361383
1.530759,0.704127,0.967674,0.996991,-0.283908,2.132322,-0.698457,1.528861,0.517734,0.166598
-0.002983,,0.403948,-0.367517,0.017177, N/A ,-0.347772,-0.981408,1.685181,0.774136
-0.236144,-0.672387,0.493091,1.193555,-0.678672,-0.322588,-0.27234,-1.612726,0.468024,-0.895457
1.430372,1.10092,-0.766655,-1.606479,0.197063,0.077004,0.180704,0.742334,-0.510586,-0.951582
-1.465749,-0.369638,0.279676,-1.998636,-0.843996,-0.717404,-2.11615,1.254599,-1.356118,2.246906
1.517284,0.583748,0.219211,0.292094,2.079076,0.592844,-1.156249,-0.783787,0.505114,0.777664
0.78188,,-2.701975,0.571175,0.285701,2.15948,1.697247,-1.111688,0.203855,-0.690656
2.001663,-0.084329,1.852188,-1.960353,0.210987,-0.89378,-1.569913,0.513446,0.102757,0.865412
-0.074032,0.109868,-0.257887,0.599296,-1.42812,0.908811,-0.998435,-0.414544,,-0.530201
-0.756548,-0.073174,-1.331868,1.152696,-1.572682,-2.126329,-1.405768,-0.471803,-0.738569,2.072374
-1.510724,,-0.538645,0.94173,,1.250194,-0.43782,-1.034479,-1.406283,-0.38485
-0.418271,-1.14503,0.562274,1.733783,1.099225,0.318605,0.401646,0.394821,-0.790265,-1.641742
0.727581,0.868561,-2.552448,-0.683056,0.009735,-0.470442,-1.143686,0.763729,0.329227,0.458704
0.222955,0.486909,-0.72197,-1.027776,1.416892,-0.066276,0.577559,0.788677,1.294707,-0.52433
-0.035703,0.617546,0.972419,0.123833,0.540156,-0.304246,-2.248819,-1.053554,,-0.695323
1.466824,0.503869,0.675527,-0.332553,-0.215314,-0.273408,0.61448,0.06153,-2.107435,0.063386
0.08941,-1.631585,-0.590891,0.5409,0.292174,-0.151205,-1.83393,0.454246,-0.303032,0.670313
-0.275143,1.224352,0.201011,-1.088372,-0.716154,-0.077544,0.860345,-0.535586,-0.012194,1.256732
-0.055459,1.054643,1.49569,-0.778924,-3.326249,-2.273479,-0.031436,0.016735,-0.750612,0.967636
0.822782,-1.695391,-0.220322,-0.938665,,0.10714,-1.453226,-2.723221,0.451314,-0.809634
-1.447481,0.441998,2.032746,0.003358,0.177564,0.013791,-0.531437,0.824646,-0.705666,-0.000111
2.056286,1.248789,-2.185552,-0.293314,-1.188979,-0.410084,-0.630998,-0.703381,0.35715,0.992659
0.002391,0.063889,0.082969,-0.088768,-0.158224,1.925402,-0.998074,0.699767,0.357447,-0.589441
0.058779,0.337271,-0.213128,-0.996705,0.326126,-0.908909,-0.853204,0.662428,-0.887649,-0.6568
-0.634319,-0.617988,-0.994381,-1.326053,0.292757,-0.15953,1.990556,1.630312,0.365617,0.792867
1.312336,2.434725,-0.090202,1.822746,-2.404648,-1.770782,0.176175,-0.312487,1.506007,-1.681446
0.442632,0.238454,-1.372341,-0.601388,-1.296427, N/A ,-0.525,0.973181,-0.010255,
0.175224,1.993058,0.70912,0.454344,-0.553326,-2.193902,0.819104,0.043246,-0.268314,0.222726
0.333991,0.698146,-0.923545,-2.009548,-1.401026,0.392205,,-0.371532,0.428755,-0.469304
2.209013,-0.731243,-1.215314,-0.610386,-0.624875,-0.907754,-0.019561,-1.479871,0.12637,-1.424587
0.170056,1.044617,2.386854,-0.546948,0.300281,1.129767,0.467409,,-0.330237,0.158185
-1.132465,-1.351543,0.195667,-1.489524,1.088783,-1.554013,0.087251,-1.982233,1.116079,-1.489569
2.180144,-0.364806,0.961269,0.353132,-0.547729,-0.35555,-0.461698,0.010445,-0.230826,0.681847
0.043644,-1.473651,0.865146,-1.355146,,0.258748,0.437243,0.330507,2.375213,-0.063079
0.545295,-0.718431,0.882208,0.335001,3.224721,0.423809,1.863911,0.858111,-1.408705,1.072021
0.925956,-0.904361,-0.090046,-0.445588,-1.817943,1.266959,-0.475539,-1.266784,-1.563011,0.945302
-0.346952,1.547157,-1.319906,0.139596,-0.290933,0.092377,-2.3919,1.455026,0.485155,0.318815
1.43222,0.259296,-0.476769,-0.697944,-0.21577,-1.781524,-0.102217,-0.869828,0.098923,-0.289116
0.128232,-0.403674,0.440269,-1.140995,-0.347889,-3.179967,-0.511514,-0.559026,,
,0.254026,-1.197862,0.785482,0.11657,1.256364,-1.616806,-1.479201,0.435157,-1.538222
-0.098986,0.192717,-0.851032,-0.088403,1.115266,1.684833,-0.03043,0.840649,-0.077103,-1.905534
,-1.477175,-1.432467,2.106978,0.451344,-0.969264,2.245205,-2.830579,-0.005899,0.133559
-1.967446,-0.189234,1.74667,-0.436536,,0.183062,0.291519,1.725896,0.985424,1.289194
,-0.426993,,0.384291,1.024137,-0.319976,-1.410013,,-0.645426,-0.515357
0.887575,2.882816,0.543562,1.024328,-0.406676,-0.554643,-0.97046,-1.427071,1.65938,-2.23063
-2.176496,1.091814,-0.005834,-0.251562,1.809235,-1.404066,-0.988936,-0.022337,-0.222697,-0.422665
-0.218964,0.641202,,1.454105,-0.648979,-1.727752,0.336575,-1.334264,,-0.163587
0.436,-0.74612,1.496538,-0.206722,0.701867,-0.735201,0.340331,1.524437,-1.309049,1.620976
0.263087,-0.217856,-0.788441,,-0.275676,0.075423,0.46146,-0.627929,1.062038,-0.987093
0.060144,0.298938,0.248491,0.088777,0.230129,1.092448,-0.48013,-0.55268,1.699976,0.135365
1.108242,-0.901203,0.040175,0.309592,,-0.759872,0.307228,1.425339,-1.157939,0.554751
-0.505453,0.893017,-0.527134,0.822801,0.348941,0.34254,-2.179721,1.445492,0.382891,-1.495129
,-0.342278,0.668257,-0.720398,-0.64227,-1.43938,-0.006042,-1.267466,2.015172,-0.954366
-0.748314,0.218127,0.505314,1.475667,-0.086649,0.426097,-0.28233,-1.579118,-0.402707,-2.060998
0.122484,1.42583,-0.931584,1.805075,0.737364,-1.894176,0.889212,2.070494,0.372657,0.273369
-1.116377,0.848079,-0.66223,0.547792,-1.183498,-1.503997,-1.405067,0.465594,,-0.37077
-0.345331,0.929454,0.570494,0.463197,0.295186,0.379119,-0.489061,1.534459,-0.412066,0.95431
1.672506,1.021423,-0.944832,-0.802051,1.444408,1.338971,0.746805,-0.233187,-1.147236,0.878654
0.254708,1.786692,-0.58465,0.050082,-0.291195,-0.184118,-1.227971,-0.343799,,0.278675
0.536071,-0.017267,0.69425,-0.99981,-0.139269,-0.398189,-0.634016,0.680762,2.373931,-0.906599
-0.315156,,-0.594479,0.086724,0.087716,-0.946822,1.62584,-0.064922,-0.336379,0.300984
-0.565003,0.711906,0.257201,-0.078538,1.027543,1.576796,-0.889272,1.633537,1.144037,0.41057
1.73371,0.285446,-0.385103,0.756073,1.044419,0.179139,-0.93664,-0.209114,-0.433362,-0.686526
-0.350775,-0.11107,0.707733,0.511654,0.08879,1.149214,-0.546563,1.986132,-1.519762,-0.792953
-0.555388,1.50191,,-0.012305,-2.254928,0.580842,-1.129672,-1.920718,1.662857,0.334142
-0.864022,0.458266,0.2678,0.486941,-0.155666, N/A ,,,-1.51548,
-1.068293,,-0.113344,-2.047782,0.876373, N/A ,-0.328671,-1.036671,0.012954,1.777636
0.224177,-1.433608,-0.206008,0.625001,,1.435691,-0.854935,1.750242,0.873872,0.154368
,-1.161802,0.619804,-0.660031,1.500435,0.284401,2.179893,-1.146106,0.084519,-0.399631
1.563521,-0.368039,-1.583699,0.226472,0.641758,0.612071,-0.889964,-0.218939,0.332263,-1.511717
-0.538041,-1.891858,0.121665,-0.86713,-1.086202,-0.560658,0.084243,1.430734,-0.714406,-1.055663
0.547371,0.507268,-0.749751,1.407137,,1.113224,1.25411,-0.05058,0.201228,
-0.537034,-0.073719,0.434249,-1.2861,-1.196876,-0.790761,-0.489661,0.991424,1.735139,1.442828
-0.893479,-0.548294,,-0.833848,-1.020058,0.229569,0.539233,-0.79249,0.124318,0.44171
0.607635,0.125873,-0.100932,-0.816396,-0.879537,0.337227,-0.772964,0.778637,2.00144,-0.518809
0.47234,0.880448,0.271449,-1.769199,1.679292,1.553083,1.42351,-0.032393,-1.085256,1.319467
0.374719,-0.45837,-0.17207,-0.174838,-1.517463,0.115313,-1.582231,1.483761,,-0.152171
1.225708,1.670397,0.386462,-0.491131,-0.826609,-0.265874,-1.000759,0.329824,1.937304,1.826668
-1.325652,-0.924195,-0.96092,0.509976,1.615529,0.861521,1.235078,0.67341,-0.077028,-0.441278
1.716578,,-0.408675,0.327209,1.712637,-0.016386,-0.761989,1.339126,1.189369,0.229014
-0.382284,-0.021448,0.500321,-0.894175,,0.684828,1.50656,-0.083261,-0.608826,0.065578
1.124974,1.433337,2.233352,0.047193,-0.632301,0.38852,-0.645478,-0.027908,,0.802447
-0.278729,0.11616,-0.682679,-0.828497,-1.608043,-0.836176,0.277323,0.353936,-1.208687,-2.058675
0.566005,-0.147655,0.745869,-0.573418,0.461812,-0.200144,-2.615607,-1.677892,-1.806084,
0.216238,0.01503,-1.250879,-0.064714,-0.345544,0.027979,0.916537,-0.314765,-1.080563,-0.904437
-1.282869,-0.315013,1.029977,0.429098,-0.112737,2.362762,-0.382283,0.045992,0.081056,0.416154
-0.786675,-0.183208,0.808939,-1.12133,-1.663785,-0.985564,0.804803,0.653613,-1.037283,2.019793
-0.490265,0.019486,0.780073,0.609463,,0.137425,-0.741969,0.523822,-0.540005,0.197503
-1.207655,1.358116,,0.183755,-1.082657, N/A ,-0.218658,1.357134,-1.393495,0.685678
1.855188,0.272932,1.081836,-0.00243,-1.241556,-0.721299,-1.514966,-0.269363,0.555931,-0.779094
0.631685,-0.369739,,0.201383,0.412804, N/A ,1.271003,-0.43242,0.032869,1.145828
-0.357734,-0.448907,-1.523461,-0.08123,0.168446,-0.748432,-1.2801,-0.873902,-0.879117,0.909282
-0.234366,-0.617171,1.57209,0.421525,-0.27717, N/A ,0.714896,-0.557831,1.552972,0.392664
-1.321463,-0.583532,-0.749083,-0.242223,0.965213,-0.378729,0.427761,0.866818,0.065567,0.421073
0.017373,1.188487,0.607448,-0.405014,0.218133,-0.067525,1.815294,0.46328,-0.957432,1.595994
1.743272,-0.591101,-0.102348,-0.543542,0.858124,-0.83551,-0.044834,2.042014,-1.552085,0.357869
0.050194,0.313991,0.332402,-0.492506,-1.390115,1.049541,0.609969,-0.275011,0.690032,-1.754791
0.062704,0.497443,0.01727,-0.52973,1.021471,-0.764276,0.189946,0.808204,2.731412,-0.610305
-0.505504,0.443534,-0.189941,-0.589971,-1.449204,-1.494557,0.235043,0.40479,1.045287,1.472104
-0.780801,,-0.28792,-0.713003,-0.919417,-0.050978,-0.393401,-2.526118,-0.400503,-1.252171
0.125727,-0.423603,,0.598093,-0.137637,-0.344342,-1.505988,1.988324,-0.484881,0.671231
-0.447288,1.930259,-1.195438,-0.723923,0.899176,-0.737126,0.421676,0.786862,-0.186696,0.236971
0.305696,-0.294208,-0.794455,0.906275,-0.247895,-1.41874,-0.647969,-0.281083,1.286562,0.354056
0.592242,-0.740604,0.426639,,0.365069,0.398493,-0.361188,-0.563678,-0.146122,1.182447
0.039001,0.512592,0.594382,0.784886,0.064761,1.165693,0.341159,0.694782,-0.303112,0.132309
-1.471289,0.272795,0.029333,0.102443,1.4879,0.473384,0.029569,-1.089419,-0.415548,-1.938015
-0.700106,-0.752742,,0.370772,1.415755,-0.379243,0.378144,3.367441,-0.164635,-1.373184
-0.578256,-0.000601,-1.290179,-0.565989,0.243617,1.494683,0.65591,0.698164,-1.804333,0.463511
2.219257,1.049912,1.297894,-0.105656,-0.065531,-1.415089,0.552512,-0.361452,0.286688,-0.487692
-0.789926,-1.235479,0.401098,0.847193,-2.877857,-1.167802,-0.397814,1.070358,0.588702,-0.450284
0.879204,0.170811,0.368031,1.673066,-0.17332,-0.584048,-1.135078,0.513217,-0.075547,-0.818528
-1.892591,-1.155212,1.397413,-1.651664,0.405601,-0.286424,-0.20333,-0.623641,-0.931306,1.54759
-1.911214,0.641666,-0.73733,1.161143,,1.474253,,-0.031948,,-0.396207
-0.327481,-0.966325,2.022395,-0.835543,-0.624539,-0.589318,0.472967,1.515348,-0.004434,0.376297
0.10402,-0.098896,,1.248683,1.040512,-0.056063,0.721884,-1.618112,0.267401,-0.419392
0.969927,-0.282159,-0.016721,0.129491,,1.331785,1.089497,-2.577509,-0.148959,-1.902622
0.20723,-0.682513,0.189284,1.68156,-1.130092,-0.011334,0.20786,-2.625012,-0.521653,0.169411
-1.543825,0.162623,0.721075,2.057585,0.256711,-0.422051,-1.633944,,-1.717238,0.419369
-0.067234,-0.829395,-1.654141,0.916239,,-1.377189,2.003936,-0.356381,-0.225648,2.172465
0.968111,0.597743,0.943938,-0.211278,0.17672, N/A ,0.357763,2.423071,,-0.656038
0.232887,-1.154642,1.335894,-1.05482,-1.000803,0.04945,0.203171,0.826196,-0.107752,-0.909822
1.05272,-0.047144,0.033902,-0.473286,0.038367,-0.050522,-0.420942,0.377077,-0.206813,-0.213983
-0.234276,1.634294,1.065717,-1.206916,-0.807773,0.18359,1.36011,-0.750939,0.882369,1.736505
-0.11121,-0.233273,-0.094549,0.154457,,0.249279,-1.368687,0.954235,1.135362,-0.695102
0.549276,-1.076789,-1.282634,-0.62802,2.342552,0.525643,0.783937,0.647918,,0.286336
0.021965,0.292589,-0.845516,2.272827,-0.283476,1.294371,-0.589867,1.329706,-0.183109,0.395171
-0.953014,-0.569885,2.300479,0.863889,,-0.009015,1.177919,-0.709236,-2.566791,0.058262
-0.908048,,-2.008241,0.311187,-1.038395,1.224931,0.612638,1.391266,,0.419623
-0.842683,-0.219362,1.419775,,0.25102,-0.147812,0.811276,-0.102663,0.646845,-0.436493
-0.470267,0.8707,,-2.895406,0.743625,-0.409877,-1.963472,-0.199904,0.213499,0.398366
-0.315041,0.795955,-1.433934,0.695752,-1.362665,-0.457813,0.988912,0.248084,0.912604,0.043871
-0.970816,-0.790711,-0.857692,-0.226896,-2.053581,0.791879,2.50448,0.653816,,0.397561
-0.918767,-0.649851,2.402944,,-1.436309,0.126684,1.790095,0.949916,-0.917804,0.105141
-1.073046,-1.105695,0.692606,0.260648,0.079208,1.834554,0.259988,1.380463,-0.037229,-0.191874
-1.501726,0.169237,-0.497023,0.494883,-0.41115,-0.755062,0.052504,-0.279525,0.709351,1.085989
-0.424804,0.208769,0.352501,0.214021,0.977486,0.434841,-0.457428,1.374012,0.377961,0.258576
1.739206,0.968563,-0.937199,0.844009,-2.107165,0.04807,-0.417154,-0.275902,-0.976145,0.049235
0.097245,0.458269,0.295043,1.126844,-0.314002,-1.322038,0.309599,-0.843081,-0.855698,1.439194
-0.042572,-1.918408,0.351888,0.180347,-0.861811,1.639226,-0.356279,-2.009347,-0.625411,0.713405
1.243575,-0.722736,0.081288,1.142133,1.192771, N/A ,-0.832879,-0.550851,1.054978,-0.130415
0.628675,0.373498,-0.43868,1.203247,-1.683575,-0.478308,-0.304563,0.044489,0.437496,-0.322871
-0.98826,-1.282387,-1.368958,0.123903,-0.93445,-0.079309,1.576616,,-1.165562,-0.449868
1.534225,-0.168394,0.774195,-0.603745,,-0.243975,-1.63513,1.164988,0.004552,0.735141
-0.819369,0.922303,,-1.472165,,1.815106,-0.52247,1.12339,-1.135186,0.402818
-0.214222,-2.168751,1.121897,1.429925,-1.187438,1.656494,-0.138447,0.64214,0.046567,-0.504515
0.049111,0.499303,-1.288911,-0.668887,-0.3401,3.209081,-1.324749,-0.241632,-1.437327,-0.006837
-1.098723,0.023839,-0.884731,0.46818,-1.246668,0.78288,-1.616551,0.222883,-1.454749,0.598672
-1.482286,-2.050175,,1.447145,-0.149469,-0.312763,1.247377,0.375708,0.150211,-1.394769
-0.999443,-0.030952,2.040102,-0.2708,-0.698258,-1.821425,0.155182,1.54786,0.656734,
0.449022,-0.729417,0.916821,-2.399025,-2.705517,0.473919,-0.545338,-0.363549,1.0794,-0.108652
1.998106,-0.388881,0.078865,-0.271034,-1.011345,-2.248317,-0.942938,0.73311,-0.409007,0.843834
-0.378628,0.302972,-1.881614,0.260786,-0.500379, N/A ,-1.565195,-1.222022,-0.580107,-1.041236
0.699899,-1.980636,-1.101303,-1.193324,-0.265424,-0.057066,0.058509,-0.254873,-0.344332,0.244954
-0.527345,0.352992,0.497723,0.163147,0.390126,-0.781614,-0.142015,-0.214282,0.138862,0.273318
1.694686,0.42605,-1.570261,-0.121839,-0.282565,-1.027518,1.573954,-0.946466,-0.446501,2.0338
0.449224,1.136532,-0.222319,1.186305,0.308509,0.606802,,-0.837462,1.319561,0.604155
0.864896,-2.179114,-0.436703,1.463213,0.497099,-1.451796,-0.039936,-0.49037,-0.103207,-0.542443
0.144404,-0.856386,-0.560725,1.895206,0.113464,0.741822,0.783634,0.681932,-0.031624,0.400348
1.267021,,0.055845,0.019793,,0.520116,-0.311114,0.513425,-0.684557,-1.205122
-2.376136,0.024969,-0.43996,1.206084,2.890644,-1.003419,1.244995,0.415604,0.345662,
-0.09922,0.507507,0.981869,0.358601,-0.589839,0.000981,1.767648,0.522483,-0.150849,-1.012923
-1.533621,0.548635,0.333257,1.747073,-1.40627,-2.308113,-0.470974,-0.454502,-0.353344,1.305761
0.762408,-0.056925,3.533941,1.059433,0.385341, N/A ,-0.843295,1.654669,-1.245623,0.478618
1.468451,0.143025,1.093009,-0.259318,-0.69631,0.536754,-0.469428,-0.592575,-1.273981,0.62302
-0.041449,-1.309714,-0.488853,-0.441177,0.190658,-2.308857,0.235952,-1.270614,1.121579,1.135939
0.116415,0.92665,-0.270044,0.569605,1.929379,2.114144,1.073066,1.807889,1.143488,1.882854
1.259567,-1.842721,0.734326,-1.030124,3.018135,0.171336,0.790661,0.4174,0.025249,0.585852
0.41887,-1.561924,0.007709,1.710207,-1.322885,-0.286226,-0.386425,-1.240324,-1.756937,
-0.967975,-0.170909,0.149303,-0.506143,2.161131,0.94081,1.17435,-1.783358,-0.271578,0.049403
-0.706134,-1.242918,0.759059,-0.40238,-0.232894,0.941966,0.093395,-1.511307,-0.420342,-0.736242
-1.493241,0.586471,-1.218719,-0.358381,1.311698,-0.919718,-1.929387,0.852067,0.305996,0.864283
0.958287,1.031914,1.582886,-0.358201,0.503015,1.790333,-0.862345,0.356498,-0.377453,0.72698
,-0.791965,1.071572,1.327118,0.933761,-0.522602,0.045774,0.114053,-0.151194,-1.516934
-1.099663,-1.044656,0.503,-2.255246,-0.551945,0.177427,,-0.042709,1.223017,0.190727
1.675363,-0.817833,,1.157124,-0.780097,-0.826539,-1.233931,0.364206,-1.999544,-0.06803
-0.727126,-0.756301,0.946356,-0.123794,-0.911095,-0.868273,-1.112875,-0.380547,0.277236,-0.758954
0.580494,-0.982528,-0.379718,-2.755587,-0.121208,0.175439,-0.794815,-1.477361,1.273348,-1.26685
0.888518,-2.100132,0.43517,-1.945611,0.589404,0.159,,,0.804897,0.425339
0.6192,-1.284242,1.061596,0.01066,0.478382,1.475866,,-0.350935,0.237127,-2.107744
1.237988,0.043472,-0.611082,0.378857,-0.180531,0.621629,-0.119995,0.082878,0.048063,0.885131
-0.754742,-2.483119,-0.286893,1.411549,0.059577,0.274313,0.191008,1.349412,,-0.136281
-0.357195,0.194304,0.793668,-0.144189,-0.049737,0.660241,-0.53234,-0.02808,0.742443,0.20251
0.086635,1.037481,-0.409408,0.444846,0.320144,0.248516,0.200429,1.185413,-1.071318,-0.640744
0.459485,-0.765501,0.466535,0.958865,0.314408,-0.046253,-0.105373,1.638858,0.706158,1.169595
-0.349721,1.600014,-0.050265,0.475032,-0.891925,0.214163,0.213235,1.074683,-0.37585,-0.189401
-1.771844,-1.028742,0.359806,1.313677,-0.303269,-0.33156,0.316827,0.914825,0.445101,-1.613366
0.984616,1.202355,0.291519,-0.931435,0.084621,1.905837,0.191956,-2.748199,,1.538229
2.028485,-0.010031,0.341878,-0.941501,0.76858,-0.818364,-0.843426,-0.329887,1.132329,-1.765407
2.04925,0.65513,-0.45134,-0.188803,0.750413,-0.469656,0.233693,-0.292045,-0.54898,
0.722527,,-0.223865,-0.103067,0.785152,-1.096659,-1.060049,0.704802,-0.444105,-0.913631
-1.487636,0.567712,1.061053,0.802035,0.343009, N/A ,-0.950503,-0.82112,,0.257967
-0.393853,-0.332491,-0.782406,-0.495847,1.438345,1.262252,1.583944,0.562996,0.505535,-1.355152
-0.982571,1.498236,-1.450867,-0.219174,-1.38767,0.172882,1.70878,-0.978474,0.883111,-0.473314
-1.684221,0.426606,-1.153383,-0.716647,0.213242,-0.812923,-0.753394,0.943214,-0.803198,-0.300485
-0.511392,-1.102183,-0.847591,1.668556,-0.168927,0.112558,0.687254,1.009778,0.187968,0.207031
-0.675691,-0.399619,-0.11728,-1.064114,1.403581,-1.444001,-1.346722,-1.403367,0.319873,-1.354595
1.555499,0.124428,0.393653,-1.603172,-0.133679,0.724583,-0.076455,1.188503,-1.544772,1.008783
-1.34597,-2.400784,0.810822,0.27485,-0.694741,1.152519,-1.583324,-0.532929,-0.649804,2.38792
-0.558241,-2.388721,0.378495,-0.608624,-0.810766,-1.136224,-0.149834,-0.036221,-0.396258,0.139315
1.644284,0.790697,-0.754853,0.724305,-0.229489,0.943453,-1.978625,-0.161582,1.916352,1.159848
-0.894231,0.743635,1.517541,,2.995219, N/A ,-0.504235,0.146916,-0.511188,0.597981
0.785705,-1.610611,-0.123736,-0.230192,-0.059525,1.130065,-0.250343,0.798199,1.620335,2.406425
,1.912399,-0.377422,0.117557,-0.741249,-0.004931,0.22929,-0.995048,-0.003607,
0.491649,2.715037,-0.127107,-0.256249,-0.619325,0.506352,-1.301643,0.382405,0.294353,0.076759
-0.810052,0.214608,-0.463972,0.905511,0.164675,1.077015,-1.427104,0.605438,-0.851828,2.226224
-0.151984,1.219296,0.194004,1.644041,0.185909,1.516481,0.140109,1.052875,-0.355663,3.60112
-0.376361,1.623431,-0.452406,,0.500203,0.351181,-1.210109,0.406409,-1.267522,-0.367753
0.032205,-0.264732,-0.602556,0.375402,0.895645,1.946441,-2.185378,-1.319753,0.943699,0.15094
-0.421969,-0.478778,0.202836,0.67321,0.3273,0.525388,0.514839,-1.976077,,0.038885
-1.207891,-1.469009,0.896904,-1.965472,-0.318981,-1.260151,1.169912,1.360715,0.314753,1.21922
0.296902,-0.692619,-0.12233,2.477335,-0.309129,-0.251109,-0.911162,0.746218,-1.812109,-1.026315
0.154694,1.007644,,1.465227,0.396957,0.145569,-0.579668,1.219383,0.709949,-0.574588
0.856514,-0.849169,0.297281,-1.387583,-0.476592,0.33596,0.109715,-0.005823,,-1.337369
-0.625549,0.38055,-0.206046,-1.243364,-0.302952,2.100248,0.763351,-0.515356,-0.183796,0.304843
0.707484,-0.878984,0.889826,1.581772,0.830396, N/A ,0.189447,-0.242378,-0.89052,0.142327
-0.67193,-1.700443,-0.688311,-1.042094,-0.061636,0.741685,0.266689,1.707348,-0.835215,
-0.133682,0.042253,0.302917,-1.056353,0.156279,1.12133,-0.083724,0.667622,-0.887034,1.630097
-1.148119,0.766473,-1.508752,-0.536796,-0.669846,1.433644,0.026367,0.952611,-0.715576,1.34401
-1.072403,1.464704,,0.174801,,0.548503,1.446999,-0.757933,-0.727828,-0.530177
-1.637109,-0.999658,-0.110805,-1.693048,1.320941,-0.050094,1.321815,-0.863329,0.364835,-1.292287
0.253463,0.099798,-0.968382,0.55352,-0.504111,0.174502,0.604763,0.241519,,-1.074308
-0.323498,-1.094472,-0.366377,0.193749,-0.13094,-1.723871,0.35075,-0.625856,0.231255,-0.247512
0.799814,-1.649171,-1.313785,1.968497,1.137951,0.84523,0.680246,1.384823,1.270702,-0.985437
0.543091,-0.057699,-1.353912,0.182344,1.127931,0.885248,-1.332992,0.546348,-0.052029,0.038113
0.846869,-1.996481,-0.666073,-0.239077,,-0.272746,-1.268917,-1.052073,-1.339624,1.02174
-0.232528,-1.791395,0.267333,0.651739,-0.075005,-1.264174,-0.013836,1.215887,-0.917012,-0.656656
3.235056,-0.132209,-0.661053,-0.704533,-2.474484,0.167862,1.654813,0.719608,-0.386094,-1.414389
-0.662743,-1.398938,1.175755,-0.697073,0.979481,0.599474,,-0.955715,-0.634298,0.080858
-0.06151,-0.910418,-0.365399,0.004594,,0.339804,1.263777,-0.528439,-0.778305,1.336809
-0.873051,1.962365,1.139664,-1.1709,0.04722,0.435701,-0.504032,-0.254874,-1.583042,0.142411
1.343048,,0.161979,-0.980766,0.578226,-0.458175,,-0.672917,1.360261,-0.441452
1.665535,-1.398492,-0.258537,0.043987,-0.679285,1.477136,1.485515,-0.584333,-0.981931,0.238813
-0.548455,-0.346598,1.089881,-0.194492,1.125685,1.333904,0.986625,,,-1.322515
-0.230784,0.691751,-0.393002,-0.264653,0.046399,-0.042255,-2.252772,0.951178,-0.166836,0.033651
0.517164,0.053459,-1.005286,-1.159042,0.436539,-1.233666,0.371481,0.247472,1.110859,0.154533
0.046436,0.757929,-0.47026,-0.172416,-0.874171,-0.598463,-1.37205,-2.020225,-0.451248,-2.873892
0.714215,0.538369,0.94115,0.027998,0.873113,-1.085922,1.497803,-0.256904,0.851691,-0.114225
-0.739022,-1.157548,1.097766,-0.805916,-0.421875,-0.371403,0.620547,-0.940586,-0.72703,-0.47369
0.645638,2.21016,0.975255,-0.632521,0.474609,-1.596674,0.531796,-0.734978,0.08492,-0.644121
0.406262,-0.642779,-2.253645,1.277179,-0.185611,-0.812396,-1.054825,-0.607467,-0.416116,0.840444
1.204978,-0.807958,0.685197,2.745953,-0.444345,-0.238867,-0.753896,0.69582,0.017553,-1.112078
-2.792156,-1.254198,-1.216632,-1.658665,-0.53971,2.455429,-0.237819,2.137049,2.035811,-0.093904
-0.778396,0.975508,-0.328024,-0.460441,0.166196,-0.383936,-0.613127,-0.083141,,-0.104298
1.136847,0.03776,-0.810023,0.595153,-0.56444,-0.124144,0.879126,-0.391756,2.267676,-0.905517
1.700869,0.672866,1.989198,-0.186208,0.33433,0.120675,0.955345,0.886812,,-0.207604
1.096566,,0.773973,-0.353711,0.585966,0.439257,-1.017448,-0.812767,-0.642263,-0.854499
-1.276683,-0.493245,,-1.636587,-1.875056, N/A ,0.488947,-0.071454,0.541532,0.060278
0.424279,-0.221858,0.974228,1.672819,-0.275988,-0.56691,0.224812,1.387493,0.455089,0.768932
-1.18596,-1.555578,0.566086,-1.118981,-1.581655,0.272965,-0.972259,-1.168024,-0.970484,-0.912673
-0.105418,1.097914,-0.02577,-1.606514,-2.071158,-0.357083,1.640938,1.384664,-1.262604,-0.877493
1.333759,0.624089,-0.530542,0.101029,-0.323575,-0.373898,0.360163,-0.410788,1.314671,0.229694
-1.011559,0.122647,-1.59515,0.469004,-0.76632,1.263058,-0.586116,-2.005058,0.765469,-0.258326
-1.550036,-0.749361,-0.970211,-0.029503,1.388257,-0.02718,0.732764,1.428245,0.247443,1.159685
0.45843,-0.340278,0.946118,0.081145,1.532288, N/A ,-0.521,0.006496,0.189757,0.385181
0.223954,1.24684,-0.600541,0.513379,-1.193401,0.83162,-0.643495,-0.103235,1.072002,-0.373779
1.426587,0.072431,1.803657,-1.5036,,0.956876,-0.435122,-1.071231,-0.074616,-0.944893
1.364195,-0.336562,-1.101294,-0.827002,-0.802269,-1.285726,-1.85547,-0.008912,2.092783,-0.718087
1.655197,,-1.048418,-1.658049,-0.281532,-1.156188,0.146412,-0.025958,0.87005,1.731111
0.982555,1.888184,1.045572,0.200372,1.317991,-2.620234,-0.148153,0.817244,-0.64635,-1.185504
0.454214,0.692708,0.134205,-0.379759,-0.700771,0.132664,,0.51191,0.926616,0.641419
-0.902145,0.234923,-0.041946,1.506736,0.137499,0.563622,-0.680863,-1.375491,-1.420877,0.129852
-0.180941,0.946097,-0.854401,-1.303198,0.107954,0.881506,0.605992,-0.568941,-0.394256,-1.655026
1.27495,0.908067,0.01817,-0.558639,-1.300724,-0.642668,-0.070062,-1.491187,-1.474396,1.103741
-0.842341,2.071605,0.088422,-0.049608,0.70824,-0.358722,-0.182517,2.621724,-0.978826,0.179558
-0.811964,-0.306196,1.783504,-0.403684,0.237395,-0.249821,-1.191863,-0.16703,0.075035,
-0.389696,1.815489,,0.291054,-0.388625,0.746492,0.209988,-1.987996,-0.51737,1.804259
-0.912546,,0.517586,-0.188143,-0.457654,0.272754,1.783858,-0.539197,1.336218,0.89698
0.335063,2.414746,-0.406975,-1.442315,-0.825042,-0.081204,-0.095574,1.080763,-0.918435,0.106786
1.947072,0.246392,0.995161,-0.111947,0.076067,-0.589578,0.242202,-0.748273,0.788183,1.630062
-0.822504,0.278241,0.155319,-0.884069,0.259006, N/A ,-1.596112,-0.758944,-0.396119,-0.285655
-0.2389,-1.000378,0.567394,-0.381891,-1.057372,-0.18374,0.27109,0.589159,-1.139182,-0.775235
0.56849,2.201044,0.064235,-0.879067,-0.339322, N/A ,0.106072,0.488436,0.123396,-0.739798
,0.517174,-1.360918,-0.697419,1.224662,0.263072,1.432098,0.272136,0.644923,0.51287
0.71991,0.189815,0.279349,-1.191158,-0.579911,0.26209,0.58978,-1.471755,,0.997047
0.532565,0.848429,1.114242,-0.175195,0.910183,-0.461619,,0.986041,-0.592453,-1.597059
0.408207,1.560969,0.036606,0.250201,0.217683,-0.693136,-0.799999,-0.011097,-0.804962,0.119969
-0.21223,0.878295,,0.271903,-1.614459,-0.671833,-0.452162,0.886041,0.392935,0.129947
1.610879,0.297808,0.437788,0.426876,2.0538,-1.541963,0.265313,0.342221,-1.915969,-0.083409
-0.728003,-0.067118,0.707981,-1.10552,0.251615,0.662669,-0.803525,,-1.721975,-0.701936
-0.033048,1.523859,-0.162454,0.642381,-2.74259, N/A ,-1.261983,,-1.174148,-1.579592
-0.308435,,1.183547,-0.557273,0.24,-0.353665,1.181254,0.83561,0.798524,-1.16974
0.194676,1.915816,0.333056,-1.985846,-0.751945,-0.540854,-1.001026,1.169196,-0.476682,-0.048077
-0.712505,0.569894,0.869013,0.792538,-0.323034,-0.383426,0.386482,0.97411,0.003789,0.881778
-0.603831,0.622764,-0.941788,2.159839,-1.518563,-1.224996,-0.355025,1.350226,1.289506,0.340585
-0.847176,-0.254967,-0.264137,-0.216077,-0.506448,-1.184865,0.152899,-0.79033,-1.241789,-0.064581
-0.269588,0.002322,,-0.617142,-0.781743,-0.816945,0.272023,1.597567,-0.232101,0.028388
0.906114,-0.122901,1.173281,-2.543744,-0.782725, N/A ,-0.110367,-0.026981,1.090961,0.772584
0.347403,0.75543,0.326778,-0.089128,0.567385,0.11351,0.317196,-0.25491,0.560252,1.739554
0.043913,-2.447002,1.085576,-0.398967,1.468213,-1.219666,-0.426819,0.840072,0.253624,-0.651808
0.568972,1.185734,0.320847,1.326537,-1.098739,0.50017,-0.123647,-0.519414,,0.658533
-0.288137,-0.120274,-1.204999,1.170629,-0.062764,-0.213074,0.775634,0.576871,-0.441434,0.85735
-0.824727,0.359636,1.509269,-0.352281,-0.990924,0.630574,-0.055624,-0.94916,,-0.012196
1.159925,-0.714238,1.218086,-0.577741,0.013187,-0.705908,-0.866253,-0.472869,,0.588515
-0.270874,0.570038,,0.219062,1.070195,0.155248,-0.156606,1.95547,-0.072834,0.942311
-0.048571,,1.124585,0.479098,,1.399172,-2.745536,-0.241149,1.166016,2.31134
-0.622018,-0.987783,-2.347734,0.636551,-1.333416,-1.947551,1.98089,0.074321,0.02407,1.595868
-0.977341,0.623317,-1.157896,-1.473811,0.871295,-0.385358,0.6036,-0.030296,1.885622,1.265944
,-0.148437,,-0.710527,0.183896,-1.695799,0.359961,0.277044,0.755905,-0.373466
1.191849,,0.735717,-0.722729,-0.270407,-0.42987,,-0.044579,0.868153,0.040769
0.465649,0.461043,0.42014,0.167017,-0.295457, N/A ,,-0.403546,-0.633904,-1.996398
1.289944,,0.003018,0.786664,-0.812413,-0.122027,0.059559,-1.643433,-0.280565,-0.116499
0.887376,-1.439085,-1.721314,-0.997212,2.119136,0.279542,-0.895053,-1.756049,0.179608,-0.563021
-0.344028,0.563103,0.44654,-1.681779,1.728837,-0.817208,1.038489,-0.379813,1.031639,-0.660701
0.406879,2.232178,-0.748069,-1.116916,1.536474,1.651045,1.356723,0.253211,0.836922,0.935236
0.267519,,-0.330702,0.249127,-1.085439,2.688883,-0.789126,1.570288,-0.287703,0.16502
-0.142215,-0.689505,0.265552,-0.807791,-0.845844,0.467578,1.856504,-0.739135,0.774865,
,0.610104,0.670376,0.226404,,-0.622371,,1.134111,0.384952,2.191909
0.384837,0.581689,2.47897,-0.763877,-1.25114,-1.47878,0.54575,0.521189,2.67494,0.849001
-0.660202,1.916756,0.101016,-0.176111,0.217646,1.011695,1.055069,-0.127282,,1.285423
0.513415,2.065753,-1.294522,1.383192,-0.08093,-0.193341,-0.184003,1.549021,-0.376086,-1.069062
2.346842,0.031673,0.321655,0.433278,-0.900846, N/A ,-0.787251,-1.343407,0.447332,0.434999
-1.192048,-0.358587,-1.365688,1.708622,0.985067,1.922945,0.981296,0.442329,-1.086151,1.232195
-0.899303,-0.07634,0.656508,0.623391,1.362566,1.299596,-0.373776,-0.976308,-0.498914,-0.174186
-0.083425,,-0.818187,-0.003854,0.50885,-1.978397,-0.925289,-0.712747,-0.951842,1.691161
-0.103704,-0.45782,-0.312005,-0.684768,-1.134993,-0.082443,0.654283,1.355003,0.474861,-0.155493
0.1481,2.095317,-0.282454,-0.819045,0.270957,-1.414758,-0.813342,0.082559,0.381466,1.129686
0.162826,,0.084803,-0.22861,-0.5983,-1.532072,1.037288,-0.874618,,-0.51571
0.294541,1.271773,0.494423,1.543328,-0.807952,-0.789019,0.432615,-0.14561,-0.219749,-0.209654
-0.587495,-0.168716,0.688146,-0.640776,1.740049, N/A ,1.404888,,3.041422,0.301367
-0.706147,0.937356,0.971087,-0.16431,0.1059,-0.93885,0.402835,0.949736,2.346545,-0.043305
0.031912,-0.389549,-0.012437,-1.730719,-0.401263,0.382297,0.19892,0.286742,-0.31187,0.007322
-0.773276,-3.032986,-0.894296,0.684782,-0.895551,-2.212811,0.006885,-1.51662,0.754898,-1.799359
0.747267,0.583981,,0.70858,-0.568072,2.023474,-0.155629,0.631547,0.620395,0.034561
0.107586,-1.648123,-1.315651,0.063906,,0.627468,-1.169367,-0.001468,1.208158,0.024212
,0.203147,0.977878,-1.46043,0.226022,2.732042,0.799158,-0.860261,0.14927,0.122309
0.840968,-2.259549,0.271051,1.230288,,-0.044662,0.736981,0.074934,-0.020878,0.836519
1.226481,-0.684536,-0.597864,0.932222,-0.754532,-0.737169,0.256861,-0.431274,0.224612,-1.099243
,-1.174468,0.2663,0.856772,0.208761,0.131084,-0.934283,2.232508,0.453689,0.867734
1.915357,-0.666114,0.863786,-0.572619,,0.446322,1.130133,-0.359858,-2.228678,-0.021998
-1.060619,0.228789,0.10593,-1.016526,-0.612473,0.949219,0.28234,0.439221,-0.032198,0.802574
0.231819,3.123052,-1.195486,0.292404,-0.575127,0.468507,-0.932172,-0.915212,-1.37427,0.329369
0.137069,-1.401375,-0.2237,-0.117023,-2.160251,1.036959,0.002946,0.368347,0.492445,-1.640129
0.366632,-0.325068,-0.059147,0.920058,-0.44295,0.426385,1.213057,-1.146992,,-0.267753
-2.865119,-0.241122,-0.764751,-1.215178,-1.382272,1.508709,-0.331247,-0.09323,0.885011,0.08258
-0.293964,-0.95583,-0.411702,-2.460549,0.942965,0.059465,-0.287532,0.586351,1.152617,0.486571
-0.810191,0.013162,0.544553,-1.303334,,-1.073048,-1.28398,0.139753,-1.616912,-1.106722
-1.091885,-0.001323,-1.366238,-0.493422,,0.819396,-2.06828,-0.896156,,-0.344965
1.009752,0.256556,-0.389211,0.471014,0.346487,-0.05883,-0.105619,-0.190075,-0.363171,1.156909
0.498972,1.165917,-1.405134,0.668909,1.036906,0.478399,-0.058623,0.89339,0.362333,-0.918585
-0.875788,1.392979,-1.785499,-0.642873,0.788703,-0.830511,0.019285,0.381456,0.077135,-0.282378
0.777457,0.803634,-0.074448,0.781087,-0.332667,2.209909,2.127044,-0.842309,-2.03012,-1.225044
-1.099274,0.137474,-0.081803,0.375855,-0.94917,0.48928,0.427334,1.310964,2.175218,1.103605
0.421888,-1.335173,-0.336107,-0.904491,0.605612,0.224414,-0.313084,1.823191,-0.63138,-0.847611
0.770428,-0.273828,0.325712,-0.214318,1.842037,0.415853,0.569899,1.002811,0.064914,0.352811
0.908973,0.668916,0.628962,-0.473182,-1.425671,1.45263,-0.588086,0.196215,,-1.188995
1.601742,-0.31369,0.45568,-0.782407,0.94763,-0.084823,-0.273091,1.369198,-0.600619,0.521878
-1.110107,0.293067,-0.769349,0.526808,-0.220296,0.834047,-0.38666,0.399673,0.976264,0.600439
-1.731934,1.098078,-0.04327,-0.591565,0.678769,-0.875681,-0.006257,0.572559,-1.637842,
-2.211308,-2.477733,0.144465,0.363359,0.448234,1.342281,-2.678119,0.004071,,-0.573827
-1.58671,0.585599,-1.170162,0.165305,1.331543,-1.262349,0.246534,-0.587695,-1.438793,-0.768271
-0.473914,-1.136682,1.358953,0.442483,-0.201353,-0.170714,1.515243,1.83004,-2.01281,-0.83635
-0.55815,-0.088214,-0.560104,0.181097,0.7981,-0.077936,0.371294,-1.078697,-0.18926,-0.56772
,-2.577432,-0.408903,-0.220487,1.620435,0.1038,-2.118886,-0.988467,-0.230087,0.2081
0.494069,-2.41154,-0.601758,1.701524,-1.595642,-0.023396,0.986795,-2.188593,0.723488,1.581388
-1.546036,1.316246,0.385806,-0.809944,-1.630662,-1.109819,-1.214241,1.156406,-2.008281,
1.065948,0.702883,-0.238196,0.07998,1.333128,0.621951,2.21568,-0.745951,0.413157,-0.585296
-0.94394,0.448662,,-0.4422,0.702355,0.628661,-0.782852,-1.438538,1.425722,1.993655
0.030354,-0.778232,-0.264679,1.599923,1.169503,1.600209,0.979357,-0.979946,,0.901199
1.472116,0.837809,-0.118423,0.85314,0.377751,0.293641,0.333332,0.907406,0.130365,2.945586
1.061032,-1.131254,-0.575023,1.035117,0.440506,0.042256,-2.357648,0.386784,0.485371,0.263416
-1.560333,-0.785892,-0.424205,-1.736128,1.603544,-0.168974,2.254297,2.765018,-0.747867,0.164799
-0.702167,-0.853998,0.117844,1.109933,-0.39256,-0.217258,-0.047427,,-0.671049,-1.117839
-2.124768,-0.712157,2.626631,-0.73826,0.968627,1.950133,-0.397633,0.031408,,0.438639
-1.658166,1.213756,0.724194,1.197651,-0.151547,-0.840387,0.129884,0.594078,0.278671,0.415241
0.405297,-0.228073,0.621176,-0.087709,-0.91632,-0.509936,-1.41782,-1.013401,0.343997,0.478682
-1.125127,0.680692,0.627744,-1.91785,1.21014,0.095995,1.047318,-0.212627,-0.498372,-0.562962
,-1.867321,-1.373992,0.799499,,-0.970232,0.262971,0.642299,1.090888,0.035144
2.480256,-0.352239,-1.597268,1.012191,0.036873,-0.629813,0.604581,0.122767,0.198582,1.737117
0.979569,-0.298645,-0.356852,-0.151459,-0.781579,-0.123362,-0.552407,0.793114,0.595548,
-0.794792,-2.363197,-0.957772,-0.602176,-0.314552, N/A ,0.945386,-1.406503,-1.100623,-0.924844
-0.106007,1.019224,-0.583052,1.533095,-0.411411,0.049014,-0.371538,-0.694501,1.767085,-0.608908
0.641959,0.577149,-0.544901,-1.271046,-1.089193,0.21001,-1.497514,-0.290373,1.159036,-1.460697
0.684532,0.258502,0.690684,,0.288323,-1.374097,-0.539732,-0.712172,-0.953289,-0.248399
,0.251069,0.171637,-0.205554,1.212463,0.636677,0.332209,-0.605391,0.685697,0.096729
-1.329832,,0.83826,-0.646531,0.224408,-0.372557,0.369267,0.657795,-1.129904,-1.509292
0.258291,-0.746895,0.196645,-0.734654,0.7555,-1.899498,-1.758936,0.293031,-0.552767,0.302319
0.127417,-0.440165,-0.282608,,-0.529442,-0.881955,-0.592801,0.669723,-0.178215,0.731047
-2.052445,1.19031,,-0.388587,-0.03079,-0.505057,-0.570699,-1.42059,-2.108407,-1.11539
-0.246332,,-0.659088,0.314267,0.16032,-0.541711,,1.544444,,-0.970568
1.645816,0.887949,-1.633081,-1.649716,0.111634,0.016269,-0.15961,0.655355,-0.835893,-0.086658
,-0.282515,-1.914042,-0.001301,1.104695, N/A ,-0.814155,-1.096354,1.022888,1.79494
-2.005494,0.397084,-0.926894,1.316164,-0.643944,0.978326,0.362935,-0.457812,-1.203993,
-0.946342,-0.636294,1.05861,0.348542,-2.441391,0.226054,0.146974,0.961841,-0.452691,-1.159604
1.758043,-0.871026,-0.124126,0.999215,0.654258,1.933667,-0.230467,0.901249,-0.1293,1.426842
0.458904,0.904624,-0.084963,0.791589,-0.322048, N/A ,-0.126545,1.462576,,1.449793
0.273707,-1.189583,-0.556429,-0.80955,0.053957,-0.132553,-0.288564,-0.468375,-0.213966,0.083343
-1.060986,1.442583,-0.73904,-0.185749,2.420131,0.86035,1.092431,0.127522,,0.251798
-0.503656,-0.933532,1.86986,-2.708185,0.597402,-1.23156,0.682585,0.783315,-0.772186,1.048579
1.816495,-0.60226,0.004012,-0.609622,0.884475,-3.34123,1.422806,-1.704767,-0.610573,1.246654
-1.368354,-0.399826,-0.047338,0.546826,-0.310661,-3.202119,0.555914,-0.234252,-2.40462,0.807832
-0.153998,,2.526802,0.150927,1.31051,1.1502,0.590636,-0.168321,0.722796,-0.372856
0.662594,-0.423089,0.847261,1.722278,-1.283417, N/A ,0.321449,-0.630707,1.162673,-0.570382
0.612526,0.418732,-0.321327,-0.390946,0.908267,0.061092,-0.618096,0.795302,0.132349,1.206485
-0.567944,0.413202,2.296001,1.694924,-1.336795,-0.24351,-0.011456,-0.062807,0.74159,0.007355
0.994736,1.184245,0.943246,-0.209895,0.20805,0.45649,-0.041531,-1.477323,-0.487213,-0.580467
0.013822,1.73333,-0.864384,-0.054777,0.130249,0.754561,-1.069394,-1.500276,0.285184,-0.777258
1.746024,-2.289161,-1.45083,-0.597555,-1.072978,-0.092843,0.50574,-0.936891,-0.335891,-0.010391
-1.274258,-0.432495,-1.19354,-0.707668,, N/A ,0.917641,-1.140216,0.140292,-0.925813
0.716216,0.925418,0.597076,0.220031,-1.856553,-0.658203,-0.865512,-1.412431,1.923616,-0.752176
0.609293,,0.921155,-0.039175,0.895159,-0.187391,-2.850512,-1.60661,0.797085,0.065046
0.220396,0.3982,-1.002901,-1.0727,0.199178,1.546873,1.205759,1.288957,-1.78657,1.375648
1.186972,1.807983,0.117925,1.061837,-0.880119,1.068664,0.032746,0.176041,-0.082537,
-1.15748,0.271243,-1.305492,0.106813,1.867512,1.170789,-0.486925,1.105294,0.061682,-0.381012
-1.83063,1.105132,0.511332,2.414818,0.560375,-0.34933,0.21157,-2.568675,,0.571898
-0.145416,-0.088151,1.937195,-0.315084,-0.196637,-0.395299,0.176642,-0.55633,-0.066664,-0.602261
0.723415,0.664295,-1.008562,-0.581794,-0.728664,0.70148,0.225576,-0.285245,-0.130939,0.780284
0.821037,1.023721,0.981086,-0.555675,0.130101,-1.390975,0.067736,0.348964,,1.656607
0.617882,-0.000587,1.142638,-0.338596,-0.638434,-1.814951,1.442614,-0.413564,-0.787518,0.26292
0.002327,-0.805069,1.688937,-0.224854,0.999177, N/A ,1.098625,-0.830715,-1.088699,-0.03181
-0.14238,1.604566,-1.091519,-0.232407,0.077064,0.134671,1.116125,1.780816,-1.07306,-1.496346
0.208395,0.418605,-1.280371,-0.575936,-1.012335,-0.164761,-2.321513,1.192854,-1.39713,0.317239
0.072231,-1.110095,0.414536,-0.400711,1.12405,0.170288,-0.956568,-0.873273,,0.428252
-0.317129,-0.615311,0.095122,0.0207,1.107856,1.240957,-0.300442,-0.882649,1.251835,0.118679
2.590969,-0.204469,0.222707,0.682506,1.014378,1.696701,-0.188872,-0.607934,-0.755392,0.134356
-0.689087,0.323154,-0.706242,0.944152,0.820396,-0.493085,1.719293,0.482206,2.681128,1.638197
-1.093537,-0.012094,1.12088,1.08449,-0.343321,0.045574,0.205366,0.874955,-0.765281,
,2.971407,0.465106,1.832893,-2.081985,1.139142,1.207559,-0.791446,-0.421424,-0.570169
-2.025038,-0.41514,-2.100047,0.997075,-0.87981,0.380198,0.460476,1.214001,0.195505,0.912577
-1.372232,,0.402287,-1.466047,-0.668728,-0.686764,1.451599,1.87751,1.042226,0.994134
0.206731,-2.31284,0.441054,1.037289,-0.599519, N/A ,0.564272,-0.062793,1.071029,0.162001
-2.027285,-0.531775,-0.685397,1.104314,-0.634231,1.148085,-0.577846,1.567428,-0.1091,-0.75214
-0.485536,0.869667,-0.821942,-1.002902,-1.188394,-0.10744,0.025324,-0.714507,-0.624679,1.033672
1.324935,0.352855,-0.437898,0.882023,2.225933,0.872408,-0.647783,1.00095,-0.267814,-0.441445
0.994995,0.754287,-0.985598,-0.64481,1.206349,-0.225411,-2.026684,-2.103124,-1.987628,-0.050221
-0.571741,0.752682,0.944753,-1.304014,0.188646,-1.986804,-1.618674,0.112289,-1.226038,0.18381
1.775707,1.098771,0.15911,0.744267,0.691878,1.14298,1.430437,,0.540641,-0.356742
-0.545783,0.15113,0.198978,-1.543107,1.149391,1.046875,0.612293,-0.717156,0.227548,-0.398572
-1.670064,-1.302201,0.718822,-2.199739,-0.205075,-0.634769,3.660102,0.371734,0.659029,0.610077
-0.692033,1.516613,-0.965021,-0.525971,0.278096,-1.333799,-1.406,-0.531369,0.399781,-0.179715
-1.28684,-2.020526,1.591905,0.221305,0.145791,1.505915,-0.085184,-0.330673,-0.63797,-1.108072
0.98303,-0.554112,-0.057686,-2.561934,-0.283553,-0.788144,1.915286,,0.29096,-0.350365
-0.862733,1.005327,0.426903,-2.29327,-0.005615,-0.706908,-1.316311,-0.942785,0.89877,-0.69798
0.172589,-2.185427,0.375203,0.958332,0.657955,-0.276062,-0.627972,-1.391873,0.391304,-0.246733
-0.484228,1.89137,-0.797145,2.7801,0.461578,0.606573,0.145541,-1.128517,-0.319835,0.943389
1.108923,-1.1651,0.807916,0.250383,-0.570607,-0.897545,-0.231274,2.346098,-1.587028,0.551343
-0.345057,-1.284761,-0.879669,0.861872,-0.496739,-0.091764,0.523108,0.713036,0.069403,2.190134
0.576754,,-0.654289,0.691126,,-0.978328,,-2.803069,-0.595132,0.610883
-0.241063,0.221815,1.162614,1.133952,0.955404, N/A ,-1.604195,1.268174,0.532628,1.020697
0.186898,0.237699,1.453033,-0.459031,1.630824,-1.386713,0.97957,-0.696639,0.5153,2.351158
1.712585,0.260019,0.809983,0.353586,-1.176105,0.411574,-1.352808,-2.006829,2.107477,0.244678
-0.77245,-1.09794,2.087194,,1.231623,1.243537,-0.39003,-0.647238,-1.729381,-0.313536
,0.609347,-2.04519,1.501165,0.226148,-0.327718,1.893147,,-0.49716,-0.591914
1.001639,-1.040188,,-1.869517,1.064198,-0.649513,-0.365618,-0.983413,-0.091677,-0.957357
0.631345,-1.34415,-0.211134,-0.838609,-0.53792,-0.083443,1.767539,-2.435206,-1.0934,-1.150415
-0.787168,0.027598,,,0.383265,1.348922,0.617152,0.80471,-0.642552,0.231374
-0.462149,0.256087,-1.488563,-2.865557,0.28623,-1.368168,-1.043,3.785931,0.691488,1.50298
-0.143633,-0.633458,0.761397,0.344781,1.879204, N/A ,-1.931169,1.322107,-0.218093,-1.475235
1.845872,0.913889,0.003553,-0.991896,-1.665294,-0.866497,1.578675,-1.525289,-1.199975,-1.869787
2.004505,-0.218685,,1.086282,-0.05335,1.526866,,-1.676145,-1.70588,0.237556
0.793271,-0.265335,-1.466705,1.55022,-1.301029,-1.815637,-1.508938,0.667152,0.748346,-0.371558
-0.725495,-0.729295,-0.099944,0.662702,0.322412,-0.39656,3.32806,-0.159445,-1.554079,
0.356886,-0.798673,-0.66678,-0.765039,-1.404736,-0.188977,-1.024975,1.475297,-2.067521,-1.053999
0.175735,-1.358294,-0.060852,1.821583,0.074518,-0.384518,-0.059697,-0.448903,1.251984,0.818697
-0.047744,0.054768,-1.066677,0.835176,-0.581866,1.503685,-3.457072,-0.754213,-0.32507,-0.142758
-0.090133,-0.028222,0.855446,-0.458914,-0.97107,1.152028,-0.112618,-0.205834,0.356712,
0.541346,-0.443552,-0.583522,0.194389,-1.456508,-0.004548,-0.668707,-0.549901,0.19527,1.768827
0.574039,1.11698,-0.179505,-0.06245,-1.009892,-0.947159,-1.820233,-0.12777,0.257915,-0.163423
,-0.490504,,0.628007,-0.535459,-0.851377,-1.031818,-0.976835,-1.91073,1.164048
-0.205664,0.440938,0.074851,0.116689,0.351048,1.533043,1.777634,-0.222401,1.492359,-1.054077
-0.453641,-0.304244,,0.307094,0.14231,-1.74966,0.482737,-0.865489,-0.506003,1.051074
-0.816067,-1.510931,0.706917,,-2.152496,-0.741247,0.025132,0.055428,-0.652165,-0.89465
0.749909,-0.604571,-0.725369,-1.836441,0.202051,-0.143912,-0.415905,0.922518,-0.705699,0.596721
1.663656,1.095403,0.079058,-0.463996,1.03427,0.512303,1.34923,-0.492213,,0.133227
-1.284712,-1.029049,1.128188,-1.964664,-0.749033,-0.855445,,0.766051,-0.775877,-0.5164
1.096435,0.602113,-0.121118,1.199398,0.014772,-1.197611,-0.072811,1.670599,0.739802,0.873682
2.148094,-0.466546,0.876085,-1.326475,-0.135487,-0.444941,0.622365,0.667536,-2.417292,-0.708042
-1.464132,-0.891721,-0.925968,0.385435,0.158892,0.060598,0.79292,-0.061793,-1.584107,2.051601
0.039835,1.110584,-1.337445,0.655337,0.043873,-0.084548,1.019868,-1.057056,0.205144,-0.579426
0.18664,-0.32138,2.300558,1.459135,0.898698,-1.640222,-1.414649,-0.21035,0.607474,1.133639
1.698408,-1.340859,1.255188,2.424362,-0.42257,0.169542,-1.905108,-0.222777,0.053507,0.116826
0.487509,1.254539,-0.286648,0.48278,1.486112,-0.425353,-0.982644,-0.154291,1.812045,-0.613935
,0.731492,-0.576275,0.242705,-0.589052,-0.108545,-0.617471,-1.980571,-0.743152,1.247696
-2.620247,-0.562725,0.560112,,-0.345055,1.1415,0.177274,0.848103,-0.549084,-0.272105
-3.070606,-0.787679,0.60023,-0.717001,0.743128,-0.154599,-1.056966,,0.849877,-0.509941
0.219128,0.064807,-1.526053,0.840398,1.012162,-0.185515,-0.851814,-0.956721,1.106014,0.07963
0.627773,0.426861,1.219925,1.021832,-0.416976,-1.726002,-0.457168,-0.419021,-0.388821,1.474921
-1.182028,-0.692261,-0.185241,0.228226,0.428684,0.149644,-1.509584,1.204706,1.497065,-0.116865
0.425709,0.267717,0.384575,1.684578,-0.84096,-0.790423,-0.642146,-0.027254,0.128817,0.314536
-0.326552,1.525892,1.653754,0.878324,-0.294659,0.372314,0.484031,-0.707554,1.129348,1.16809
,-2.21928,-0.755745,-0.68325,-1.671864,0.873869,-0.518214,-0.350455,0.742432,0.02372
0.429444,,-0.580388,-0.570036,, N/A ,0.845084,-0.024705,-0.123915,-1.096833
-0.194704,1.135975,,-1.302338,0.107595,-1.22262,0.390809,,,-0.863782
,,-1.228373,-0.215024,-0.696183, N/A ,-1.002682,-0.424164,0.624998,0.124208
-1.822561,-0.825157,-1.42684,-0.053733,0.457244,0.380652,-1.255329,0.29321,,-0.051208
0.167047,0.076345,0.54886,-0.042639,-1.686009,1.848796,-0.159621,-1.49257,-1.106408,1.207766
0.078011,,0.437382,-0.201355,,1.357201,,1.943976,0.051586,0.610889
1.611137,-1.431687,0.884982,0.024244,-0.737795,-1.805912,-0.13814,0.267014,-0.250467,0.753574
-0.137413,0.710163,0.905067,,-0.554221,0.411859,-0.379877,-0.254169,1.957563,1.141255
1.15717,-0.006339,0.553432,-0.024834,-0.709807,-0.454117,,0.606278,1.277295,-0.367649
0.670827,-0.759244,-0.647201,0.38656,0.149276,0.268038,-0.049808,0.534494,-0.525609,1.424277
-0.520803,0.635094,-0.712226,,0.302964,0.27552,0.824705,1.06749,2.683997,1.177956
-0.656116,0.007386,-0.860985,-0.315652,-0.462658,-0.194732,-0.676372,-0.973461,-0.669329,-0.968463
0.628935,-0.300251,1.373846,-0.050814,-0.543198,-0.047704,-0.037579,-0.922201,-1.285036,-0.782328
-0.762061,-0.145411,-0.746174,1.026219,0.241258,0.623605,-0.289163,0.636273,-0.011685,-0.225148
-0.777757,-0.802208,0.26339,0.927942,-0.06539,0.164728,-0.596875,0.132211,,1.204678
-1.784958,-0.600517,-0.016929,0.300575,-1.011568,0.374759,0.163978,1.636692,0.584108,-0.135125
1.151828,1.567909,-1.075518,-0.8206,-1.262939,1.049424,0.961004,-1.059627,-0.194028,-0.728964
-1.335674,0.291618,1.592516,0.717258,-1.521231,0.187483,0.803696,0.651783,-2.120451,-0.800011
-0.073695,1.295103,-0.267342,-1.211402,0.179311,0.587111,,-1.089802,-2.193464,0.737461
1.508757,1.13559,-0.0067,1.246923,0.333312, N/A ,0.771966,-0.684039,0.647466,0.559468
-0.782141,0.311474,,-0.298595,0.371081,1.673644,-1.720038,0.301505,0.853908,-0.845914
-0.387744,-0.845835,0.607515,1.073594,-0.584603,-0.762534,-0.537088,-1.612826,-1.357748,-2.161915
-0.417271,2.500754,-0.330174,1.150093,-1.098513,0.886726,-2.617784,-2.097054,-1.516131,0.126599
1.467817,-1.73112,-0.708631,-1.454022,0.206067,1.42987,-0.332342,,,0.518465
-0.216943,-0.02827,-1.75206,-2.08411,0.314962,-0.24345,0.185246,-0.373393,0.586776,0.398868
-0.694841,0.773275,-0.745586,-0.948221,-0.677178,0.385487,-2.373289,-2.026047,1.136135,1.293525
-1.855817,0.960352,1.583031,0.065792,-0.459896,-0.626706,-0.320212,-1.588594,-1.06938,0.484184
0.023735,0.00397,-0.134743,-0.224494,-0.391632,-0.098397,0.329778,0.773063,-0.801062,1.076334
-0.967806,,1.046622,0.245948,-0.386077,1.232747,-1.553574,-0.324633,0.42789,1.355137
1.258826,-0.565969,0.203436,0.354941,-0.833767,0.006953,-1.854818,1.222911,0.734991,-1.138902
1.708693,0.011,-0.250934,1.305895,-0.669517,-0.984457,-1.690362,-1.194145,0.412318,-0.013503
-0.400763,-0.362834,-1.295721,-0.618964,0.934174,-1.146148,-1.387369,-0.552372,-2.24822,0.964942
-0.614494,-0.046844,0.200188,0.018946,0.803264,1.001887,-0.313498,0.046666,0.17086,-1.614654
1.299427,-0.370477,0.006117,0.90645,1.100217,-0.544792,-0.986914,0.75798,0.615343,0.320404
-0.003976,-0.741254,-1.061632,0.378093,-0.146608,-0.807961,1.453665,-1.392437,0.676114,-0.52648
-1.415186,-0.545436,-1.322711,1.141621,-0.114243, N/A ,-0.549545,2.273108,-1.689734,-0.050133
0.675039,-1.464992,0.131281,-0.264198,0.373806,-0.145696,-0.244886,1.754021,2.108835,-0.101918
-1.280053,-0.57099,-1.001828,0.010319,0.38003,0.702781,1.163048,2.599262,-1.185629,-0.485266
-0.736177,-0.161681,-0.147573,-0.584795,0.537051,-0.59252,-0.280689,0.595402,0.85597,-1.48985
-0.268727,0.812221,0.961242,-0.492459,0.74932, N/A ,0.151572,-1.43171,-0.671288,1.019109
-0.410194,-0.422611,-0.165527,0.617368,1.39345,0.749834,0.790034,-0.563444,-0.15988,-0.595879
-1.542189,-0.797515,1.377045,0.927901,-0.456374,0.16957,-1.009013,-0.146837,-2.299107,1.717946
-1.208372,1.314514,1.27111,0.339625,0.837009,1.132694,-0.069826,-0.67899,-0.375754,-0.248168
0.086529,-0.74615,0.878095,-0.184397,0.311433,-0.176314,0.286893,0.48523,-2.496815,-1.796043
-0.539075,-0.892613,-0.666979,0.9235,-1.699826,1.21768,-1.546074,1.597364,-0.814079,0.170235
0.25726,-0.045589,3.16813,-0.527124,1.600524,-0.562918,0.42139,-0.916997,1.293244,2.483206
-0.67661,-1.037184,1.221264,1.68377,0.645915,-1.396847,0.396767,-0.729866,-1.522545,-1.695147
-1.01103,0.493228,-0.277899,0.575975,-1.266163,-0.575298,-0.841222,-0.077943,-0.482288,0.153061
-0.135052,,0.855002,-0.130248,0.922606,0.330109,-0.914187,0.156774,,-0.368847
-1.957386,-2.352466,-0.780982,1.435788,0.376896, N/A ,0.859593,1.324002,-0.735668,1.668185
-0.185762,0.659528,-0.127985,0.408398,-0.90177,-1.316016,1.467162,-0.019448,-1.188487,-0.204465
1.827778,0.9992,-1.358385,0.140694,0.036943,-0.139013,0.34537,0.335376,-1.116073,0.364692
-0.435118,1.677507,-0.07383,-0.680561,-0.16721,1.558937,1.37617,0.968673,-0.501639,0.373393
-1.230463,1.229149,0.840744,-0.573821,-0.139641,1.603835,0.122673,1.347318,0.939503,-0.921793
1.399619,-0.449198,-1.517305,-0.282517,2.55316,0.342073,-0.423631,-0.153261,-0.615344,-1.689025
-0.96856,0.465823,0.992551,1.590918,-0.196837,-1.201668,1.126935,-0.518525,-0.168007,1.023106
0.34648,-0.536698,1.0297,-0.252651,0.252563,0.978542,-0.692506,-0.774363,-1.269604,-0.414527
-0.479816,0.310058,-0.240956,2.125526,0.370238,0.514399,0.388164,0.676921,-1.289943,0.07725
0.789242,0.24844,-0.520958,0.458555,0.034859,-0.686933,-0.075194,-1.634415,1.396738,1.531202
-0.61928,-0.352462,0.10292,-0.840014,-1.278053,1.814217,0.107047,-0.074362,0.913035,1.006055
1.885595,-0.301368,-0.628658,-1.647406,-1.820937,1.411561,-1.52514,-0.75694,0.104489,-0.270783
-0.21291,-1.409343,-0.068794,-0.218667,-0.499795,0.672579,-0.462711,0.434218,-0.126275,1.06815
-1.104425,0.964771,0.955511,0.249089,-1.086631,-1.486533,2.600797,1.505409,-0.495488,-0.601295
0.253222,1.988445,,0.864563,0.067532,-0.236321,1.146008,-0.833043,-2.281888,-0.348513
0.136448,-0.810923,-0.083649,1.791871,0.708865,-0.02784,,0.469786,0.945134,-0.807561
-0.508967,1.757943,1.004885,-0.222641,0.183405,0.813722,-0.843068,0.715896,1.362095,-1.211758
0.430161,1.684654,0.023528,0.813458,-0.959327,0.811298,0.092895,-0.650058,-1.253165,0.376171
0.68764,-2.298139,-0.132576,0.166708,-0.109424,0.75636,1.27853,0.255114,-0.59941,-0.370763
0.26309,2.039243,1.497007,0.71975,2.404328,-0.81972,0.177715,-0.446309,0.512166,0.110436
-0.177409,0.836528,0.313122,0.333237,-1.306424,0.69079,-0.797896,1.583992,-0.963269,-0.081023
-0.321697,0.151305,-0.363673,0.168801,,-0.766155,-0.284266,-1.051187,0.098224,-0.781853
-0.443939,-0.373817,1.258734,-0.221638,0.073534, N/A ,0.210418,1.21667,0.551341,0.426681
-0.716924,1.084407,-0.483192,0.01399,-0.151786,0.085892,-1.562598,-0.252612,-0.192916,-1.645465
-1.88861,-0.494002,-0.191324,0.119942,0.586163,-0.4918,-1.265695,-1.821567,-0.874036,-2.120358
-1.110107,-0.244827,0.398193,-2.041752,-1.08321,-1.497984,-0.79622,1.037063,-0.074455,-0.670706
-1.034173,-0.674094,-1.787337,0.089674,-0.301882,0.23113,,-0.096188,-0.16692,0.201744
0.371981,-0.282625,1.145442,0.329838,0.453767,0.834797,0.725939,0.432525,-2.205046,0.384872
0.182862,-1.307249,1.543789,0.326592,0.567823,1.618508,-0.238451,0.629951,-0.741219,-1.53352
-1.630893,-0.007227,,1.670701,-0.025714,-3.832323,-0.517501,-0.034355,1.912941,-0.700181
0.429757,-1.017143,-0.248044,0.591456,,-0.469028,-0.133426,1.246257,0.718351,1.017217
0.081585,-0.529369,-0.727045,-0.172015,-0.540294,-1.295517,1.965797,1.477708,,0.665686
-2.604875,-0.045492,0.454317,-0.12502,-0.45563,-1.825516,0.278117,-0.261604,1.784379,0.290876
-1.717339,-0.021372,0.898962,-0.20636,0.384501,1.163496,-1.392391,2.085335,-0.24192,-1.216562
0.357908,-0.140396,-0.850411,-0.207366,-0.337567,-0.341137,0.448908,-0.652955,,-0.212847
0.343932,-1.966555,0.301504,0.715087,0.556702,1.471581,-0.825961,0.620638,0.426524,0.554418
0.597309,0.387154,-0.394796,0.382963,-1.225346,-0.639701,-1.136952,-0.14352,1.138642,-0.530549
2.043104,-1.108987,-0.646517,0.655433,0.83883,0.382104,1.093637,0.729425,-0.229868,-0.317219
1.409122,-1.044993,-0.698828,-0.025065,1.184101,-1.331031,-1.228147,-0.026435,-0.947156,-1.18359
0.828409,,0.511016,-2.12098,0.06353,-0.089771,1.724351,1.728861,0.381266,-0.459593
-1.491106,0.795012,1.141619,0.008547,0.01898,3.032244,-1.009933,-0.053023,0.092754,-0.081769
1.503141,-0.107473,,-0.1654,-0.603689,-0.124229,1.480247,0.823405,-0.18825,1.036944
-1.220841,1.344584,-0.464109,1.334567,0.497729,-1.779272,0.444214,-1.25097,1.051371,0.687342
-0.474706,0.434565,-1.024246,-1.225351,1.863412,-0.428451,,,0.214918,-0.258958
0.567387,0.242095,-0.352437,0.431007,1.026571,-0.962336,0.402057,1.053541,0.655277,-0.710464
0.420816,1.325429,-0.204466,2.148578,-1.75403,0.23601,1.148218,0.48235,0.221845,1.374956
0.31411,,-1.368476,-0.786757,,1.964487,-0.358562,0.436078,0.871326,-0.617499
0.216363,-0.288393,1.661314,0.421844,-0.061218,-2.166331,-1.76857,1.210317,0.950403,2.188425
0.300594,-0.521059,0.584744,0.713197,0.133168,-0.683454,-1.967224,-2.188474,,-0.260237
-0.042147,-0.486019,-0.740205,1.612323,0.597533,0.586071,0.191712,1.117326,-0.341279,-0.240763
-0.20365,-1.454244,-1.318786,-1.712257,,0.547857,0.213839,-0.57045,0.436957,-1.834388
-0.454344,-0.2368,1.33759,0.455859,-1.76729,0.543031,1.314737,-0.4776,-0.939164,0.961925
0.413538,-0.741865,1.548709,0.401994,1.812584,1.37772,-0.579375,-0.060604,0.242923,0.481381
-0.535543,0.778492,0.641584,1.519545,0.969952,0.79857,0.543173,-0.549768,-0.750293,0.352815
0.858023,-0.521905,0.93656,-1.196623,0.314264,0.661268,0.898031,-0.944441,1.263037,-1.198532
-0.574222,0.163885,-1.979404,-0.58356,1.303766,0.44849,-1.122119,-0.042531,0.512589,-1.61333
0.177409,-0.154467,0.518037,-0.239129,0.947331,0.087823,0.48999,0.231912,-0.638038,1.801191
-0.41322,-1.370143,1.113884,0.454247,-1.149796,0.334801,1.568842,0.0581,0.878667,-0.401392
1.416326,2.413893,2.611718,-1.562943,0.351876,0.036789,2.386096,-0.223681,0.011573,0.448423
1.899251,0.283573,-2.519481,-1.900681,-0.034571, N/A ,0.872637,-1.590916,-0.348884,-0.288828
,0.021074,,0.335081,0.675542,-0.755811,0.333933,,,-0.864031
0.446877,-0.343985,1.10519,-0.387315,0.20713,1.100291,0.654134,-1.703141,1.047432,-1.643368
0.621522,-1.208199,-1.65637,0.786481,1.620175,-0.934533,-0.360088,-0.365684,-0.265568,-0.093702
1.488851,0.386799,-0.860284,-1.077934,0.485385,1.174301,-1.758856,-0.617579,-1.130695,1.486726
-0.015718,-1.200558,-0.143196,-0.722621,-2.118385,-0.026864,0.070511,0.771899,-1.13721,0.908312
-1.217016,-0.621858,1.571826,0.992128,2.218467, N/A ,2.299161,-1.613685,-0.704125,-0.05996
-0.088433,0.809488,-2.200551,1.52125,1.354562, N/A ,-0.521274,,-1.838978,-0.549563
-0.636822,-0.406814,0.018379,0.324303,0.218946,0.996616,-0.445184,1.670092,3.037797,-1.418731
2.17137,-1.072067,-0.981722,-0.366835,1.474112,-0.296853,-0.662699,0.675385,,1.579291
0.38944,-1.634017,0.201912,0.274885,-0.430248,0.953219,1.214756,-1.422689,1.825168,-0.053086
-0.15734,-0.512162,-2.106297,-0.2204,0.538171,0.065434,0.921684,-0.127439,0.34342,-1.132569
0.418596,,1.917705,-1.839066,-0.629631,-0.276396,-0.677023,1.804207,,1.213177
0.094739,0.044503,-1.453101,-0.922055,-0.167903,-1.757322,0.885687,-1.467041,-1.089938,
-0.678874,-0.086761,-0.939335,-0.631566,-0.920248,-0.976868,-0.624854,0.180176,0.252836,0.959124
1.20672,0.896998,0.500553,1.300793,-0.602736,0.637378,-0.862249,1.698806,1.805498,-1.376921
-0.134001,-0.195978,-0.783529,0.037208,-0.429775,-0.260826,1.403986,-1.468596,-0.687154,-1.643137
0.778214,1.008849,0.607456,-0.688637,,1.085034,-0.835251,0.869019,1.404379,0.286316
0.040077,0.779251,-1.634333,-1.318328,0.678534,-1.511993,-0.31335,-0.462908,-0.599415,-1.292015
0.085846,-1.079523,0.671056,-0.599919,-0.835581,-0.086576,1.300015,0.597288,1.454627,-0.379505
0.991254,-0.716206,0.871049,0.345188,0.960364,-0.856263,0.449092,0.602782,0.978849,-0.677524
1.988578,-0.877437,-0.864479,-0.860402,1.567444,0.492471,2.790944,-1.757521,1.772126,1.315547
-0.093957,0.023886,-0.604228,1.995821,-1.91146,-0.022674,-1.012261,0.388835,-1.358069,0.033036
-1.201358,-1.326447,1.299797,-0.792024,,-0.041691,0.388918,0.696834,0.169603,0.208616
0.808628,0.705948,,-0.775306,-0.460781,-0.022275,-2.485549,0.240547,0.789285,-0.600337
1.165523,0.55602,0.196241,2.212564,0.745725,0.095407,0.297469,-0.943109,-0.051892,1.099793
-0.79514,-1.588321,-0.96135,1.442685,-0.043877,-0.946897,0.8695,1.055067,-1.887919,-1.311064
-1.176769,-1.064408,0.760806,0.702973,1.034248,1.646442,0.378904,-0.125578,0.025733,-0.667336
-0.144994,0.20683,0.643159,-0.780915,-0.831521,-0.708151,0.393671,0.376338,-0.304759,0.044971
-0.069799,0.432893,0.154776,-0.754724,2.230385,-0.63513,-1.815787,-0.166776,-1.61207,-1.519383
-0.317017,-1.27082,0.696474,-1.920961,0.619406,0.561441,0.077096,0.768446,,-1.240105
-0.234998,-0.386835,-1.111354,-0.364474,-1.032291,-1.798626,0.001031,1.181106,-1.770574,2.734293
-0.299035,-0.869814,0.072564,0.835039,0.688602,0.678207,-0.65543,-1.685857,-0.954141,0.125947
1.641741,,-0.59029,1.131926,,-0.592245,0.727503,0.692291,-0.462738,1.203629
0.78696,1.400238,-2.465474,0.542577,-0.394301,0.604834,-3.053997,1.046157,1.216944,0.390227
-0.078142,,0.60782,0.004716,-0.769356,-1.07302,-0.082218,2.460205,0.169411,-1.239081
1.733162,,,-0.211877,-0.079856,-0.030909,-0.375195,-0.133278,-0.870751,0.336667
0.146167,1.418325,0.146651,-0.147308,1.935434,-0.049684,1.172145,1.496605,-0.175576,-0.48066
1.04398,1.543426,-1.206494,2.759627,0.805369,0.914876,0.814948,0.108722,-0.641581,
-0.534848,0.996663,0.093206,0.266993,0.730102,0.563692,0.229237,-1.05174,0.204238,0.751934
0.595957,-0.992002,-1.116031,1.581982,0.283571,-0.865479,0.113365,1.212007,-0.152242,0.471964
1.162711,-0.255643,1.602986,-0.008507,0.478801,0.624009,0.539622,0.994611,1.129505,0.207425
0.17509,0.552574,0.751485,-0.37427,-0.372471,0.492784,0.018575,1.996631,1.650594,
0.676185,0.108215,0.170647,-0.931359,-1.166618,0.933522,1.734955,0.822702,1.239657,-0.219246
-0.266797,-0.015821,1.245112,-0.665871,0.976254, N/A ,1.256219,-0.469227,-0.626326,-1.025769
-0.013402,-1.369565,-0.827521,-0.426677,,0.04613,0.292079,-0.448607,-1.233524,0.60797
1.465114,-0.240165,0.352136,-2.508229,-0.525674,1.914184,-0.054939,1.0312,-0.779833,0.568564
-0.83198,-0.459531,-0.960766,0.296614,0.26262,1.122419,,-0.672984,-0.413614,0.532629
0.940239,0.269662,0.399389,-0.780104,-0.381517,-0.607516,1.642486,-0.713087,-0.296719,1.735494
0.78851,1.271862,1.605835,0.305337,0.322353,0.111958,0.250127,-1.085085,-0.384401,0.347725
0.027355,-0.599226,0.465629,0.81292,0.758278,-2.354085,-0.882,0.463832,-0.733484,-0.06146
0.291844,0.354209,0.480008,-0.003178,, N/A ,-0.67015,1.163971,-0.753164,-0.673567
-0.969371,1.455301,0.433272,-1.551894,-0.569471,-0.8486,0.856257,-1.381067,1.541681,1.165576
1.33731,,0.819141,-0.327312,0.073653,-1.196334,0.086024,-0.526683,0.178657,0.11504
1.248818,0.471959,-0.339753,-1.569932,-0.336695,0.188012,0.938498,-0.234077,0.477332,0.733759
,-0.728181,-1.451294,-0.415254,-0.542925,0.884813,,-0.374459,-0.075485,0.537722
-1.509668,-0.036532,-1.806755,-0.297821,-1.747821,-0.638215,-1.516884,2.210201,-0.734317,
0.667377,-1.232666,1.185552,0.898504,1.500561,-0.229674,-0.780245,-2.706868,0.834708,0.296913
0.030501,-0.453838,1.806654,0.742969,0.589213,0.911164,-0.829443,-0.976296,1.353983,0.838559
2.001564,-0.435903,2.704208,0.434445,-0.137365,-2.380281,0.528578,-0.346212,-0.383442,0.916763
-0.009937,1.488953,0.087151,-1.714648,1.605841,0.227311,-0.559608,,-0.58004,0.957641
0.005641,0.640514,0.329719,-1.939358,-0.644894, N/A ,0.095405,-0.365542,2.333765,-1.05047
0.330557,0.449155,,0.746561,-1.019734,-1.05477,-0.303684,-0.527864,-1.130345,-0.099998
-0.28651,-0.911498,0.875128,0.315789,1.096954,-1.360525,0.176632,0.469691,-0.748791,-0.460408
1.552228,0.788676,0.627407,-0.947874,-0.236575,-1.102482,,-1.198712,-1.623471,0.847763
0.235719,-0.374222,,0.925804,0.4699,-0.814401,0.904377,0.520996,-0.506869,0.318826
0.262302,,-1.107285,-0.514628,0.147035,0.752356,1.069613,1.433785,-0.555952,0.637579
-0.575649,1.131452,1.308488,0.717077,0.247545, N/A ,-0.380927,-0.686821,-0.033892,0.130875
-1.455202,-0.476443,-0.532502,-1.249501,0.81501,-0.509689,2.243983,-0.252442,1.317529,-1.438388
1.987723,-1.528105,1.132985,0.645247,-0.576217,0.196377,0.684485,-0.087299,1.067844,-1.522362
2.046546,0.533397,-1.19978,-0.799623,1.20204,-0.154323,1.271049,0.284725,-0.780575,-0.533505
0.491816,1.35622,-2.438447,,-0.361127,-0.681241,-1.085014,-0.270165,0.920874,1.211375
-0.307071,0.755202,-0.315684,0.186184,-1.37222,1.099656,1.247418,1.405091,,1.653466
0.663212,-0.278197,-0.382479,0.349854,,-1.211659,-1.35066,1.340038,0.039452,0.317506
-0.538008,-0.180684,-0.116349,0.381091,-0.253816,0.994846,-1.402319,0.305663,0.018966,0.078853
-0.339038,0.324569,0.060139,0.873326,1.147015,-0.409852,-0.182586,-0.241533,-1.455151,-0.321806
0.697063,-1.236629,0.509981,-1.002323,-0.325327,-0.581645,0.507182,,0.311483,-0.54389
1.950457,0.564423,-0.770802,-0.323493,0.337847,0.441375,0.33401,1.087298,0.623819,0.841544
0.746207,0.532315,0.650694,0.221003,-1.090772,1.12911,-0.850332,0.437087,-0.315632,0.51917
1.095032,,0.2767,0.556353,0.6983,1.461952,0.200306,0.787902,0.202895,1.430751
0.259514,0.48962,,1.246509,-0.773561,-0.871839,1.733501,-1.027777,2.17539,-1.150466
-0.509889,-0.562543,-0.681406,-1.936873,-0.270377,0.407458,1.675288,-0.632733,-1.099169,-0.700424
0.534368,-1.87666,-0.254108,0.689138,, N/A ,1.642808,-1.377527,1.913472,-0.500534
-1.719235,-1.90676,-0.185719,-0.270236,-0.332953,-0.696715,-0.852003,-2.215998,,0.152287
1.121052,-0.464172,0.954891,0.655426,-0.853558,0.614981,0.138416,1.291636,-1.438077,-0.885569
1.730145,,-0.98138,0.075642,1.162867,0.199348,-1.119348,,0.72926,-0.37583
-0.657608,-0.921148,0.662623,0.166585,-2.245733,0.604511,-0.501101,-0.15269,-0.15118,1.853698
-1.215613,-1.291367,,-0.128136,0.230519,1.234645,-0.034511,-0.982868,-0.419831,0.508163
1.306526,0.658751,0.78934,-0.002783,1.798171,0.76812,0.123138,0.785173,-0.100941,0.722438
0.915201,-1.052247,-0.445083,-0.81005,-0.398611,-0.485142,-0.79406,0.309818,0.900536,0.661253
1.098206,-0.324948,0.961794,-0.549376,0.050644,-1.055078,-0.489399,0.805748,-1.091503,0.946765
-0.152702,1.418322,0.065806,-2.541424,-0.339076,2.022815,0.037656,0.317865,1.016307,0.347621
0.554456,-0.770703,-0.95639,0.574545,-0.061249,0.325354,0.975579,-0.735306,1.474949,
0.101462,0.715144,0.429641,-0.299554,0.572211,-0.853862,-0.059767,,-0.743035,-1.103793
0.932601,-0.034149,0.764063,-1.268184,1.841268,-0.326918,1.872532,-0.989999,-0.475155,-0.681249
-1.079738,-0.30166,0.934414,-2.430526,0.115573,0.204054,0.293871,1.323356,0.365406,1.134209
0.620994,0.487001,0.099009,0.842368,-1.325381,1.092621,0.081833,0.069877,-1.94855,0.684186
-0.292991,1.742308,0.200956,1.110756,-0.320549,1.051158,-0.399555,-0.455324,-2.053545,-0.87954
-0.445653,1.774762,0.881791,-0.028637,-1.112045,-0.754691,-0.371118,0.394974,0.232555,-0.63212
0.364816,0.005013,0.300215,0.922938,,-0.19901,-0.794141,-0.884639,0.02709,0.121414
-0.128713,1.70662,1.603771,-1.05699,1.783809,0.670205,-0.000866,-0.17331,0.345491,-1.114005
-0.621463,-0.645508,1.244191,0.130355,0.436526, N/A ,-0.897674,-1.151362,1.469958,-1.338222
2.09365,0.067302,0.600427,1.093002,1.070126,0.187978,0.414989,0.302513,-1.304435,2.332342
-1.533313,0.092658,0.165702,-1.321335,-0.387654,-1.162295,0.731146,-1.58695,1.415974,-0.636244
1.812778,2.448252,1.217607,-0.929191,,1.869606,-0.012031,0.80494,-0.199124,-0.067194
-0.143922,,-0.109937,-0.249139,1.046619,-0.943013,0.918451,-0.215958,0.373452,-1.410998
0.249365,-0.666554,0.050724,-0.638308,1.122024,-1.277371,0.663798,0.140128,,1.573493
-0.823273,0.920219,-1.072705,0.95685,,-1.343197,-0.14034,-0.957315,-0.981416,0.604577
2.506672,1.317023,-1.339241,-2.604541,-0.034727,0.00592,0.413497,0.196168,-1.237759,-2.482722
-0.006303,1.232215,-1.279062,-0.087281,-0.719569,-1.587294,-0.235756,0.385727,1.016602,0.061961
-0.42709,-0.618269,0.489627,0.164584,0.095448,-0.360582,0.210113,0.647449,-0.957794,-1.709518
-0.640766,0.54108,-0.863767,0.642991,1.295101,-0.722777,,0.184762,-1.704567,0.350846
-1.171292,-0.028658,1.548977,1.54694,0.842286,-0.763381,0.929239,0.617421,1.377096,-0.730524
-1.1604,-0.372812,0.106445,1.050226,-1.196289,-0.20543,-2.50032,0.884473,0.253435,-1.698148
0.287049,-1.596365,0.34858,0.517379,-1.190562,-1.836029,-1.727907,-1.179711,,-0.594193
1.428107,-0.707244,-1.075318,-0.531949,0.234267,0.831207,-0.751555,0.069934,-0.529705,0.193016
0.15287,-0.375016,-0.460776,1.32369,-0.377918,0.737277,-0.399334,-0.200374,1.668329,-1.918716
1.53159,0.4179,1.365772,0.984638,,-1.465601,-0.167616,-2.052613,-1.695885,0.799243
-1.582035,0.379759,-0.295886,0.243728,-1.140816,2.068394,-0.380919,-0.698892,-2.113476,0.61934
-0.607807,0.059739,-0.696163,1.900742,0.311162,-0.123557,,0.125467,-0.376683,-0.792967
1.333591,0.126914,0.118437,0.937635,-2.021842,-0.440677,1.554182,-0.407474,0.225473,-0.236147
0.181131,-1.75156,2.258515,-0.264721,1.284037,-0.630024,0.262124,0.577477,-0.30701,1.347655
-0.872268,0.104319,-2.203007,1.145484,,-1.662942,0.658212,-0.836792,1.218289,-1.394713
-1.792995,-0.339186,0.801409,0.697524,0.571683,0.009508,-0.225024,1.363519,-1.913433,0.601743
1.147158,-0.147916,0.32898,-1.481157,,0.974556,0.922773,-1.066116,-0.703643,0.39599
1.506354,1.224953,,-1.662922,1.652014,-0.677714,-1.088998,-1.369045,-1.406663,-0.281498
-0.247732,0.663733,0.900934,-1.8658,-2.0204,-1.017411,-0.813383,1.847131,0.158524,1.433812
0.120223,-1.67284,1.13217,0.898341,-0.246235,-1.557314,-1.222405,0.823757,1.135189,-0.488897
-0.077565,0.071515,0.579876,-2.815954,-0.551562,-0.030965,-0.21437,0.937386,-0.60786,0.365775
-0.645682,0.403914,-0.266563,0.050415,1.862339,-0.870809,0.973094,0.16976,,0.670039
0.562575,-0.397888,-1.902819,,-0.481753,-1.317155,1.466719,0.965935,-0.192357,1.033409
-0.774085,-1.38332,0.372552,-0.460527,1.100082,0.943408,0.448565,0.59269,0.741164,-0.629543
-0.436876,,0.212923,-0.665454,1.236728,-0.459791,1.190352,-1.63885,0.863554,0.871276
1.041228,0.802148,-0.621328,-0.531633,1.031099,0.013117,0.545472,-0.765265,-0.833895,-0.834709
-1.337596,1.273412,-0.520555,-0.211108,,-0.521861,1.499062,1.905625,-0.988591,-0.698166
1.255542,0.680689,-0.301486,-1.791642,1.063704,0.500063,0.125134,0.448334,-0.044156,1.683137
-0.724595,0.779445,0.473802,0.369921,1.177424,0.266241,,0.566169,-0.021138,0.426458
0.748272,-0.143835,0.57181,1.359764,0.448685,0.092788,2.416084,,1.117955,0.681093
0.555218,-0.108283,-0.274105,-0.737361,-0.459445,-1.107601,1.217524,-1.221804,-1.051719,1.699825
0.821924,0.034652,0.026589,0.755694,-1.762149,1.714376,-0.437318,-0.408585,-0.415004,
-1.139026,-1.423393,-0.303067,-0.805902,,0.103415,0.005016,0.887596,1.488299,-0.44905
-0.9225,0.637899,-2.564237,0.266893,,0.005505,-0.161576,-0.700251,-0.346292,0.210007
-2.041055,1.486723,0.833306,-0.558603,0.823574,-0.014878,-1.334632,-0.312063,-2.201701,0.919974
1.152654,0.196586,-0.413981,-1.929387,, N/A ,-0.780498,0.135194,-0.555838,0.47208
-0.410001,1.296953,,2.550006,-1.051121,-0.488258,-0.664695,-0.945264,0.466011,-1.953749
0.777503,-1.254573,0.488761,-1.020461,0.222039,0.215342,0.454115,0.066376,-0.727841,-2.026054
-0.149089,1.189988,,0.36386,-0.320125,1.099929,1.899437,0.2445,-0.579496,0.242116
0.304289,0.569356,0.269147,-0.978768,2.206338,-0.03989,-0.895037,-0.603515,1.331573,0.757079
-0.079752,0.988854,0.745131,1.507018,0.897192,1.374127,-0.843273,1.79046,-0.637407,-1.085627
-0.510723,-0.731063,-0.571763,-1.332984,-1.797279,-0.433719,-2.149029,-0.591937,1.51828,-0.582589
,-0.335182,0.2724,-1.844533,-0.16,-0.307666,0.601792,-1.649017,-0.481495,2.003402
0.581625,,-0.020866,1.043753,-0.746975,-0.240291,-2.364912,1.475614,-0.039058,-0.544994
0.178705,0.265529,-1.880309,0.974122,,1.235837,-0.535764,-2.519476,0.722615,0.186699
-0.114736,0.022207,0.466122,-0.6464,-0.283324,-0.048231,-2.255667,0.048085,0.458726,0.862444
-0.004341,0.828734,0.728417,-0.681876,-1.034922,0.923552,0.584362,-0.263756,-1.275572,1.216305
1.398623,0.769952,-3.588818,0.428156,-0.856843,-0.557733,1.824172,-0.480588,1.440612,-0.401265
-1.708801,-1.021427,-0.793951,-0.529754,1.647699,-0.076933,1.071751,0.643741,,0.187091
0.450856,1.118224,0.623348,-0.91879,,0.081041,0.626649,-0.774229,-1.313412,-1.135845
-0.410964,-0.782388,1.222137,-1.356427,1.455144,-1.117199,-1.335147,-0.723366,-1.061963,-1.338948
-1.129162,1.294493,1.633189,1.189065,0.191512,0.367146,-0.028541,1.422812,0.866813,0.494769
0.095619,0.344189,-0.907661,0.592222,-0.753883, N/A ,-0.690814,-0.089272,0.302395,0.639213
-0.030853,1.548423,,1.671182,0.617171,1.665349,0.481027,0.723695,-1.848342,-0.520312
0.561515,0.334482,0.372196,-1.023899,0.068525, N/A ,1.162143,0.561073,-0.600063,-1.389734
-0.057157,-0.272802,-0.058025,0.727357,0.868845,-0.78012,-0.617512,-0.861228,1.479532,-0.465251
0.677546,1.332633,0.874103,1.51689,-0.233527,1.163409,-0.392911,-0.364722,1.027743,-1.511347
1.596708,0.54058,-1.25133,-0.02143,-0.059288,0.548821,-0.106812,-1.041799,2.001044,0.793476
-1.02053,0.863066,1.172192,-1.06799,1.414432,-0.621623,1.803244,-0.460046,,-2.438614
,,,0.709327,0.474922,1.168241,-1.408529,-0.173418,-1.462986,1.45989
0.132733,-0.394544,0.354439,-0.683542,0.722683,1.228106,-0.022841,-2.203127,1.568596,-0.078036
0.909474,1.309935,-0.069262,-0.437917,0.762746,-1.639277,0.002012,-0.502895,-0.661354,-0.484099
-0.275624,-1.040501,-2.183195,0.934622,0.646745,2.348695,-1.793093,-1.167373,2.419941,1.579116
0.942198,-0.097298,0.244801,0.5905,0.479416,0.603325,1.827599,1.141067,0.101932,0.410113
0.253682,0.441308,1.258105,-0.188912,1.442914,-0.524728,-0.650473,-0.175187,-1.304752,-0.045803
-0.502782,-0.71795,2.911045,-1.763033,0.642237,-0.519133,1.356918,0.16473,,-1.008129
0.035681,1.217646,1.089507,0.750831,-1.958599,-1.023904,-0.634646,0.689146,-1.330602,0.482587
-0.5458,-0.433437,0.29689,0.168556,0.070982,0.235574,-1.669267,0.463985,0.731199,-0.226019
-1.137687,0.215883,1.030391,-0.085656,1.303791,-0.596159,-0.214768,-2.075557,0.135335,-0.325201
0.817104,-2.65543,-0.485477,-1.049904,2.026793,0.064881,-0.153972,-0.470293,0.596182,0.102899
1.315367,0.433706,1.598835,0.094673,,-0.147829,-1.335765,-1.000418,1.180098,-0.065526
-0.445975,-1.26543,-1.966842,0.617495,, N/A ,-0.569071,0.396117,,-1.131197
0.102627,-1.38927,-1.368565,1.652157,-1.209517,-1.076203,0.899317,-1.01818,,-0.217752
0.49641,,-0.333153,1.215733,-0.719258,1.503718,-1.43351,-0.279336,0.94005,-0.501246
0.271868,-2.468285,1.041552,1.504864,-0.576372,-0.023927,0.33041,0.288878,1.348475,1.185572
0.883469,-0.753722,-1.458879,0.094198,-1.50831,0.412438,1.097558,-1.852888,-0.012936,-0.259729
-0.685781,1.61263,0.418571,0.768859,0.81212,-1.12605,-1.113211,-0.640477,1.39331,0.057345
0.626765,0.786629,0.633735,0.254228,0.367214,-1.976446,0.260918,-0.037516,0.002494,0.365869
-0.337742,-1.72989,-1.25698,-0.573999,1.510848,2.89172,-1.817387,-0.85634,-0.898001,-0.747777
-1.298861,0.890114,,-0.475052,0.839607,-0.553716,0.810748,-0.487201,0.282719,-0.564999
0.117249,2.080302,0.254408,-1.663044,-0.841669,-1.532744,-0.464307,-0.501677,0.666525,0.404514
-0.335909,1.6423,0.017746,-1.627142,-1.064098,-0.57125,0.167496,-1.617418,0.198173,1.924725
-0.373947,-1.09928,1.250311,-0.530031,,-2.039723,0.360645,1.86569,-0.441147,-0.258372
-0.99991,,,0.523173,1.664206,0.190962,1.458849,,-0.620865,-0.492207
2.033985,2.218899,-0.593411,-0.505746,,0.503215,-1.859921,0.339515,-1.765236,1.457925
-0.333941,-1.407548,1.338192,-0.824164,-0.090593,1.796291,0.358316,-0.373523,-0.714957,0.133716
-0.191554,-0.698046,0.794453,0.223248,0.493431,-1.803704,-0.451268,-0.017554,-1.429465,1.315524
0.524292,-0.280807,0.53131,-0.193777,1.662739,-0.492038,0.052661,0.854328,0.246325,0.413741
-0.012437,0.327932,-1.886359,-0.595487,-0.365317,-1.671463,0.769975,1.020286,-1.604355,-0.77713
-1.634851,-0.268257,-1.672919,0.769846,-0.629465,-1.252506,0.774217,0.244834,1.609183,0.866236
0.19393,-0.174782,0.231758,1.55904,, N/A ,-0.244271,-0.217558,-0.094353,0.929558
0.0048,0.791038,-0.880896,-2.329543,0.542247,-0.763946,1.046887,-0.888955,-0.070698,2.45967
0.945887,-0.608194,0.497135,,-0.125007,-0.130553,0.047348,0.277114,-0.486015,0.183887
-0.231034,1.522225,0.250881,0.386747,-1.32543,-1.097173,1.022535,-0.534343,,-0.102696
-0.674152,0.494663,-0.719839,0.455809,0.001906,1.945491,0.965373,0.864938,0.218201,1.465013
-0.611381,0.397223,2.071055,0.349121,1.131436,-0.848877,-0.863796,-1.312168,-0.73705,
-1.46618,0.111228,-0.459556,-1.515145,-2.817344,0.610492,0.472115,0.689943,-0.515661,0.710558
0.229306,0.54755,-0.103751,-0.624607,,0.100008,0.081545,-0.745281,,0.24671
-0.725826,-0.474739,,-0.740529,-0.255857,1.444882,-0.707909,0.223337,0.842695,0.523753
-0.033844,0.318496,-0.552871,-0.086687,-0.073461,-0.11004,-0.527881,-0.037262,-1.150474,2.518197
0.927834,0.495427,0.054269,-0.106458,-1.005946,-1.168032,0.173133,0.188299,-0.957299,-0.571258
-0.637468,-0.359301,1.033485,1.274822,-0.236541,-1.245563,0.056576,0.681034,1.935912,0.95374
1.753073,,0.226171,-0.339058,2.047431,0.115366,,0.625425,0.117643,-0.278566
-0.604516,-0.870316,-1.430284,0.312285,0.510096,2.315874,0.585238,0.162963,0.167311,0.594391
0.492267,-1.627035,1.170468,0.132427,1.109646,-0.704324,0.418941,0.314326,-0.144165,2.417431
-0.042337,0.072653,-1.627433,0.391673,,1.629353,-1.044875,1.064928,-0.1236,0.267634
,1.221401,-0.045356,-0.862661,-0.60633,2.863728,1.682101,0.385693,-0.757288,-1.740619
-0.206423,0.615861,0.854734,-0.835175,-0.830504,-1.203294,-1.800586,-0.65325,-0.62031,-0.476395
0.212665,-1.121291,-0.0154,1.766246,1.572163,0.358101,0.237308,-0.497704,0.928289,-1.458421
-0.986122,-0.590743,0.910145,0.978246,0.993998,-1.483335,-0.594026,-1.073983,-0.17458,0.718881
-0.098068,,0.122687,-1.110775,-1.003279,1.06218,-1.213422,0.48865,-0.419795,0.786358
0.99448,0.575466,0.038264,-2.345943,-0.652394,-2.182809,0.748111,0.177194,0.014835,-0.563683
-1.623339,0.945988,-2.313107,0.300667,-1.32389,-0.412626,0.43723,-0.331763,0.809871,0.605701
0.30586,-1.380169,-0.882191,1.073282,-1.371138,-1.338553,-0.093073,1.633271,,0.338669
0.207012,1.272226,0.204396,-1.223053,0.220367,-0.475271,-0.678375,-0.407652,0.824901,0.274649
0.692676,-0.410742,1.084828,-1.884841,1.498859, N/A ,-0.409749,0.28546,-1.496284,
1.777976,-0.381635,-0.003972,-1.069639,0.061512,0.661912,-0.604889,-1.376961,-0.77696,2.087968
-0.755482,,-0.236727,-0.856531,0.289166, N/A ,-0.519427,,-0.417917,-0.112852
0.502104,1.252727,-1.376198,0.512082,-1.138645,-0.000722,0.17541,-0.099713,-0.755878,0.031862
0.53598,-0.024316,,1.161129,0.041791, N/A ,1.692311,-0.441891,-0.315565,0.717767
0.593844,-0.972543,0.637132,-0.126698,-0.793467,-1.278834,,1.023074,-0.813918,-0.125077
0.298807,0.649746,-0.074622,-2.008918,-0.026114,-0.438636,-1.577272,-1.430066,1.304731,1.11492
0.338928,-1.05448,0.123923,-0.708158,-1.147171,-1.551893,-0.344661,-0.347989,-0.580557,-0.069991
-1.578326,0.7394,-0.230131,0.181218,-1.11912,1.01661,0.179428,-0.412069,-0.991214,0.888413
0.410832,0.265859,0.396559,-0.685309,0.75278,-0.896813,-0.557819,1.029442,0.82544,-1.163971
2.359975,-0.892357,-1.48998,0.85981,0.696451,0.041471,0.179673,1.338202,-0.483018,-0.383678
-0.902042,-0.191502,-0.279188,-0.800147,0.496116,-1.318622,1.945036,-0.709903,-0.038259,0.795603
-1.677168,-0.064069,2.255461,-0.306064,-0.800486,-0.025493,-0.69168,-0.752292,-0.782737,0.738539
-0.441269,0.277091,-0.232115,0.6313,,-1.126871,,-0.660935,-0.182471,1.116396
-0.751527,-0.641928,-1.396944,-0.310828,0.326189,-1.637471,-0.241366,-2.358027,1.59854,-0.096582
0.762734,-0.493838,-0.121456,-0.60152,-0.420247,0.702457,-0.824076,-1.125353,-0.381879,2.419616
-1.597312,,-1.148148,-0.118519,1.530392,-1.789076,1.079346,0.102744,-0.54393,0.567305
1.208844,-0.504535,1.389793,1.161253,-0.592465, N/A ,0.268413,-0.269701,-0.929281,-1.061552
-1.860353,2.126067,0.373552,0.35037,-1.851844, N/A ,-0.547298,1.379869,-0.485887,-0.68091
,-0.213401,-1.537996,-1.83679,0.680592,0.216117,0.303048,-0.784101,0.220047,0.377521
0.359759,-0.801773,-0.958979,1.108346,-1.013264,0.030233,-0.356736,0.570743,-0.354326,-0.720285
-0.551841,0.379711,-0.302795,0.384585,0.386052,0.014583,0.661938,0.371494,-0.066952,0.310845
-0.132809,-0.77396,-1.385161,-0.160766,0.269572,2.044681,-0.354796,0.75965,0.907325,1.636914
-1.639931,,1.52505,-0.163649,0.557948,1.552592,-0.224311,-0.617216,-0.330611,1.61744
0.212609,-0.733154,-1.496855,-0.277473,-0.310804,0.470731,-2.295722,1.038323,-0.30928,
-0.11372,-1.160958,0.192069,2.153626,-1.625584,-0.849834,-0.39824,0.331967,0.177584,-0.438159
2.048397,1.038987,0.571044,0.061438,0.29604,1.460049,-0.914812,1.012595,1.20358,1.182457
-0.066342,0.949125,-0.407832,-0.169912,-0.514962,-0.503787,0.639396,0.497631,1.921814,0.433542
-1.019208,0.781679,-0.731015,0.758728,-1.689987,0.96832,-0.411282,,-1.076658,-0.364671
2.54275,0.519774,1.360313,-0.235572,-2.165898,0.501124,,0.693758,0.103943,1.268404
0.996132,1.102684,-0.19799,0.47476,-0.580677,-0.623943,0.684813,-0.347236,1.634218,-0.01296
-0.103068,-0.277795,0.919783,1.017456,0.412854,0.591494,1.609298,-0.802748,0.801789,-0.302676
1.10522,0.064373,0.123724,-0.499901,-0.371323,0.923273,-2.107252,1.056477,0.109752,
-0.494538,1.522561,-0.628386,-1.086644,-0.394988,-0.889606,-0.229442,-0.089549,-0.109517,-0.976893
0.590151,-1.068563,-0.56754,0.357775,0.181665,0.272282,2.062853,-0.456807,0.22755,0.526612
-0.19721,-0.608119,0.842718,-0.010981,0.504912,0.832317,-0.638374,-0.611812,-0.164393,-2.588022
0.823579,,-0.865684,1.137495,,0.136925,-0.868265,-0.187268,0.390345,-1.789863
-0.428059,0.442358,0.491781,-0.798996,,0.704768,-0.787131,0.657582,-0.064602,1.135456
-2.14094,-0.967141,,-0.233201,-0.61922,-1.028954,-0.158605,1.12275,-0.876404,0.681122
-0.199417,-1.641681,0.972986,0.207971,-0.422068,-1.586634,0.679147,0.582325,1.160445,-0.512908
0.694129,-1.047044,-0.290416,0.185491,-0.438626,-0.49006,0.833908,1.530333,-0.141528,0.27734
-1.507402,0.211366,1.140621,0.958089,0.521224,-0.239373,2.947108,0.3107,-0.445173,
-0.720724,-1.182266,0.069399,0.291193,-0.034703,0.512233,-1.865637,0.872845,-1.443106,1.560712
-1.984091,0.627856,1.321522,-0.735328,0.360175,-0.179263,0.489212,-0.981886,0.807661,1.378109
0.174324,0.503867,-0.799094,0.124313,0.099558,-0.436767,0.136735,-0.851778,-0.669023,-0.26655
0.036076,0.090582,-0.973239,-1.103622,,-0.66569,1.124053,-0.080669,,0.292065
,,-0.860046,0.399067,-1.710546,0.559327,-0.551856,-2.071447,-1.638374,0.513426
1.351914,1.963894,0.046252,-0.149093,-0.179003,0.475622,-0.15653,0.009528,1.534915,-0.844444
-1.208122,-0.336405,-2.933588,0.512236,0.101207,0.666383,0.704578,0.868695,-0.574721,-0.871839
-1.055743,-0.303136,-1.328782,0.726504,-0.139798,0.903562,-0.241416,,0.00915,-0.626948
-0.266727,0.76794,-1.432321,0.897906,0.104624,-1.141251,1.433617,0.419273,2.071075,-0.62172
0.268267,-1.271613,-1.282997,-1.741945,0.824659,-1.278595,-0.125024,0.811415,-0.428275,-0.797772
0.157836,1.334143,-1.321729,0.606221,0.719034,1.273719,1.196807,-0.287477,,0.180199
-0.776703,-1.076962,1.537279,0.635805,0.916702,-1.399722,1.141496,0.472016,0.771669,-0.601944
0.074283,-0.617265,1.088031,-1.625299,-0.518588,-0.648547,-0.548353,1.066819,,-0.410413
0.613493,0.670627,-0.348439,-0.270361,-1.162594,0.163941,0.248174,0.077605,0.845459,-0.579527
-0.485362,-0.640551,-0.836888,0.450457,-0.739385,-0.625868,,1.167187,0.298415,-1.322117
-0.727911,-0.219777,-0.289146,-0.23455,0.35303,-0.455314,-0.406504,0.539467,,-0.398548
-0.359888,0.077024,0.13359,0.510341,-0.205017,0.183649,-1.965094,0.290107,1.414777,1.163425
-0.567893,-0.793292,-0.155778,-0.87577,-1.386712,-0.972789,-0.07594,-0.388918,1.296275,-0.47454
-1.281324,-0.885641,-0.495251,0.86492,1.074036,-0.036164,-0.843516,0.654649,0.117998,1.345134
-0.463944,0.703759,-1.894676,0.870992,-1.218078,-1.983616,,-0.416341,1.543245,0.662382
0.723999,-1.258043,-0.122066,1.00466,1.123573,-0.405715,0.342355,-0.464907,1.162403,
0.129287,-1.416908,0.547438,-1.36698,-1.879576,-1.445688,-1.024252,-0.088115,2.845489,-1.309372
1.870071,-0.791218,2.042561,0.700236,0.52994,0.787613,-0.804156,0.072758,-0.888515,-1.014147
1.352993,0.125423,-0.845156,0.660654,-0.999357,2.03652,0.969549,-0.081833,-1.560268,0.064085
0.159829,-0.083712,0.291623,-1.147354,-0.664718, N/A ,0.5404,-0.388792,0.040743,-0.848979
-0.646746,1.269396,1.428171,0.315401,0.499292,0.460401,1.307153,1.537114,-0.166489,1.151409
0.821005,-1.888736,-0.562135,0.258163,-1.480595,-0.585211,1.484462,-1.095754,-0.998574,0.56828
0.872043,-0.973154,-0.666002,-1.206412,0.800448,1.487558,-1.084697,1.089703,-0.037838,0.505051
1.459631,2.206768,0.79409,0.268599,1.414505,-0.560632,-1.652973,0.320058,1.3411,0.460291
-1.300869,0.626116,-0.097096,0.711532,1.260026,-0.740629,-1.033144,0.156108,0.662329,-0.36442
0.282105,1.061877,-0.804512,-0.034758,-0.853512,0.537636,1.717861,1.006847,-0.078167,-0.273226
1.135673,-0.776808,-1.366245,-0.172032,1.005677,0.724916,0.852976,-0.741477,-0.665665,-1.157653
1.829361,0.978896,-1.105268,-0.012696,2.149225,0.186082,-0.603464,0.29639,,-0.344468
0.642559,-1.389917,,-0.118991,-1.171456,0.230395,0.062714,-0.04621,-0.140997,-0.240369
-0.158431,0.159636,0.407904,-0.446812,1.182448,-0.095674,0.621716,-1.341036,0.698472,-1.38265
,,0.008214,-0.991248,0.632754,-2.040151,0.103506,-0.399546,-1.115031,0.011366
-0.065174,-0.870832,-0.079793,0.016269,0.478807,0.41964,0.490636,,0.328701,-0.798978
-0.018364,-0.944174,1.732991,0.855646,1.648951,0.535926,,0.349749,1.925565,0.350084
-0.287343,0.253823,0.471263,0.136186,-0.875541,-0.464593,0.221545,-0.737154,0.809153,0.153463
1.412101,-0.275991,0.633466,-0.243811,-0.93638,0.600879,1.028885,-0.07227,1.073413,0.466133
-0.869133,1.129709,-0.093361,-0.622452,-0.30414,1.035149,0.25285,-0.659754,-0.816949,2.026429
1.175624,,0.394759,-0.409355,-0.923242,-0.113884,0.232236,-0.959421,-1.694093,0.390016
1.747415,0.113452,0.187117,1.554459,0.481252,0.67487,-0.151592,-3.589688,0.439275,0.338443
,-2.053432,-0.076399,0.919886,0.132988,-0.625718,-0.061613,0.632255,0.290717,0.83618
-1.169652,-1.179036,-0.77327,2.18682,0.034823,-0.087626,,-0.027626,-0.683684,0.020812
-1.534913,0.173513,0.938642,0.515512,0.223477,-0.61471,0.38095,-0.079416,1.717327,1.282828
1.213066,0.146936,1.800488,-0.949213,-0.35549,0.782663,-1.120156,-0.572024,-0.759317,
0.623547,,0.143354,-0.33694,-1.348949,-0.993438,0.296654,-0.099706,0.26391,0.135284
,-1.690523,-1.083895,,-0.760193,-0.140233,-1.18592,-1.012756,-0.460626,-0.21535
1.688899,1.431149,1.779225,-0.739768,0.70028,1.704239,-0.218704,0.123757,-0.564943,0.049533
1.284506,-0.33686,,0.726965,-1.297239,-1.091165,0.963093,0.605738,-1.918202,0.399359
-0.782545,-1.409785,-1.019201,0.698926,0.629421,0.458173,-1.626074,0.389202,-0.116695,0.456314
0.732802,-1.604428,1.39743,,-0.602204,-0.423134,-1.232297,-0.149984,-0.232765,1.014306
0.337186,-0.711599,-0.632187,-0.286441,0.010261,0.613912,-0.452092,1.756265,0.493849,1.129729
-0.351259,-2.190067,0.220591,0.364237,0.18515,-1.08265,0.855984,0.924558,,1.069492
0.550677,-1.508926,-1.995107,-0.348688,-0.490247,-2.233121,-0.981327,-0.581036,1.281974,0.025649
,1.131952,0.511944,0.598009,,0.373189,-1.212593,0.211071,0.257914,-0.404333
-1.919352,-1.398028,-0.53445,1.166446,0.369257,1.780232,-1.633705,-0.972077,-0.187871,-0.834952
1.234016,,-0.705026,0.722385,-3.541217,0.891554,-0.853755,0.063916,-0.253848,-0.444424
0.3228,2.112946,0.577879,-1.378029,0.258737,-0.396666,0.08998,-0.167289,1.320953,-1.302565
-0.682295,0.339831,-0.082949,-1.6841,,-0.41889,0.870989,-0.886449,0.032182,-0.104982
-1.823374,0.71707,,0.462794,-0.45215,-0.717172,-0.455965,-0.335348,-0.17761,-0.110166
-2.264309,-0.364724,-0.697345,1.136262,-0.392976,0.638126,0.054907,-1.895038,1.33469,0.471194
0.619065,0.711254,-0.05982,-0.913439,-1.219653,-0.088296,0.161012,-0.402831,,0.007096
,,-0.111536,0.740384,-0.673708,-1.349394,-0.409318,0.350942,1.263327,-0.492568
-1.062371,-0.395001,-0.320107,-0.806995,0.08644, N/A ,-0.086259,-0.772353,0.037151,0.62983
1.058808,,-1.144256,0.599281,-2.319357,-0.488404,-1.372895,-0.244545,1.023703,-0.827909
-0.344329,2.410221,-0.332801,-0.399504,1.488067,-0.384946,,-0.58829,-0.264183,2.002185
-0.726208,0.385882,1.602402,-1.672706,-0.775851,-0.791331,0.307684,-0.887743,0.655371,-0.248144
2.165845,0.470571,-0.903783,-0.258398,-0.539378,0.475105,-1.038399,-0.740754,0.902741,-1.058142
-0.449737,0.193093,0.558961,0.82751,-0.257443,-0.615621,1.684213,-1.102483,-1.002462,0.992351
1.114922,,-1.357186,0.376807,-2.115102,0.058685,0.373823,-0.589547,0.110125,-0.530639
,-0.268116,0.40515,0.203965,0.661544,0.26378,-2.185034,0.849127,1.111592,0.825838
0.831471,-0.264104,1.305655,0.866057,0.164488,0.773868,-0.239539,-0.302524,-0.058447,1.301723
0.737395,-0.139958,-0.798222,-0.693696,-0.629813,0.485618,-0.202329,0.096735,-0.621249,-0.916171
1.063232,-0.213645,-1.003044,-0.881729,0.9032,0.549862,0.186312,-1.804051,-0.863819,-0.172381
-0.786275,1.73856,-0.397026,0.032416,, N/A ,-1.282985,-1.412599,-0.928419,1.998166
0.052602,0.960038,0.839171,0.88356,-0.496478,-1.015983,-0.525946,-0.876534,-1.025778,0.212205
-0.239062,-0.743104,2.519544,-0.371064,-0.003157,-0.42452,-0.006895,-1.959249,-0.110595,1.459802
-1.472786,-0.222741,0.556675,-0.296422,-0.019388,-1.526185,-0.453966,1.949207,1.476845,-0.101884
-0.505243,-1.828522,0.459035,-1.454996,,0.331217,-1.524784,2.624275,-0.907178,2.121425
0.275131,0.24963,-0.726201,0.117127,-1.207158,-0.550631,-0.201151,-0.474357,-0.101845,-0.851733
0.740081,0.164884,0.854559,-1.851062,0.216944,-0.098785,-0.76754,-1.136199,-0.54869,1.023353
0.172381,-2.199758,0.168953,0.506022,1.248111,-0.161093,-0.186968,0.655251,-1.799166,-0.937853
0.207486,0.540889,1.909341,1.29899,0.036682,0.23075,-0.741013,1.759738,,-0.785965
0.434905,-0.224649,-0.260933,,0.232825,1.397182,-1.033798,-2.108232,-0.184384,-1.961495
0.017456,1.193093,-1.148136,-0.745656,0.805156,-0.264837,,-0.003812,,1.458212
-2.250123,-1.450729,0.129966,-1.715843,0.447404,-1.134807,-0.496253,-0.223534,-0.064284,
-0.917332,-0.88988,1.05452,0.619181,-0.896069,-1.128237,-1.466086,-0.223695,-0.959125,0.493921
0.363228,0.096212,2.018153,,0.344804,0.931647,0.774965,-0.803674,-0.71891,-0.836844
1.776436,-0.505011,-1.123902,-0.614853,0.518417,0.279656,-0.761751,-1.11509,,0.561155
0.723005,-0.942715,0.287517,0.951242,-1.075944,-0.34091,1.111798,-0.873287,0.787551,-1.63955
-0.839771,-0.738164,-1.324237,0.811894,-2.057159, N/A ,0.351846,-0.292568,-0.434082,0.557874
-0.614991,-1.220511,-0.81128,-0.056366,1.865382,1.000902,1.692396,-0.113754,0.900512,-0.862938
-0.670957,0.100741,2.941666,1.108623,-0.753721,0.412152,-1.0729,1.737749,1.011207,
1.557288,-1.785615,-1.882136,-2.782652,0.486944,0.24292,0.336612,-0.539715,,0.01176
0.835477,-0.159488,-1.261058,1.106668,0.766013,0.798799,-0.18687,-0.625145,-0.689083,1.36236
0.509387,-0.64255,-0.564029,-0.244237,1.66038,-1.732167,-0.581168,0.965603,,-0.818789
-0.108336,1.051719,1.273201,-2.01174,-1.256566,0.447168,0.926349,0.973798,0.327373,0.748461
-1.139336,-0.566387,1.014751,-0.172433,0.457595,-0.806026,1.509192,0.234111,0.010502,-0.194526
-0.418794,-0.272017,0.419135,0.108872,0.735458,0.852169,-0.737131,-0.430847,-1.135542,-1.425516
-0.432266,-0.244205,0.611586,-1.129865,0.034854,2.158501,-0.049162,0.793907,0.131121,1.062405
-0.497567,0.024853,1.849581,1.308981,-0.354777,-1.097632,-0.659991,-1.03221,1.609061,0.073244
-0.850742,0.484523,1.534352,-1.217828,-0.784835, N/A ,1.324844,2.761389,-0.448205,-0.118802
0.671227,0.578973,0.703282,1.074561,-1.638361,-0.235924,-0.061284,0.568462,0.554287,-2.074046
-0.56999,-0.588764,-0.094757,-0.392592,0.180176,-0.34185,1.126739,2.489095,0.208575,-0.644541
-1.302282,-0.588487,1.08142,-0.024126,-0.292141,-0.415682,-0.445534,1.985131,-0.763386,-0.498467
-1.024241,-0.289351,-0.459544,-0.423591,,-0.188658,-0.328738,-0.33939,,0.974684
-0.597639,0.638698,-0.460817,-0.325978,0.737923, N/A ,0.858179,-2.254335,-0.52463,2.062526
0.146276,1.452353,0.012743,-0.035443,1.489495,-1.082324,0.468279,0.76729,0.683407,-2.174005
0.922767,-0.556538,1.097333,-1.699335,1.075172,-1.328883,-0.287449,-1.021376,1.149435,-0.461692
1.5628,0.162747,0.12413,0.358436,-0.812117,0.88197,0.548899,-1.652107,-1.041433,-0.655273
-0.269607,0.082989,1.331408,0.619183,-1.591795,-0.891591,-1.352072,-0.111592,1.399222,-0.836631
-0.300358,1.113974,-0.560018,-0.904102,1.340018,1.172439,1.140819,-0.287506,1.399405,-0.005154
-0.217601,0.67916,0.40967,0.557406,-1.45716,0.744349,-1.280628,0.194291,-0.856714,0.213007
-1.557334,-0.087099,3.015966,-0.887978,-0.076677,-0.389038,1.070962,1.324739,0.498768,0.739142
0.406976,-1.364469,-0.617958,0.38239,,0.079381,0.291023,-0.436294,0.010705,-0.977044
0.267094,-0.469168,,0.542837,0.734713,-1.115451,-0.147055,0.970264,-0.546567,0.346777
0.531669,-0.829436,0.060504,0.059836,0.284115,0.229936,1.159026,-0.5828,0.130812,-0.916612
-1.145474,-1.713264,1.359658,-0.570772,-1.335596,0.833718,-0.226872,-0.69714,-0.735764,0.194494
0.054284,0.688398,-2.686383,1.316512,-0.371763, N/A ,-1.490446,-0.484926,1.718988,1.3052
-0.237662,-2.035279,-1.906711,-0.339492,-1.10696,2.425319,-1.008663,0.675658,0.872398,-0.584533
0.867945,,1.132219,0.451751,0.289993,0.368843,0.160503,0.621546,1.102034,-0.573747
0.869147,-1.60231,-0.03219,1.06544,-0.183567,-0.299429,-0.887797,0.637762,-0.42874,0.195342
-1.738049,-1.2425,1.316351,0.402786,0.076364,1.134142,0.140029,-1.280978,0.156874,-0.118186
-0.447134,0.654729,0.68568,-0.505239,0.791832,0.085513,0.635462,-0.274703,-0.841059,-0.414841
1.004899,-1.207652,-1.179649,-1.131215,0.608465, N/A ,0.180215,1.044635,-1.527143,-1.14248
0.156677,0.001302,0.173932,-0.01738,1.034228,-0.83366,-2.432052,1.027135,0.873358,-1.265468
-0.234166,-0.216446,0.505404,-0.014625,-0.181946,-0.022695,0.439702,1.42643,-0.976191,-0.120921
-0.644845,-0.977826,-0.364975,-1.424075,-0.827467, N/A ,-0.760752,0.208084,-0.133095,-2.58061
-1.393399,0.604183,0.843013,-0.761326,0.002583,-0.874896,-1.030383,,0.187486,-0.13932
-1.214905,-0.496486,1.394475,0.797218,,1.291007,-0.883812,-0.238071,,0.098291
0.42857,0.537632,-0.407383,-0.326019,-0.764178, N/A ,0.386092,-1.319483,1.78607,-1.236694
-0.081407,1.528011,-2.204142,0.785647,0.76187,0.065673,1.354797,0.028601,1.883903,1.374692
1.41982,-0.415971,-0.689899,-0.790002,-0.542341,1.105687,0.581613,0.463569,1.41643,-1.423096
-0.820714,0.445069,-0.201512,-0.973891,1.642548,-0.882191,-2.134607,0.926845,1.513613,-1.743933
-2.270779,,-1.010481,-0.365478,-0.595076,1.597739,-0.089573,-0.399407,-0.912792,0.737253
-0.027398,1.620499,-1.535921,-2.138634,0.443994,0.66062,0.792067,-0.53033,-0.503761,-0.122984
1.035187,-0.186678,-1.422576,0.343199,0.257999,0.400634,-1.206027,-0.031798,-2.126639,-1.535349
-0.513702,0.076593,-0.804159,0.600385,-0.704973,-0.682488,0.449459,,-0.877666,0.933274
-0.259684,0.385212,0.762411,-0.767942,0.27691,0.642505,-0.123013,-0.95364,-0.228816,-1.024679
-1.159389,0.20198,1.226051,-1.244405,-0.200216,-0.083749,1.024269,-1.431785,-0.071369,-0.158879
,0.779988,1.476437,-0.400794,1.010714, N/A ,0.035801,-0.120567,-2.835887,0.149886
-0.110542,-1.547325,0.40897,-1.218394,2.913544,-0.276185,-1.190211,-1.720185,,0.301772
-1.259991,0.555786,0.18976,-0.918805,-0.615144,0.164891,0.217726,-0.788827,,0.742946
0.422978,1.134077,,-0.229563,-1.505817,-0.996828,0.243806,-0.235926,0.189236,0.634433
-1.559403,-0.60896,1.11227,1.208312,-0.479218,-0.607578,0.936908,-0.890251,-0.717452,2.126146
-0.195885,0.414328,-0.431246,1.645949,0.326033,0.714531,-0.939596,-0.015809,0.436056,0.774571
1.02479,1.401562,1.175233,-1.063476,1.126149,-0.198073,0.140878,1.648199,1.369826,1.292611
0.15037,0.405619,-0.820676,-0.363853,-0.300079,-0.633328,-2.048524,1.596735,1.118303,0.580647
-0.443839,0.596644,-0.19913,-1.632294,-1.433423,1.042094,0.692345,-1.453078,-0.750398,-0.071834
-1.334121,2.614259,1.879942,-0.374333,-0.080478,0.417695,1.029106,1.904794,-1.814837,-1.468389
-0.425545,,1.105869,-1.500122,-0.658504,-0.929116,-0.117656,1.797598,-0.040817,-0.935562
0.014371,0.616454,-0.801846,1.705516,0.757412,-0.443235,2.003855,0.63518,0.820491,-1.77768
0.001184,0.297607,-0.313393,-0.26751,0.987784, N/A ,0.027111,-1.27868,0.36155,0.575768
-1.088572,-0.502829,-0.623455,-1.226875,-1.859993,0.183701,0.00131,-1.122147,-0.068025,1.500176
-0.927504,-1.40405,1.35088,-1.161753,1.010237, N/A ,0.984261,-0.231304,1.251471,0.66425
-2.259818,,-0.291602,-0.225151,0.684698,0.041133,-1.441456,-0.747574,0.135624,-0.167118
-0.202766,-1.327602,-0.670038,2.144067,1.207183,0.606903,0.458065,-0.658138,,-0.659333
-0.892373,-0.905551,-0.919409,0.913009,-1.361367,-0.122317,0.84674,0.190345,-1.174973,0.349323
-0.239858,1.911817,-0.720637,-0.285551,-1.631537,0.175125,-0.055296,1.535736,,-0.260366
0.916568,,1.2803,-0.859176,0.230378,1.207129,-1.405468,-1.968615,0.027629,
0.307868,-1.605564,0.124067,,-0.028508,1.256369,-1.635422,1.151067,-0.477137,1.032897
0.355484,0.035412,1.066247,0.723711,-1.023711,-1.850345,-1.73852,0.192863,0.595074,0.885139
-0.782806,-1.056765,-0.158406,2.519055,0.699815,1.140632,0.699505,-0.453549,-1.026132,-0.910576
-1.998207,-0.176322,0.051312,0.353445,-1.37766,0.161632,0.31939,-1.82261,-1.127842,2.89519
-0.191223,1.82617,0.929503,-0.788893,-1.211679,-0.00297,1.316607,1.45673,0.31989,1.938453
-0.553934,-1.229015,,-0.114112,-1.579788,0.516167,-0.608963,-0.951616,-0.366275,0.371972
1.251268,,-0.642874,0.72962,-0.307769,0.418014,0.458207,-2.032272,0.674505,0.27227
0.991813,0.593704,1.212886,-0.532674,0.107031, N/A ,,0.400767,0.542117,2.402858
2.895447,0.732335,0.069873,0.939553,-1.564668,0.576723,-0.032905,0.926027,0.601284,0.394554
-0.435622,0.10028,-0.632915,-1.418727,-0.603577,1.30075,-1.650852,2.772644,-0.273033,0.14472
-0.197877,-0.115222,0.7309,-0.54453,0.003953,-0.349127,1.620027,1.395823,1.010822,1.379945
1.756415,-0.160154,0.107121,-0.135507,-0.61241, N/A ,0.534582,1.158995,-0.067455,2.594389
1.948168,-1.539071,1.052857,0.106423,0.714179,1.796535,-0.360601,-0.283978,-0.190205,-0.705174
-0.617126,0.568247,-0.36154,-1.690673,-0.219695,0.087992,1.628397,1.142948,-0.114863,1.854848
0.677483,-0.492867,-0.520957,-2.230555,-0.787613,-0.18462,-0.348568,-3.081176,0.327624,-0.822722
0.001458,-0.081456,-1.320747,6.8e-05,0.311241,-1.903106,0.530276,1.725014,2.144913,-1.100389
-0.051643,0.639478,-1.827936,0.221693,1.076491,2.391058,-1.285298,-0.537175,-1.209717,-0.060066
2.087226,-0.291571,-0.736933,0.757043,-2.098364,0.536019,0.500939,0.066067,-0.812999,-0.059234
-1.216625,1.719475,-1.62282,-0.429804,-0.188334,1.601562,,0.930246,-0.562634,-1.96604
-0.037832,-0.346228,-0.289037,0.320486,1.07375,-0.455299,-1.814976,-0.265251,1.557632,0.871185
1.34987,-0.226757,-0.876007,0.325204,-0.53115,0.036958,0.522013,-0.019011,0.411893,0.183614
-0.321848,-0.540451,-0.00187,-2.341573,0.117852,-0.086864,0.235866,0.536245,,1.823693
-0.50131,1.637758,0.109129,0.633946,1.126996,0.712448,0.725214,-0.569908,,1.495632
-0.626223,0.96181,0.958789,-0.455507,,0.741265,-0.15096,0.925567,0.142621,-0.363415
0.703234,1.162658,-1.546899,0.850211,-2.030957,-0.969687,,0.693292,-0.603494,-0.908185
-1.026309,0.972797,-1.15397,0.326334,0.169877,-1.839849,0.649193,0.564992,-0.359976,-1.049653
1.830509,-0.593994,0.051807,-0.517988,-0.067235,-1.452232,,2.133994,-0.333966,0.142506
0.589453,-0.286474,-0.387454,1.538536,0.917058,1.345667,-0.057751,0.839942,0.238861,-0.004039
0.359413,0.102879,-0.474222,1.298691,-0.215673,-0.023123,0.14429,-0.899297,-0.699337,0.449726
0.040405,-1.732613,-1.036637,0.403078,-0.008981,-2.414792,-0.232666,-0.7967,1.243952,0.294429
0.899033,-0.37174,-0.659594,1.016301,0.080233,1.894822,1.510676,-0.229587,1.351514,-0.478688
1.318884,0.343167,0.53622,0.237427,-1.255251,1.527872,-0.572086,-2.85769,,0.378245
0.478211,0.151064,1.298345,-0.090449,-0.31371,-0.085332,-1.116615,1.360818,-0.075528,0.234894
-0.090765,0.461474,-0.523274,-0.286084,0.589482, N/A ,0.616798,-1.501452,0.999638,1.316348
-0.419927,,-0.483417,0.692028,-2.678622,-0.503104,-0.604335,-0.152344,2.003331,-1.635795
1.360504,-1.318208,1.176073,-0.55108,-0.877874,0.537678,-0.111354,2.509985,-1.149699,-0.456998
0.267695,-0.802517,0.123253,0.153822,-0.144425,0.702222,-0.387608,1.548432,1.010574,0.077156
-0.031695,1.888002,1.340184,0.484611,-0.622517,1.022045,1.227395,,1.7705,0.250716
1.376689,0.649029,0.052295,1.274251,-0.557677, N/A ,-1.108191,-0.268426,-0.31867,0.874726
-0.11017,-1.216075,-0.189106,-0.297414,0.658027,-0.657628,0.479436,0.974037,1.145074,1.599311
0.578089,-0.971795,,-1.947068,-1.043652,1.871515,0.750233,0.493354,-0.25992,-1.805102
0.28614,-1.77834,-0.743793,-1.151682,-0.973828,0.294642,-0.746797,-0.808367,0.055646,-0.612121
0.478334,0.229269,-0.062658,1.304155,-0.468534,-2.753737,2.001415,-0.840171,-0.466626,-1.461184
-0.094077,-1.108436,-1.376232,-0.2777,-1.338655,0.112165,-0.46981,-2.197121,-1.789256,0.05206
2.060496,-1.370976,-0.53484,-0.22312,-0.581988,-0.417322,1.923601,-0.036766,-3.028729,0.692109
2.086513,-0.966068,-0.101987,1.02577,-0.281051,-0.717679,-1.96126,-0.82723,-1.139449,-0.712022
-0.132816,0.160926,-0.525154,0.05232,0.106325,0.319896,-0.1902,-0.082272,0.601848,-1.27927
0.029295,-0.135105,-0.732793,-0.656177,0.478468,2.083568,0.083244,-0.663123,-0.91004,
0.243467,-0.787383,0.500532,-0.316646,1.836777,0.549781,1.933979,0.904128,0.189026,0.561658
1.43307,-0.270302,0.12855,-1.851079,-0.545255,-0.84982,0.641852,-0.275064,-0.575637,
1.113118,,-1.041619,0.104554,-0.125259,0.13334,1.252699,1.115453,-0.562456,-1.297547
0.950495,1.840934,,0.854973,-1.623505,-1.441212,-0.447442,-0.069682,0.573995,1.024494
-1.067604,-0.047783,-0.570595,0.239868,-0.577195,-1.945599,-2.128894,-0.221734,1.086869,0.286675
0.293906,1.354065,-1.438939,-0.613272,0.029408, N/A ,2.245351,0.046622,-2.179063,-0.349251
-0.092911,0.64568,0.509639,-0.925014,-0.359581,0.466299,0.2214,2.430045,-0.865011,1.22272
0.56625,0.967169,-0.911475,-0.463642,1.292087,1.579667,0.906129,1.454487,0.424563,-0.674128
-1.753889,0.230781,-1.275007,1.666632,0.144003,-0.564233,0.811989,1.80028,-0.381995,-1.929869
1.215112,0.321023,-0.098932,0.970298,-1.414582,-0.804544,0.376592,0.152859,2.282381,-0.853965
0.223907,-1.784926,-1.033478,-1.164784,0.425223,-1.070528,,-0.295015,-1.315462,
0.254523,-0.548314,0.682859,0.481704,-1.175517,1.8462,-1.197048,0.528033,1.0516,-0.769972
-1.234052,-0.219003,1.644114,-0.118703,1.009401,-1.335454,1.587407,0.229643,0.654986,0.835376
-1.19761,0.393114,0.548025,-0.474243,0.939984,-0.091506,-0.659858,-0.327039,0.975463,0.248044
-2.096226,-0.86822,,0.033505,-0.888037,-1.506428,0.906171,-0.40506,3.628442,-0.548725
2.966408,-0.520273,0.378943,0.083674,-0.656356,-0.770747,0.120549,-0.346869,-0.240675,0.081047
0.058935,-1.104441,-1.186143,0.91779,3.165803,0.81997,-0.131915,0.175258,-0.07139,-1.02432
-1.575683,1.138025,-0.543728,-1.555936,1.300049,-0.075803,0.507223,-2.186517,-0.664265,1.151375
1.958122,-0.522239,0.213405,-0.273539,-1.241205,-0.194716,-0.626996,-0.49225,0.550703,-1.135655
0.46292,-1.050856,0.543231,-0.474227,,1.144594,-0.671598,-0.471592,0.141485,0.98883
1.302064,0.285588,0.269969,0.416434,1.089312,-0.18386,-0.576219,-0.655039,-1.243573,-0.716555
-1.295856,-0.896041,1.834348,-0.605997,0.136409,-0.132175,1.922294,0.184573,0.312624,-1.737808
0.714619,0.276724,-1.353596,0.914084,-0.66879,0.51607,1.377556,,1.143703,1.014534
0.877315,2.17805,1.474164,-1.06167,,-0.794824,1.428255,0.019723,-1.743171,0.558088
2.469982,-2.111962,-1.522927,-0.436691,-1.595354,0.614172,-0.89643,-1.431376,,-0.32708
0.772733,-0.441691,0.784132,0.909879,0.061496,1.102264,0.087139,0.118173,0.27026,1.575585
0.508329,-0.204576,1.231791,0.502441,0.146048,2.426438,-1.472273,0.729932,-0.233528,0.068223
1.19748,0.805135,-1.233928,1.735083,-2.143217,-1.250708,-0.784284,-0.682683,-1.013498,0.240886
-1.002728,-0.037747,-1.487699,-0.864088,,0.185208,-0.50423,-1.031198,1.075763,1.239248
-0.00841,0.575326,1.532737,0.788777,-0.55295,1.162529,1.431684,0.145772,0.564962,-1.996782
,-0.615676,1.237622,-1.421619,-0.098073,0.474804,1.036315,-1.355963,-1.81166,0.223512
0.896099,,0.327762,-0.673146,-0.774875,-0.557605,-0.020482,0.880839,0.485701,0.582002
-1.8278,0.047049,,-0.366109,-0.186831,1.186394,0.653004,0.443226,0.580182,0.346973
-1.064038,-0.310647,0.584664,-0.164176,-0.373466,0.630734,-0.185881,-0.393917,-1.244445,-1.325536
-0.60918,-0.42783,-1.246421,0.713563,-1.798355,0.121277,1.610674,0.102716,1.410764,-2.529074
0.12354,1.066247,-0.426928,-0.768794,1.241725,0.947609,1.046097,,0.2993,-0.961091
-1.664307,0.702573,1.810505,0.175811,0.862895, N/A ,-0.488892,0.545733,-0.706415,0.150934
-1.389949,0.138516,2.742074,-0.373619,0.028285,1.745691,-1.282042,0.325768,0.714656,0.576733
-1.036375,0.14346,,0.783345,0.069127,-0.13536,0.517501,2.073573,0.512404,-0.762936
0.005685,0.210598,2.108377,0.1568,0.933724,-0.023801,-0.597762,1.77698,-0.788612,-0.292001
-0.315812,0.606355,-0.024706,1.497216,-0.253764,-0.267196,-0.7584,1.335277,-0.046865,-0.814712
-0.930488,2.070479,1.891252,-0.977846,1.390908,1.621141,0.71364,-0.585523,0.425861,-0.536321
0.940343,-0.277708,0.247695,0.186661,0.30966,-1.766169,-0.402379,-0.150589,0.083428,-1.269338
-0.951373,-1.94116,1.207707,2.130237,,-0.369133,-1.015401,-0.471586,-1.686792,0.206218
0.02019,1.020993,0.401507,0.054677,-0.527001,-0.22192,0.106568,-0.40851,-0.573118,1.513195
-0.230657,,1.325523,-0.098783,,-0.06145,0.753003,-0.957056,0.454964,0.644799
0.218852,-0.178647,-0.182043,-0.187202,1.870938,0.132356,-0.090853,-0.045431,1.924116,0.562942
-1.22306,0.377303,-0.315529,-1.222344,1.182311,-0.394831,-0.56398,-0.512755,-0.422675,-0.950317
-0.191832,0.36262,-1.42621,-0.248423,-1.079718,-0.229574,-0.441237,-1.653453,1.184876,-0.818892
0.413614,0.351535,0.348084,-1.788995,2.205749,-0.742972,-1.432348,-0.447167,,0.201206
0.086164,0.330411,-1.837385,0.812776,-0.001329,-1.849706,-1.055465,0.417852,1.205268,-0.543422
-2.6406,-0.757754,-2.594822,-0.738097,-0.106467,1.259082,1.295649,1.867593,1.402602,-1.469036
0.298524,0.390147,-0.163327,2.400932,0.230989, N/A ,1.047172,0.444235,0.151135,0.750805
-1.640883,-2.379342,-1.715332,-0.20644,-0.583579,-1.020055,-0.081863,-0.790226,1.498085,0.318177
-0.282137,-1.56927,1.571659,1.548587,-0.134182, N/A ,0.919147,0.543004,0.464538,-0.402598
-0.155287,-1.094869,0.116657,-2.154683,-0.533765,-0.172451,-0.598293,2.067494,0.057938,0.187812
-0.209605,-0.235683,0.141844,0.312197,1.334871,1.188805,0.599962,0.559196,-0.086802,1.589894
1.359094,0.417473,0.602837,-0.740351,-0.866426,-0.453836,,0.767396,0.579328,-0.155442
-0.824351,,-1.611519,-0.913419,0.974409,0.442832,-1.069003,0.834064,2.087604,-0.695946
-1.059916,0.788054,-0.062845,-0.769247,0.396486,0.599921,-2.880997,-1.075864,0.353022,0.52086
0.429514,,0.660166,0.045658,-0.49088,0.264638,-0.161621,0.20258,,0.947918
-1.289955,-0.698334,-0.277776,-0.599551,-0.426866,1.19371,0.072407,0.252478,0.050271,0.76259
-0.906988,-1.785564,-0.498297,1.306269,-0.491111,-0.704808,0.032389,0.087377,-0.433637,1.89694
-0.106259,0.311385,0.982548,-0.325958,-0.256558,-0.530762,-0.37047,,0.172527,-0.795434
0.270869,-1.075308,0.168585,0.004741,-0.237382,-1.701087,0.266159,0.452141,1.092082,-0.327839
-1.125864,,-1.375907,1.752945,-0.615258, N/A ,2.020533,-0.473538,0.491634,-0.629098
1.149465,-0.342006,-1.053027,-1.038455,-0.514881,-0.223623,0.354328,-0.98959,-1.47008,1.153617
-1.459424,-1.276064,-0.104306,-0.228567,0.143815,-0.165037,-0.147385,-0.16507,-1.184505,-0.318263
2.019069,0.364859,-0.164711,,-0.53991,-2.121208,-0.362752,1.954301,-2.331582,0.24556
-1.280857,0.084115,0.481101,1.069803,0.744783,1.425391,0.610327,-0.642917,-1.233672,-0.962228
-0.708515,0.092291,0.935557,0.40288,0.648068, N/A ,1.641464,0.936194,-0.0867,-1.521037
-0.130793,-0.647143,1.14867,-0.489823,1.24957,0.437986,-0.372223,0.108102,-0.998354,-0.110987
0.358913,-0.84154,0.744695,1.637305,-0.338109,0.102056,-0.625117,-2.141227,-0.287508,-0.476981
0.75806,-1.229128,-0.666944,0.12124,1.138681,-0.498825,-0.408053,0.46104,2.597667,-1.130938
1.535188,1.126216,-0.660476,-0.158974,0.641975,-0.506261,-0.144837,-0.267587,1.112989,-0.50867
0.116556,-2.100793,,2.692516,0.105536,-0.556024,-0.005772,0.857158,-2.407977,-1.137989
0.75846,0.07977,2.439733,-0.016252,-0.416459,1.822367,0.218031,-1.050687,0.801997,0.034672
0.468547,-0.170801,,-0.179807,0.784327,-0.416492,0.966565,0.117858,-0.597936,1.596551
0.752484,-1.190455,0.626631,-0.676685,0.216397,0.115939,0.697148,0.008716,0.297261,0.16459
0.984662,,-0.786396,1.319765,1.018894, N/A ,1.87603,0.447846,-0.77221,-0.813237
-1.371065,0.117858,1.961552,0.077867,-1.348697,0.434556,0.528747,-1.519796,0.2486,-0.895526
0.316202,-0.008146,0.639606,1.40464,0.606903,-0.043913,0.782244,0.168562,0.485625,-0.508703
-1.064735,-0.159783,0.267581,-0.793404,0.864744,1.446967,0.241164,-2.214142,-0.446387,0.022926
-0.627497,0.626114,0.71996,-0.575759,1.443,1.779866,,-0.654211,-0.538496,-0.593647
0.711276,0.437287,-0.672369,1.272971,2.036012,-0.483765,-0.311321,-0.690589,0.234353,0.539796
0.237871,-0.567091,0.284251,-0.272556,0.164135,0.054928,-0.368024,0.893273,0.630826,0.934129
-0.317498,-1.910012,1.018441,,0.287003,0.177462,1.142615,-1.091588,-1.471672,1.457125
-0.031774,,0.006675,-0.762981,-1.358655,-1.169601,-2.411626,0.367587,2.29935,-0.465607
-1.102208,-1.36705,-0.376134,0.748369,0.089405,0.313989,0.453808,0.760441,0.574129,0.126644
0.67298,-0.078048,-1.612095,-0.662667,0.142033,0.811207,0.037175,0.912159,-0.226128,0.010888
-1.466016,1.449695,-1.027166,2.108351,-0.443527,-0.412476,-0.321041,-0.108671,1.561969,-0.024573
-0.424503,-0.461095,-0.920535,0.256487,-0.006158,-0.23686,0.22901,0.492069,-0.715793,-0.113578
-0.311427,-0.432296,1.220393,0.064685,0.525323,-0.448661,-0.135843,-0.0537,0.487114,0.432685
,0.403838,-0.878686,0.600203,-1.66047,-1.790061,-0.799908,0.15143,-0.787219,0.247576
-0.831962,-1.061816,-0.078688,0.530507,-0.28916,-0.248353,-0.121037,1.347006,-0.745487,1.825324
-0.085853,1.852967,1.878407,-0.13054,1.597198,1.001982,0.810637,2.201229,-0.840135,-1.355941
-0.473526,-0.121986,-0.154122,0.207796,-1.833181,1.417364,1.927576,0.866464,0.967771,-0.719578
0.040211,0.936355,1.219458,0.352826,0.557265,-0.299855,0.028316,-0.870588,0.235298,0.132281
-0.485398,0.720682,1.346172,0.100225,1.642197,-2.737339,-0.770646,-0.534936,0.47869,0.573926
1.291408,-2.349764,1.607544,0.410599,0.184244,-0.086388,0.795609,0.235636,-0.776351,0.615775
0.525116,-0.109721,0.228951,0.529825,0.597479,0.233137,0.760314,0.397167,,0.388988
-0.419409,-0.111374,0.931479,-0.147836,0.263731,0.023741,0.54251,1.012575,1.877956,0.375948
3.133396,0.763541,-0.359613,0.08745,1.400692,0.12432,-0.295508,0.131814,1.426479,2.332748
-0.860467,0.885606,-0.701194,0.601665,1.166903, N/A ,0.665901,-2.488504,-0.874524,-0.762331
0.133757,-1.537532,-1.297498,0.259257,1.118067,0.120201,-0.750904,-0.718483,1.725583,
0.073302,-1.070258,-0.556842,1.029666,0.485954,0.039749,-0.934195,0.78746,-1.33656,
0.445341,0.103187,-1.746942,1.36102,,-0.302274,-1.035268,0.186076,-1.73387,-1.069783
-0.937616,0.107,-1.263589,-0.358024,0.857721,1.620715,-2.125391,0.380042,0.186605,1.374607
-1.014875,,-2.044294,1.008269,-0.128672,-0.921924,0.006868,-1.001053,-0.559281,-0.731282
0.190781,0.307614,0.992008,1.401894,0.895563,-0.990093,0.580508,-0.316264,0.180348,0.818463
0.100433,-0.188009,0.754328,0.039079,-1.206671,-0.159046,,-0.440264,1.448568,-0.089149
-1.079401,1.921382,0.27951,1.009915,0.952666,2.036871,-1.610049,0.842759,,-0.730514
0.838517,-3.433401,0.396024,-1.004696,0.245793, N/A ,-1.141024,-0.775432,-0.697827,0.486332
-0.944465,0.474969,-0.642996,0.177793,0.266686,0.474551,-0.68471,-0.059753,-1.534292,0.543022
0.466418,-1.416853,-0.211286,0.527972,0.279411,1.692364,-0.541016,-0.47744,0.168082,
-1.565186,0.125044,-0.194248,1.055873,0.495514,0.15743,-2.560931,-1.03772,-0.617558,0.145929
1.832731,0.81925,,-0.305736,0.586375,-0.644627,-0.618484,-0.436267,0.247054,-0.800439
-0.487048,-1.443647,-0.47349,-1.154987,-0.662826,0.111546,-1.14648,1.363092,-1.833052,1.637666
0.864262,-0.861078,0.148283,-0.027528,-1.048394, N/A ,0.417493,-1.778213,1.029514,0.638497
-1.616529,-0.157428,,1.414663,-1.473141,-0.689808,0.975653,0.695872,0.825673,1.707923
1.573748,1.901053,-0.033401,-0.008227,-0.08924,0.376221,-1.14873,0.954311,0.034134,2.065114
1.417911,-1.032697,,-0.468477,1.008358,1.982577,-0.311077,0.893002,0.275362,0.422436
-1.497705,-1.291658,0.155127,-1.457654,-0.7378,1.409857,-0.201222,-1.370931,-0.332766,-0.588808
1.715363,-1.389145,-1.934208,0.232318,0.06447,-0.72929,1.503449,-1.24028,-1.192204,0.17695
1.118714,-0.051443,0.821332,-1.387213,0.660564,-0.427159,0.932642,0.204361,-2.286579,1.112387
-1.232974,-1.248556,-0.928406,0.726715,1.094656,-0.2652,-0.750069,-1.118975,0.655679,-0.67717
-1.097668,0.058731,0.056691,-0.253765,-0.299784,1.73462,0.902573,0.856314,-0.745678,-0.33094
0.610257,1.001549,-1.267441,-1.438822,-0.970979,0.469892,0.939463,0.480799,-0.310354,-0.219773
-0.065509,-1.068752,-1.325844,0.892239,0.452412, N/A ,-0.696382,0.219077,0.879577,0.790305
-0.608308,0.472275,1.636461,-0.041624,-0.099788,-0.115056,-1.446789,-1.002033,-0.811049,1.342756
0.483943,-1.837211,-0.45718,0.213251,1.938291,1.02892,0.30469,0.31482,-0.431141,-1.378264
-0.780622,-1.037138,0.723202,0.510038,,0.500076,-1.688435,0.493265,-1.992913,1.186086
1.151561,0.443523,0.278035,2.599692,-0.793933,-0.367575,-0.560294,-1.420482,0.675375,-0.823599
-0.129716,-0.354209,0.030851,-1.60698,-0.057555, N/A ,2.460774,-1.441763,-0.235368,0.193777
0.079938,0.346165,0.985659,-2.087363,-0.357246,0.303225,-0.618435,-0.293968,-0.371339,0.33773
-0.315671,-0.95674,1.206617,0.813707,-1.341543,0.597924,0.263021,-0.066508,0.264087,0.474748
0.315276,0.686014,-0.310409,0.163922,1.572524,0.930843,-0.101219,-0.376422,0.612891,1.007064
-0.913923,,0.171757,-0.901397,-0.143771,1.218431,1.146682,-0.846202,-0.233467,-0.70291
-0.235052,-0.307995,0.685889,0.567602,-1.810526,1.358795,0.059281,,0.655791,0.844134
0.219874,-0.201209,-1.384525,0.196711,-1.505622,-0.686068,0.918687,0.741651,-0.627339,-0.569297
0.173935,0.028221,-0.487659,1.131044,0.058789,-0.654459,-0.242492,-0.158977,0.315263,1.596051
-1.226284,-0.759773,-0.207939,0.282734,1.490279,-0.061552,-0.814562,-0.33668,1.004325,0.596639
,-0.031969,-0.940263,-2.315793,-2.667316,-0.163958,0.75473,-0.1458,-0.631909,
0.132637,0.292987,-0.526401,0.133766,-1.243072, N/A ,-0.13285,-0.285567,-0.333302,-0.820897
-0.213892,,0.291509,-0.443297,1.656226,0.85756,1.106295,0.359318,-0.562709,0.884046
-0.891098,1.076548,0.283503,1.546063,1.341627,0.357694,-0.730719,0.393211,-1.215441,
-1.783046,2.580658,0.949789,0.044648,-0.934667, N/A ,-0.528094,0.387392,-0.643074,-0.918371
-0.911227,-0.299732,,-1.212996,-0.512537,-1.127498,1.337956,0.975081,1.346831,1.294347
0.086392,-0.092656,-0.549647,-1.687832,-1.01576,1.159329,1.634976,-0.106582,-0.028878,-0.755586
1.123632,1.755224,0.792015,-0.540087,-1.146529,0.563028,0.453248,-0.108458,-1.44197,0.332355
-0.046943,0.654629,,-1.025396,0.013377,0.438964,2.061397,-0.399269,,-0.545663
,-2.023456,0.645433,1.500195,0.172014,0.824633,-0.847624,1.501168,-0.970469,0.082479
-0.002709,,-0.610211,-0.701272,-0.579648,-0.656283,-0.688442,0.88704,-0.420265,-0.324429
0.042392,0.312296,0.901282,0.06697,0.803278,2.457192,-0.281167,-0.312919,-0.108439,-1.124771
-0.929593,-1.589718,0.306455,-1.916202,1.726362,-0.561583,-0.951893,-0.757193,0.632247,0.11483
-1.140515,-0.901188,0.264915,-0.823959,-1.488947,-2.766465,1.114041,,0.446538,1.421282
1.044524,-0.61256,0.59776,-2.076942,-0.643217,-0.731069,-1.456127,0.516875,1.314393,-0.003858
0.337272,,-0.370864,0.888328,0.174885, N/A ,-0.298174,0.209471,-0.268175,-0.336545
1.878805,-0.339714,0.167143,0.153826,0.491012,-0.248213,0.781813,-0.18769,0.755036,-0.078226
0.115655,0.888039,0.832231,-0.555965,0.250716,1.075293,0.736848,1.731081,-1.533394,
-0.182239,1.481651,-0.040307,-0.113539,-0.048995,-1.494364,-0.078616,0.52916,-0.717565,-1.893963
0.333062,1.60458,,-0.125238,-0.615739,-1.751049,-1.478354,-0.351048,-1.332112,0.085161
-0.945752,-0.376775,0.37284,1.283426,0.719068,-0.855145,0.505726,-0.506884,0.644173,-0.018326
-0.908272,,0.767818,0.510253,0.47197,-0.939857,-0.564113,0.313079,0.756909,2.698252
0.35847,,0.908089,-0.470246,2.162542,-1.450324,-0.25443,0.836547,0.330188,-3.234489
,-0.411143,0.396178,-0.542086,-0.522497, N/A ,-0.830792,0.457312,0.957511,-0.669302
0.406192,0.275621,-0.560254,-1.810416,1.215866,-1.874851,-0.496841,-0.030228,-0.655981,1.107801
1.556059,-1.496253,1.467274,-0.222554,-0.845205,-0.790353,1.137928,-0.673884,-0.325993,0.511728
0.90099,-0.094323,-0.7251,2.06079,-0.465849,1.18783,-0.892828,0.376711,0.268429,0.007103
0.667468,0.211581,1.228664,-0.034984,0.554349,-1.183374,0.003118,-0.184681,-1.648072,0.56127
-0.505587,0.872509,1.25434,-0.224136,1.616546, N/A ,-1.331865,0.879192,-1.252899,-1.05642
0.754563,1.24335,0.376105,0.031536,0.921337,0.419936,1.10421,-0.210823,-0.953139,-1.807259
1.095024,-0.411648,0.155447,-1.643062,0.929775,2.217602,-0.488421,0.032856,-0.226629,0.174205
-1.232973,-0.506143,-0.059782,-0.989248,-1.36593, N/A ,-0.789008,-0.389703,0.36604,0.536297
-0.015376,-1.293747,0.770539,-1.58944,0.604212,2.285694,1.071824,1.316919,-0.014486,0.22363
1.305322,0.323224,-0.698838,0.000165,1.173767,0.743087,1.942461,0.068409,-1.624648,0.88971
0.88575,-1.256956,,-0.372548,,1.278465,1.246728,3.008801,1.469293,-1.035369
-0.232828,-0.860672,0.567222,-0.741292,-1.559228,0.455143,-0.724767,-0.416562,-0.574971,0.82592
-0.782275,-0.275409,1.176824,0.055365,1.764275,0.970899,0.250753,-0.639548,0.057665,1.533447
-0.239933,-2.010631,1.11657,0.617862,2.215864,1.281056,0.564744,-0.177557,0.390635,1.888282
0.771215,1.397752,0.24029,0.560208,0.510976,1.495691,-1.786741,-0.946586,-0.790317,-2.021852
-0.488767,,-1.402061,0.251933,-0.948957,1.084279,1.837907,-2.731885,-0.2821,0.077871
-0.842524,-0.313449,0.1236,-0.154748,-0.059654,-0.870431,1.609028,-1.124893,-1.301068,0.867162
-0.728458,-0.274071,-0.095175,-0.314532,0.722772, N/A ,-0.367009,0.217797,0.750131,0.113749
-1.029877,-0.160755,1.603018,-0.452418,-0.213002,-1.256126,-0.78857,-0.498076,2.326491,0.721495
0.215245,-0.816143,0.428163,-0.92899,0.436189,-1.696978,-2.384546,-0.411959,-2.936456,0.101158
1.577116,-0.340016,-0.650329,-1.060855,0.479965,-2.127165,-0.531977,-0.567996,1.471312,1.41699
1.541529,-1.074964,0.906513,-0.332664,-0.299723,-0.201672,-0.351171,-1.407485,0.625243,0.641278
-0.392239,0.300157,0.350492,-0.599908,-0.195047,-1.005235,2.035913,-1.212207,0.360219,1.355849
-0.150426,-0.563834,-1.444677,0.259947,-1.02983,0.829878,-1.307528,0.382369,-1.356022,-0.959621
1.009493,0.730648,0.663798,0.888265,-0.463296,-0.99827,2.515833,0.51887,0.406108,0.420459
0.172271,-0.426829,1.066926,-0.061771,-0.254202,-0.62795,-0.234421,-0.481289,0.060313,0.55038
-0.805288,2.308628,-1.947175,-1.881421,1.374223,-1.340419,0.21827,1.033258,0.985296,-0.224114
-0.552848,-0.10338,-1.030736,1.262691,-1.6976,0.209414,0.149525,-0.138122,0.676929,0.898425
-0.596027,0.65475,0.133258,0.294617,0.107359,0.53316,,0.767616,0.11787,0.998149
-0.050756,-0.201725,1.261529,1.595606,-0.353991,-0.388184,-0.555551,0.820088,,0.62642
3.093422,0.557618,-0.259861,-0.962643,,-1.67,-0.547793,-0.558685,0.710586,0.108101
2.455639,1.88423,-0.008666,0.735935,0.224991,0.643407,2.087283,0.232638,1.630474,-0.236503
-1.598964,0.432105,0.789288,1.410156,0.396553,0.664834,0.055748,-1.632492,0.177774,1.195938
1.73552,,-0.926951,0.240043,1.84675,-0.435866,0.700257,-0.742353,0.18825,-0.304547
-0.216678,-0.615013,-0.463427,-1.671618,-1.243475,-2.413908,0.821489,-0.613942,-1.582022,0.639504
-0.207462,0.490948,1.327741,0.276744,-1.330592,-0.910178,0.768865,-0.094989,0.119135,1.364343
-0.48163,0.244934,0.392205,-0.00277,-0.989159, N/A ,0.928689,-0.634436,0.486347,0.276749
-0.713804,-0.669401,1.329428,1.160833,0.019402,-0.772293,0.608934,0.264514,-0.068114,-1.538757
0.216368,-0.426807,-0.174182,1.302296,-0.33881,-0.337556,1.515709,-0.329364,2.202974,0.611734
-0.06896,-0.713689,-2.325188,-2.230919,1.455869,-1.897889,0.648429,-0.589,0.721064,0.527013
-0.001099,-0.592332,-0.964707,-0.15277,-0.856878,0.856049,1.416484,0.015443,0.771877,1.091526
-0.058694,1.384149,-0.243635,1.081388,,-0.589115,0.301127,-1.649337,-1.247932,
0.977263,-0.425685,-0.283652,0.096518,-0.978362,0.669476,-0.785727,-0.232921,0.572443,
1.472543,0.654612,-0.35234,1.144285,1.404893,1.372732,-0.316426,-0.525164,,-0.247669
-0.012334,-0.248731,-1.132799,0.489371,0.558777,1.114045,,0.606482,-0.762117,0.179716
-0.058945,0.894278,0.403903,1.162802,0.240184,-2.403443,0.213434,0.49974,-0.75196,-0.149158
1.496212,0.886064,-0.614428,-1.635285,,0.279456,-0.504528,0.48561,-0.260181,-1.386485
-1.236183,,-0.899026,1.490607,,-0.523464,0.300115,-0.805925,-0.235937,1.764546
0.163682,0.211937,1.331681,0.928478,-0.410981,0.220373,-0.45026,-0.62009,-1.364764,-0.84651
-1.088773,-0.525937,,0.866179,0.443059,1.019317,1.393893,0.179666,2.101277,0.179086
0.879775,-0.063222,,-2.30839,0.227512,1.077614,-0.802091,0.252889,0.125158,-0.294276
1.844338,,,0.001696,1.124871,0.00053,-1.834089,0.892879,0.245814,0.923192
1.66585,0.330995,0.641259,0.77959,0.708279,-0.55117,-1.403373,-1.140705,2.324009,-1.337665
-0.292135,0.849888,-1.154962,1.017326,-0.931979,0.758086,2.021939,-1.080853,1.015086,1.510525
0.68096,0.896629,0.65124,-0.400065,-0.457828,-0.165673,-1.256039,0.666625,-0.09269,-0.187441
0.555689,0.003098,2.034343,0.743402,1.310989,0.601581,-0.679625,-0.146326,0.972915,-1.554568
0.663901,-0.381347,0.876405,1.290431,0.838708,2.435341,-0.64149,,-0.748098,1.541252
-0.714512,0.052241,0.668071,2.300414,-0.502901,-1.019469,0.030738,0.577473,0.670492,0.398478
-1.634147,,,1.515713,0.19854,0.367562,-0.098429,0.439141,0.69054,0.967937
,-0.003694,2.207302,-1.8138,0.33585,1.028855,1.0641,0.250579,-0.259018,0.087691
-0.168062,-0.29121,0.270386,-0.610543,0.051756,1.182415,-0.810795,,1.111871,-1.904104
-0.013846,-0.332257,0.044973,0.802718,-0.434155,1.23178,0.717721,-1.203902,2.532852,-0.179636
1.075926,-0.64542,0.405745,0.881547,-0.328691,-0.131902,0.043978,0.748986,-1.031453,-2.280078
-0.403365,2.230083,-1.452272,-0.099998,-2.138377,-1.900937,0.223631,-1.085612,-0.020203,-0.617995
0.905321,0.053762,-0.503796,-0.585429,-0.302592,-0.897737,0.252445,0.000947,0.274449,0.583613
0.927986,-1.652886,-1.229008,-0.69641,-1.78218,0.163677,0.118257,-1.370184,-0.911837,-0.339739
0.56574,-0.941936,-0.120663,1.118263,0.819111,-0.289336,0.920821,0.658563,-0.31865,1.785345
-0.673916,-1.026433,-0.651244,-0.143471,-0.219428,-0.103461,-1.017156,1.031384,-0.411669,0.637982
-2.605156,-0.415302,-0.255689,0.129691,-0.952241,0.925977,-0.114282,-0.273463,-0.197639,1.117933
0.369946,1.274529,,-0.133697,-0.262034,1.11304,-1.652328,-1.461226,-0.49937,-1.108952
-1.378286,2.153614,0.808725,0.292246,1.683512,-0.434469,0.648086,1.015118,-0.420863,
-1.55923,-0.380008,0.952912,0.168797,-0.341954,0.200568,0.27622,-1.540841,-0.111221,-0.878912
-0.614328,-0.357791,0.010815,-0.188911,0.019939,0.087337,-1.343587,-0.327907,-0.982625,-0.130634
0.999814,1.333929,-0.075629,-0.06736,0.573845,-0.774299,-0.271668,-0.431223,-0.042661,1.587054
0.272454,-0.261793,,1.767084,-1.441416,0.107975,0.287632,1.887052,1.36996,-0.506934
1.022794,0.18996,0.006999,-0.728078,0.672404,-0.402324,0.406068,-0.343246,-0.963661,0.463907
-0.591106,0.759647,0.353354,-0.08542,1.39402,-1.560008,-0.167581,0.189587,0.659427,-0.237543
-0.684301,1.058195,-0.179613,-0.62214,0.021777,1.526605,2.253856,-1.307355,0.518223,0.811302
-0.740834,-1.359027,0.63744,0.516255,2.158163, N/A ,0.766395,-0.530057,-0.92135,-0.980539
-0.063457,0.346416,-0.945949,1.674018,-0.607441,-0.814147,-0.332738,1.161057,1.616719,-0.504222
0.240018,-0.989118,-1.122292,0.640324,-0.034799, N/A ,-0.099184,-0.80541,1.331506,0.199708
0.762658,0.601989,2.66263,0.163771,0.656886,-1.319506,-2.32344,-1.20697,,0.371499
0.059976,0.475207,,-0.963468,-1.392708,-0.523789,0.814864,-0.62764,0.156271,-1.358588
-0.921193,-0.645402,-0.02358,-0.10575,-0.511878,-1.654755,-0.288683,0.365742,0.189792,0.046697
0.977803,1.227319,-1.085439,0.710735,0.828639,0.852233,-0.129928,1.219152,-0.766277,-0.486008
0.823623,0.219552,-0.5562,-1.033726,-0.804104,0.247876,0.779046,-0.541283,,-0.619399
0.23522,-0.386572,1.634404,0.975066,,-0.311808,-0.043312,-0.464595,0.810881,-0.448795
-0.477923,,0.311361,-1.256659,-2.298409,-0.320514,-0.129235,1.24618,1.236801,0.477127
2.440985,-1.197293,-0.166253,0.285546,1.967461,-0.109611,0.890354,3.134162,-0.840833,0.415545
0.760524,0.638127,1.208777,0.570308,0.131975,-2.564906,0.346639,0.367597,-0.605677,0.008492
-1.309038,-0.332389,1.3399,1.367312,-0.229078,0.255744,-0.734271,0.300283,0.233798,-1.334329
-2.03339,-0.414146,,1.383789,0.306118,0.046484,1.294089,1.758295,-1.141342,-0.555464
-0.659746,0.322425,0.463055,-0.577963,-0.279185,1.532148,1.827268,-0.141483,0.89103,2.067418
-0.509778,0.598205,-0.9518,0.17995,-0.944469,2.289179,1.168904,0.751796,0.199832,0.01637
-0.704798,-0.240271,0.547011,-0.063718,-2.040009,0.101965,-0.052622,,-0.033861,1.152304
0.691546,0.041515,-1.494054,0.70372,0.719425,-0.351863,2.507149,0.402854,0.857903,-1.455262
-2.567725,-1.159433,0.151282,2.211747,-0.399793,-1.994361,2.063915,0.477153,-0.010936,0.797928
-0.495126,0.301452,1.293666,-0.618874,-0.065855,-1.156218,0.904062,-0.055838,2.00069,-1.413666
-0.178031,-0.188879,2.692401,-0.364524,2.064834,1.488079,0.91775,0.789336,1.757357,0.309946
1.078849,1.669284,-1.809219,0.789503,0.483911,-0.607002,-1.180673,0.927646,-1.283227,-1.139137
-0.277355,0.597834,0.309747,1.395523,0.656601,0.8586,0.559771,0.339951,1.76472,0.218382
0.46683,-0.538334,-0.229641,-0.096294,1.182021,0.46444,-0.369212,-0.884663,-1.118767,-0.658257
-0.041898,0.336958,-0.087173,-1.46551,-2.025366,0.24091,0.378483,1.903887,-0.155576,0.216502
0.985046,1.080404,2.597547,-0.567435,-0.760614,0.762346,0.002869,0.426115,0.585883,-1.723981
-0.640506,-1.058277,-0.47204,1.10407,-0.168782,1.077038,0.298712,-2.376254,-0.360378,-0.058942
1.995311,-0.161874,-1.110147,-0.352333,1.609884,-1.999909,-0.216452,-1.42814,1.768107,1.996068
-0.573464,0.203711,2.497807,-1.190236,-0.246177,1.429083,-1.698933,,0.084401,-1.620462
0.832532,0.253471,-1.572786,0.171419,1.100899,0.293793,1.027053,0.417568,0.86954,-1.029649
0.96376,-0.340293,-0.590922,0.050131,0.158601,-0.194682,-0.932591,1.260381,0.487882,0.032283
0.20473,-0.182712,1.761584,-1.728723,1.230433,-0.495506,-0.363265,-0.379333,-0.240056,0.265917
-0.005157,-0.451352,1.365577,0.676634,1.119095,-1.574826,-0.446458,2.1297,-0.762379,-0.643261
-1.640637,,1.373845,-2.499895,2.830921,0.951278,-0.898514,-0.409166,0.820826,0.912382
0.15125,0.256304,0.197454,0.094009,-0.769253,1.148075,-0.884738,0.893634,-0.024538,1.074862
0.106887,2.289833,1.158799,1.56262,1.238529,-1.431265,0.671826,1.879161,1.39674,-0.249068
,0.00067,-0.610026,,-0.120849,0.377373,0.732528,-0.399244,,-1.689223
0.176388,0.046939,-0.33096,-0.627024,-0.69544,-0.203395,,-0.546917,1.478513,0.618148
-0.921277,-1.322405,,0.74297,-0.754118,1.059876,0.885097,0.032122,0.222059,1.805009
0.463048,0.923284,0.231571,0.384057,-0.792855,-0.965926,-0.715628,1.208319,,-1.63254
-1.5921,0.26267,-0.000771,1.761128,-0.145063,0.26437,-0.559928,-0.917841,0.480618,1.579817
0.947756,1.001588,-0.040624,-1.225194,-0.534166,0.184342,-1.626299,-0.385576,-0.895754,0.457292
0.848255,-0.139947,-1.02151,0.387034,0.772276,-2.329808,0.016058,-0.724871,-0.720644,-1.795539
-1.04881,2.196354,0.187997,1.325677,-1.115244,-1.391568,-0.491929,-1.75692,0.405902,0.530372
-2.255814,-0.304887,-0.632271,0.100035,1.776719,1.476894,-1.481919,1.361353,0.17512,-0.003404
0.578895,0.616905,,1.041283,0.106954,-1.286868,1.675452,0.288816,-1.41265,0.38174
0.750177,-0.805883,-0.267381,0.542008,-0.047778, N/A ,0.49927,-0.435718,-0.099251,
1.368527,0.070608,0.115564,1.046646,0.550934,0.306649,-1.311991,0.563122,0.577948,0.555024
-0.181725,-0.945076,0.456178,1.875966,-0.701895,0.286878,-0.12534,0.877334,1.4413,-0.156179
2.779175,-0.528284,-1.079477,-1.234224,-0.037657,-0.982161,-0.690907,1.368514,1.548994,1.111237
1.241032,,-0.020047,-0.625476,-0.050854,-0.091456,-1.188108,-0.59414,-1.052168,-0.3297
-0.076188,-0.650468,0.350951,1.329035,2.391173,0.652941,0.504723,-0.208124,-1.668967,-0.654693
-0.741437,0.172645,-1.095905,-0.729969,0.036555, N/A ,1.7711,-0.830835,-0.906624,-1.907799
-0.050452,0.352955,-1.414158,-0.133612,-0.126769,1.487737,-1.334544,1.271988,2.013385,1.32422
0.511246,-1.869167,-1.694254,0.213369,0.063671,0.504109,-1.730356,0.821599,0.549381,-0.277352
-0.891753,-0.570047,-0.406451,0.883624,-0.698042,-1.264436,0.383204,0.33337,0.061111,-0.402253
0.646423,0.974662,1.031079,-0.047881,-1.062099,0.220271,0.191316,-0.64045,1.185471,1.514445
0.621432,0.077378,0.667114,-0.778839,-0.164926,-0.332566,0.152821,0.903753,0.2281,0.857947
0.720083,-0.019434,0.740132,0.842216,0.847147,0.09085,0.108128,0.085568,0.57412,1.089416
0.627965,0.882183,-0.927848,0.598457,-0.096721,0.062208,1.352586,-0.469063,-0.635121,-0.122038
0.471137,0.068745,-1.478609,0.721314,0.433839,-0.305441,0.984317,1.282055,0.050652,2.254
-0.783257,0.33294,,0.170462,0.270934,-0.123262,1.181248,1.436341,2.34043,1.187129
1.868019,0.037838,-1.829412,-0.461886,,-0.223734,-0.640855,-0.166422,1.429057,0.346327
-0.470042,-0.187898,0.743049,1.656309,0.977771,-0.037586,-0.458637,0.045538,-0.714975,-0.381604
-0.425853,1.360005,0.94016,0.807691,-2.272232, N/A ,-0.694045,-0.903929,-0.014482,0.913789
-1.027298,1.029841,1.041424,-2.038146,-0.763379,2.544062,0.050179,-1.43994,0.587037,-1.292086
0.102691,0.38131,-1.960487,0.79368,0.217729, N/A ,-2.284321,1.094785,-1.36201,0.777117
1.322196,,-0.678911,-0.827106,-0.514613,-1.311968,-1.774899,-1.324362,-0.623504,-1.118015
-0.912746,0.193423,-1.02219,-0.357065,,-0.321333,,-0.496748,0.836534,-0.13934
-0.341366,-1.178656,-0.574221,-0.588956,0.204292,0.540723,-0.660632,1.277721,0.088508,1.738009
0.002566,-0.674914,1.155858,-0.8292,-1.279733,0.694536,0.303207,0.442806,0.314647,0.882665
-0.334447,-0.21139,-0.652798,-0.242339,-0.096526,0.86879,0.735018,-0.926684,2.57962,0.114136
0.569348,1.243755,0.915487,-0.528892,0.044743,-2.220767,0.019395,0.8166,0.598162,0.757028
0.704694,1.480528,-0.481089,-0.284567,-0.91264, N/A ,0.582195,-1.185961,-0.78194,0.794662
1.350683,1.917443,0.491242,-0.458111,-1.121031,0.021428,0.731214,-1.161517,,-0.126122
1.33424,2.26473,1.120276,-0.60851,1.747386,-0.165771,1.365641,0.106656,1.291032,-0.112537
1.615395,-0.849405,-0.365815,-0.695911,-1.530504,-0.173054,-1.342502,1.30043,1.136553,-0.366788
1.083498,-0.350837,-1.180437,0.425628,-0.233009,1.579688,1.148778,-0.737903,1.400724,-0.709309
0.331828,0.517356,-0.028226,-1.109774,0.177716,0.27779,0.262764,0.593702,-0.286614,0.280154
-0.935443,-1.278489,-0.445013,-0.428505,-0.00391,-1.967875,1.040512,0.64196,0.188423,-0.87021
0.11165,-1.615336,0.579685,1.095202,,0.754116,1.117612,-1.574571,0.117323,-0.841422
-0.511788,0.383162,0.210075,-0.927103,0.079204,0.214184,1.278544,0.123192,0.622943,-0.757204
0.599851,0.257562,-0.124015,-1.960862,0.388964,-0.521846,0.460827,-1.074216,-0.611287,0.088153
0.285563,0.775178,1.081879,0.551746,,-0.64899,0.98558,-1.139241,-0.620124,2.308647
1.250149,0.550151,,0.096555,-0.401208,-0.319603,-1.284441,-1.229721,0.970523,1.023606
-0.286205,0.510811,0.509076,1.477032,-0.786345,1.060685,-0.424547,-0.489574,-1.034794,-1.120741
0.26362,1.400707,0.407689,-0.616996,-0.214251,1.756384,0.884581,-0.20355,0.183641,-0.439869
-1.800866,0.481873,-0.534489,-0.324192,0.709361,-1.157588,-0.796064,0.702686,-0.587806,-1.185242
-0.379698,0.777325,0.507589,-1.240775,1.24793,-1.51204,-0.026152,-1.027853,-0.604309,
-0.053107,0.15738,0.876492,-0.476318,0.103302,0.436663,-0.113418,0.573964,0.577823,
0.984857,-0.69332,-0.077271,-0.969823,0.341876,1.300601,-0.597842,0.537153,0.583844,0.299767
-0.563184,-0.005228,-0.912255,-0.705085,,-0.209242,0.241318,,,-0.586538
-2.663486,1.317635,,0.967366,0.618274,0.564269,-0.321421,-2.404359,1.02936,0.77799
1.315718,0.663698,-0.342356,0.779129,0.063621,1.923288,1.560443,-0.730209,0.470228,0.10818
1.455297,-1.623222,0.576341,0.010115,-1.679501,-0.780282,1.230303,0.668882,-2.40296,1.797235
,-0.880537,0.844895,0.669589,-1.450298,0.541097,2.304348,0.757466,-0.594239,
-1.371005,0.5714,-1.24932,-0.630091,-0.128117,0.088138,-0.90684,-0.600324,0.582327,-1.50817
-0.923693,0.571441,0.496999,-0.676292,-0.617348,0.285514,-1.189076,0.037645,0.641641,-1.064627
-0.781298,1.669814,0.303874,1.56179,-0.334249,0.198006,-0.570003,-0.08027,0.896089,-0.896675
0.428516,-2.438365,0.012238,0.073021,0.096939,-1.006175,-1.741728,-0.159412,-0.68788,-0.055876
0.79986,-0.905222,-0.189846,-1.491823,-0.70531, N/A ,0.96369,-0.148551,1.286615,-0.853814
0.693843,-1.119213,1.352833,1.766763,-0.517826,-0.32045,-0.510209,0.601196,,-0.065134
-0.052626,0.282899,0.249668,1.533511,0.451543,0.610056,-0.119351,-0.057837,1.062888,2.045345
0.132782,1.312196,,0.367645,1.053095,0.348157,2.345747,-0.30521,,-0.568037
0.69265,,0.829148,-0.096692,1.25096,-0.287458,-1.441666,,-1.798336,
-1.430363,0.274698,0.602223,-0.647124,,-0.386531,-1.369262,0.45956,,-0.141199
0.365979,1.028752,,0.654577,,3.347509,1.549163,-0.929282,-1.619509,-0.619576
0.158579,0.841541,-0.124431,-0.180077,0.445669,-0.495778,-0.433155,-0.165543,0.892585,-0.346228
0.398237,-0.048611,-1.587435,-0.522649,1.870362, N/A ,0.147499,-0.970023,-0.839081,1.386946
-0.805424,0.326663,-0.340622,2.574158,0.062091,0.090566,0.050302,-0.186283,0.453235,-1.19611
-0.590363,-2.025252,1.00105,0.885374,0.131791,-1.075504,,-0.013329,0.842515,1.422062
1.034618,0.195391,0.64298,0.501727,-1.308409,1.042956,0.136026,-1.692696,1.222513,1.677079
-0.892456,-0.826048,-0.727055,0.022866,-0.066445,-0.015774,0.022007,-0.017343,,-0.242715
-0.950526,-0.841008,-0.013788,0.350685,0.111022,-0.526185,-1.62642,0.673955,,1.62715
0.459184,-0.290948,0.405682,-1.365291,0.427451,-1.351465,1.334156,-0.521642,0.312618,-0.275682
0.174922,-0.211708,2.180974,0.151663,0.827056,1.770189,-0.064031,1.046346,-2.066594,1.702493
,-0.603499,-1.386329,-1.011541,-0.471236,0.092043,,1.046352,,0.88385
-0.580888,0.24613,,0.575291,0.990941, N/A ,0.578697,0.33966,-0.204096,0.036541
-1.11723,0.100744,-0.952328,0.89359,0.788065,0.888285,-0.201693,-0.132821,0.35818,-0.32878
0.880079,-0.254646,-1.16815,0.351713,0.224365,-0.71661,1.4839,-2.124766,0.984434,-2.399577
-1.280366,-1.630294,-2.206895,0.552903,1.218748,0.019856,0.883271,-0.587907,0.422069,-1.19043
-0.297211,1.297218,1.729642,-0.138178,0.52413,-0.051829,0.690121,0.01439,-0.87259,-1.804236
0.464961,2.592829,0.4713,0.985601,1.451822,1.833774,0.975026,-0.192103,,2.541142
-1.373691,-2.683271,1.823738,0.017934,-0.750736,0.530128,1.214271,-1.879867,-1.35343,-0.016105
0.8379,-0.136817,-0.287316,-0.510631,-0.60512,1.099406,1.807396,0.780938,-0.751577,-0.658635
0.752688,-0.357492,1.879912,0.870573,-1.120154,1.062963,0.794049,0.445269,1.206686,0.630157
-0.128787,1.217623,-1.231547,-1.033322,0.724129,-0.654799,1.596244,0.293951,1.100369,0.693944
-1.622082,-1.842365,-0.056047,-0.279241,,-0.364285,-0.262748,-0.288073,-0.165421,0.352062
0.607655,-0.271686,-1.009995,-1.916872,-0.159726, N/A ,0.399359,-1.431891,0.369518,-2.047548
0.757591,-0.116006,2.029055,0.160562,-0.220398,0.638052,-1.348795,-0.165021,,-2.043005
0.119868,2.310704,0.636877,1.558675,0.328567,-0.471892,0.551999,1.124204,1.796226,-0.86477
-0.942493,0.329024,1.026667,3.212293,-0.309801, N/A ,-1.150411,1.567093,-0.513682,-1.521679
-0.168376,,1.49466,-0.902922,-0.112231,-0.461095,-1.550934,1.281657,-0.091032,0.755577
1.355589,-0.533041,1.050002,0.30152,2.218783,0.283316,1.109082,0.156165,-1.133975,-1.917033
2.3534,0.269857,0.67426,-1.100653,0.358596,-0.51225,2.475198,-0.777417,0.947583,-0.014199
-0.678074,1.065801,-0.625884,0.092537,2.019293, N/A ,,1.883797,1.792364,0.308405
1.527468,-0.747419,-3.038741,-0.102355,-0.886288,0.098463,-0.806599,0.499462,0.106003,1.575079
-1.676207,-0.412744,1.009985,-1.446443,0.103265,0.947383,0.196639,-1.739356,0.181536,0.028118
-0.764167,-0.893123,0.052803,-1.094129,-0.89904,1.58635,2.077866,-0.321465,0.403096,2.04039
-0.307242,0.354549,-1.119245,-0.179423,,-0.046542,0.432718,1.313048,-0.609725,-0.509024
0.473869,-0.522167,-1.17547,-0.223139,-1.341581, N/A ,-1.189159,2.449878,0.928117,0.91558
-0.34299,1.126897,-0.477635,-0.112217,0.988057,1.001527,-0.770425,0.645224,-0.107027,-0.035173
-0.289771,-0.494308,0.858129,1.650498,0.36505,-0.737099,-0.300247,-2.213245,-0.234007,1.306171
0.987082,0.263135,-0.516146,,,-0.551168,-0.30025,-0.573088,0.113825,0.134842
-0.641542,-0.826524,-0.967762,1.42401,-1.266172,-1.837705,-1.212217,1.846866,-1.399773,1.142987
0.93633,2.048059,-0.896975,1.048335,1.522719,-1.304373,-0.971452,0.612465,-0.695959,-1.403369
-0.540809,1.099161,2.532278,0.02814,0.799621,-0.353536,0.58166,0.519171,0.001779,-0.036615
2.151137,-1.456524,0.222342,0.634188,1.251685,0.156658,-1.611292,-1.549196,-0.12194,-1.036231
1.364719,-0.194786,0.59479,-0.870824,1.135518,-0.465149,1.910156,-0.543794,2.156476,0.062973
0.055484,-0.296098,-0.91208,0.281788,-1.44805,-0.089513,-0.271342,,-0.139313,-0.145617
0.519694,-0.34427,0.864099,-0.531303,-0.539421,1.311852,0.923038,,0.483062,-1.1012
0.305131,1.253176,-0.273733,-0.790668,-1.200993,-0.269578,0.44101,0.589418,0.837537,-0.269498
1.167615,-0.343954,-1.702572,1.012181,1.680467,1.504222,0.109476,-1.331862,0.808901,0.561042
0.911863,-0.994783,-0.312239,-1.156787,-0.781416,-0.401086,0.587241,,-0.413276,-0.873038
-0.383937,0.54531,,0.66785,,-0.857295,,-0.196538,0.512909,-0.391372
0.820426,1.955986,,0.023462,-0.438949,-1.584126,-0.431379,-1.57891,-1.711678,-1.038767
-1.481918,-1.069831,0.296338,0.068363,,-0.272523,1.430647,0.426307,-1.839273,-0.024119
0.28764,1.007837,-1.588434,-0.33952,1.254692, N/A ,-0.965305,-0.880425,1.17653,0.641391
0.072887,-0.273053,-0.698328,-1.653058,0.463139,1.836967,-0.158954,1.754094,-0.779617,1.265035
-1.196907,0.447,0.330841,-1.128217,0.644463,0.491953,,0.08635,,0.911311
-0.677913,-0.692904,-0.556831,0.973291,,-1.642722,-0.865325,0.946912,1.272606,-0.322547
0.489752,-1.290876,-0.001791,-2.00223,0.153424,-0.453012,-0.208847,1.610309,-0.958243,-1.10747
0.328771,-0.696003,1.66952,0.652867,-0.457371,-0.786141,-1.287531,0.440221,-2.540051,1.180114
-0.130815,,-0.434406,-2.356819,-0.595371, N/A ,-0.747607,,1.160363,-0.180335
-1.395391,0.486371,0.546229,0.041154,-0.432501,0.280394,-0.566799,0.214016,0.114077,0.75648
0.7329,-1.095301,0.347743,0.566005,-0.163183,-1.160719,-1.31457,-0.450048,-1.621615,0.719871
0.479787,0.072853,0.486139,-0.470861,1.479597,-1.366352,1.931646,-0.141261,-2.095413,0.721737
-1.230605,-0.344001,2.217527,-0.13702,, N/A ,1.083006,-2.300519,-0.585613,-0.763457
-0.371228,-1.286846,1.800942,1.992611,-0.565985,-1.038962,0.27895,-1.800359,2.333259,-0.611105
,0.163939,0.438768,-1.015492,-0.040657, N/A ,0.960658,1.393818,-0.991886,-0.68199
-1.106418,0.661106,-0.846651,-2.351034,-1.259496,0.615,1.23058,0.728942,0.81432,0.17276
-1.48689,-1.745651,1.056651,1.344465,-0.373214,0.167185,-0.500738,-1.177672,,-1.088555
-1.0039,0.508091,-0.641304,1.083344,,-0.635445,-0.254549,1.702119,1.308335,1.507743
-1.152334,2.300086,-0.295197,0.723336,-1.407169,0.679752,-0.337247,,1.526403,-0.466617
-0.089329,-1.667431,-0.914622,0.093119,-0.914817,-0.25406,1.26023,-1.332119,-0.047713,-0.662637
0.816209,1.081359,0.055916,0.73312,1.210676,-0.568014,0.914877,0.304928,-0.698497,-2.026034
0.348537,-0.814162,-1.126031,-0.465026,0.408896,-0.413829,-1.131493,0.527578,0.624529,-1.046224
-0.353005,-0.184195,-0.152481,-0.295719,0.116831,1.079324,-0.151841,1.456313,0.432478,-0.461621
-0.049506,-1.643817,0.317146,-1.100312,-0.805452,0.208108,1.204443,0.175146,-0.566606,1.264545
0.117716,0.285092,1.428085,1.524694,-0.844488,0.480249,0.958433,0.608101,,-0.743789
-0.28054,-1.023645,-0.18164,0.100659,0.072962,0.26575,,1.156735,-0.085407,-0.072039
0.473612,0.363224,-2.079626,-0.515422,1.307238, N/A ,1.901935,-0.879667,2.160815,-0.737624
1.107303,-1.169097,-1.287181,1.04231,-0.222218,-1.893821,0.740013,-2.341889,0.487368,-0.221118
0.789232,-0.227484,0.347942,1.277108,1.114799,-0.884567,-0.340005,-0.301031,0.828303,-1.760696
2.02576,1.362774,-0.470373,1.712628,0.723016,-1.213352,0.025094,0.570465,-1.432139,-1.281547
-0.253417,-2.463953,-0.511202,-0.105793,1.702257,-1.215055,1.067179,1.322552,,-1.881013
-1.134964,-0.02048,-0.77428,-0.403049,0.548125,-1.217952,-0.09946,1.166582,-0.472266,1.345555
-0.79061,0.469634,0.123446,1.167138,0.94105,-0.266533,0.861879,0.337979,-0.145403,-1.359129
0.608153,-0.858069,0.049041,-0.625048,1.511253,-0.691419,0.890712,0.458161,-1.238539,-0.553581
0.268991,-0.597405,1.182796,-0.267792,-0.53458,0.552834,0.241936,0.2415,1.093294,0.674197
-0.702612,0.611945,-1.072326,-0.891748,2.014034,0.08735,0.734204,,0.148121,-1.59426
,0.001277,0.2062,1.25466,-0.591764,0.132303,0.06061,1.152998,,0.296656
-0.481832,-1.91642,,-0.634623,0.495905,-1.865454,0.085088,0.513837,-1.323309,-0.381275
-1.129007,-2.258411,-0.645381,0.648647,,0.475589,1.002009,0.452154,0.769129,0.821152
0.103577,-0.434569,-1.240996,1.489249,1.054285,-0.220222,-0.260202,-0.904127,2.134462,0.882603
-0.604595,-0.385245,1.054532,-0.814775,0.536972,-1.018607,1.013189,0.688532,,
-0.597656,-0.262653,-0.648562,0.236581,-1.129738,0.999364,-1.966497,-1.27102,0.141673,0.57822
1.768325,0.707113,0.902799,0.845367,0.492694,0.250242,0.754103,0.837049,-0.093254,1.15005
-0.671913,0.4019,-1.011481,1.110945,0.647412,-1.367258,0.219541,-0.805111,0.216641,
-1.461353,0.77837,0.737691,-2.713823,0.511573, N/A ,-0.530621,-1.887754,1.951678,-0.45472
-0.028281,-1.231824,1.073433,-0.021978,0.276014,0.320095,-1.151123,-0.597838,-0.167304,0.001692
0.54618,-0.66454,0.417548,,-1.088603,0.377764,0.577952,-1.571145,1.632739,-0.108969
0.729245,1.925743,-0.018814,0.875254,-1.592518,1.380282,-0.665847,-0.743737,1.038487,-1.20338
0.541012,-2.224118,,0.158665,-0.478123,-0.016408,-1.091124,0.987147,-0.281023,-0.671773
-0.617624,0.658529,-0.288343,-0.166634,-0.661913,0.936076,-1.924584,-1.101849,,0.322221
-0.848141,0.691378,0.227957,-0.42531,-0.140507,-0.591366,-1.837594,1.620115,-1.065009,1.28887
0.249398,-0.995075,-0.100618,0.966091,-0.707972, N/A ,-0.372058,0.716003,,0.311882
0.922534,1.07901,-0.469466,1.178089,-0.453906, N/A ,1.955815,0.862689,-1.401636,-0.336126
-1.229998,,1.181251,0.539942,0.704902,-1.53949,-0.022849,-0.844482,,1.144304
0.228519,0.684211,-1.993119,1.152168,0.875262,-1.340789,-0.140067,0.026703,-0.29885,0.241393
0.244995,0.490057,1.311229,0.16844,0.933326,-0.094275,-0.565581,0.93775,0.024227,-0.426078
-0.40126,0.816943,-0.80709,0.555295,,-0.603586,0.57276,2.14364,-1.958426,-1.379965
2.223965,-0.149492,-0.236612,-0.508599,-1.014327,0.384151,0.736466,0.197483,0.309436,-0.084697
-0.147338,0.169883,0.179371,0.254458,-0.672887,0.598701,0.342928,-0.560298,-1.887933,
-0.317676,0.626235,-0.201569,0.134509,,1.534269,-0.606438,0.80435,-0.117065,-1.011302
-0.793711,0.511938,-1.515619,-0.19948,1.347392,0.668421,-0.60143,-0.892756,0.091202,-0.371456
0.014334,-0.031244,1.231189,-0.798203,-1.123216,-0.781381,-0.301717,2.195537,-0.13933,0.042872
-1.882615,-0.621995,-0.597822,-2.398816,0.50391,-1.560017,0.116294,-0.045892,0.487513,0.138814
0.657782,-0.752673,1.053747,0.87581,-0.839221,-0.573027,0.005273,-0.262543,-0.705736,0.335083
0.819724,-0.50619,-0.927371,0.519607,,0.418583,0.71554,-0.02395,-0.506736,0.80971
-1.995201,-0.465217,-0.081608,-0.112832,0.626763, N/A ,-0.389831,-0.081258,0.172769,0.548677
0.694321,0.930774,-0.279201,-0.429814,,-2.680278,-0.201956,-0.914255,-0.364095,-0.413793
1.426177,0.700124,0.239831,0.582552,1.733081,-0.052053,0.875656,1.050673,-0.160519,0.604937
-1.532351,0.698213,1.280824,-1.43452,-0.874383,-1.387577,-0.500053,-2.367751,-0.250988,0.087252
-0.683485,-0.189188,0.087378,-0.142293,0.226507, N/A ,0.521767,0.050436,-1.192566,-0.498788
-0.579199,0.18805,0.226189,-0.077742,-0.671293,-0.623426,2.166141,0.039418,,0.368585
-1.666055,-0.758878,0.111416,0.992477,0.190532,-0.016677,,0.192787,-0.2241,-0.16841
-0.470241,0.272635,-1.480561,-1.408964,0.115819,-1.526857,0.217624,-0.703576,,-0.268816
-1.519176,-0.115401,-0.733152,-0.879214,1.43785,-0.088674,-0.248258,0.97008,1.37955,0.253488
-0.040624,-0.675534,-0.798148,-0.137735,0.486032,1.362473,0.230042,1.302889,,0.773194
-0.286335,,-0.039341,0.543916,-0.396219,-0.641221,0.285542,1.418351,0.172281,-0.04753
0.839765,-0.13041,0.076764,1.197293,1.049717,-1.671461,-0.956941,,1.122441,0.105965
0.277642,-0.763827,-0.049603,1.559875,0.471397,-0.284564,-1.545372,0.046117,0.526978,-0.839816
-1.083684,,-0.945617,0.533165,0.448591,1.601568,-0.255887,-0.001675,-1.515021,1.205363
0.689177,0.035802,1.188298,2.159837,0.414097,-0.015039,-0.823722,-0.759866,0.347353,0.089363
1.888166,0.005755,-0.583592,0.957411,-0.902446,0.169008,-1.095352,,-0.288987,0.511187
1.471814,0.566387,-0.435893,0.736702,0.361193,1.007466,-0.69195,-0.067087,-0.437759,-0.831567
0.447055,1.089713,-1.658266,-0.410604,-0.226854,-0.046475,-1.482007,-0.474149,-0.760204,0.841056
0.772349,0.162799,-1.139153,0.139535,0.739571,-2.406741,-0.007366,-0.305356,-1.328929,-1.411836
0.764883,0.275956,1.4494,1.640036,-0.989092,-0.667385,-0.134883,-0.315664,-0.27558,-1.409797
-0.345852,1.651143,-1.522554,0.695526,0.049683,0.447816,0.667782,-0.943186,1.460009,-0.648014
0.129812,,0.663633,-0.239666,-0.353147,0.016416,,0.208582,-0.186625,-0.741117
0.468355,0.580594,-0.19351,0.399485,,2.349579,0.251638,0.753935,-0.295911,0.094161
-0.142638,0.16219,-0.101771,0.607895,-1.342853, N/A ,,-0.344095,-0.725541,0.447365
0.967895,0.817385,-0.129288,2.790328,-0.639387,0.611221,0.676615,-2.308534,-0.341918,-0.796088
1.585591,0.570434,-0.522185,-1.599384,-1.574554,-0.284972,-0.09207,-0.023951,-0.240761,-0.328509
-0.951961,0.711574,-0.821441,0.567727,0.153076,-1.041062,2.128637,0.015692,-0.648688,-0.822121
-0.355667,2.111913,0.119617,-1.144455,-1.440487,0.413564,0.353,-2.329773,,
0.729985,-0.554462,0.73724,0.036307,-2.169409,-0.109222,0.105424,-0.379369,-0.04976,-0.507491
1.808669,1.405738,-0.516457,3.206151,1.186271,-0.053268,0.381498,-1.317934,0.688364,-1.025556
-1.853575,0.587243,0.26186,1.243377,-0.150828,0.437071,-0.281416,0.274791,,-0.569318
-1.312313,0.06904,0.280534,-0.605373,-0.831855,0.123007,-0.069825,-0.571285,-1.455673,-0.104279
,-0.08464,0.822104,0.993282,-0.043264,1.488542,-0.208969,0.931301,,1.131343
0.537838,-0.43042,0.301392,-0.59742,-2.106134,-2.424063,1.903052,0.173819,0.006044,0.462976
1.175199,0.522423,-0.527891,0.368011,-0.247993, N/A ,0.266621,0.040614,-0.727799,
0.122261,-0.110293,0.249482,0.7793,-1.02784, N/A ,0.718395,1.239268,-1.659237,-0.954623
1.646747,,1.199241,1.552851,-0.382821,1.135945,0.942559,-0.558928,1.119089,-0.441568
-0.198162,-0.570621,-0.646666,1.123037,-0.289608,-0.626049,-0.065682,0.651149,2.304293,-0.45083
-0.007415,-1.119027,-1.666815,2.062751,,0.436791,1.960929,-0.181383,-1.749415,-1.587671
0.978876,0.521428,-1.566066,0.339135,1.468836,0.164436,-0.338719,0.784342,0.045167,-2.50688
-0.993273,0.292188,0.1046,0.228712,0.533807,0.414228,0.729612,-1.660448,-0.596325,-0.169851
-0.324481,-1.081245,0.101247,-0.054487,0.651752, N/A ,0.717633,-0.180827,-0.021802,1.226316
-1.318858,,0.015262,1.021593,0.164369,-2.157015,0.521005,-0.216613,-0.905611,0.079422
-1.721449,0.230339,1.198561,-0.073286,, N/A ,0.834644,-1.474454,0.499801,
1.622023,1.065489,0.687333,-1.057377,0.041216,-0.734788,-0.194943,0.556096,-2.153096,-0.565913
1.127069,1.4161,1.147472,0.483601,-0.872715,0.180175,-0.803162,-0.305119,0.030194,0.104916
-0.032204,-0.975918,1.512093,1.328562,-0.064261,0.910418,0.193574,-0.525881,-0.295288,-1.110356
-1.545837,1.308534,0.569356,-0.533779,-1.008023,0.279335,0.781816,-0.174129,0.370632,1.266146
-2.00768,0.633386,-0.231788,-1.085017,1.544784,1.600578,0.346574,0.397458,-0.678521,1.505748
0.961569,-0.02653,,-0.021426,1.106968,1.318356,0.39466,0.331226,-1.205926,1.224503
-1.172114,0.583682,0.189887,0.708694,,-0.206437,-0.518161,-0.292686,0.996429,1.375389
0.853202,,1.146836,-0.081968,-0.429114,-0.482216,0.334902,-2.329293,-0.70068,0.043167
0.652576,0.627519,-1.304582,-0.989317,-1.394922,-1.272867,0.373038,0.099976,-0.724605,0.650934
,-0.171648,-0.218429,0.074712,0.251829,-0.666576,0.147631,2.051748,-1.176639,0.145532
,0.062472,,0.918854,1.294029,-0.145161,-0.871949,1.478618,-1.185275,-2.216311
1.679925,-0.221175,-0.417942,-0.328403,0.060659,-0.385971,-0.910276,0.159112,-0.797581,-0.32921
0.694988,0.227177,-0.587561,1.40423,-0.949417,0.227622,1.330181,0.490708,0.606095,-2.059114
-0.457646,0.178267,1.857392,0.41008,-1.519176, N/A ,-1.422614,0.741522,,0.141396
0.921258,-0.191619,0.727674,0.234915,-0.132037,-1.110704,1.101418,0.368749,-0.090351,-0.026173
-0.376684,-0.318449,1.355442,0.658591,,0.976764,-0.248299,-1.320722,-1.345565,0.205937
1.012553,0.163538,-0.087766,0.083593,1.958724,-0.203083,-0.001792,0.532461,0.308046,0.831856
-0.032338,-0.556178,,0.45279,, N/A ,-0.499991,1.400292,1.082882,-1.062215
-0.42362,0.49292,0.605504,1.504837,-0.027594,-1.393637,0.898683,,-0.319437,0.69771
-1.613989,-1.114304,0.91338,1.485006,0.390412,0.647726,-0.928251,0.818479,-1.114363,0.973869
0.722652,0.994643,0.602821,-1.795253,-0.864757,-0.726388,-0.045633,0.579139,1.70195,0.835851
0.36805,0.590704,-0.374236,1.987036,0.381581,0.029705,-1.009014,0.784215,0.298083,0.660257
1.142335,-0.057719,0.429178,-0.150758,0.155179, N/A ,-1.01779,-0.209269,2.042111,-0.798198
0.199695,-0.226192,-0.883592,-1.281072,-1.152422,1.441925,2.562146,1.560093,-0.520975,2.162602
-0.422069,2.044649,1.364194,-1.168029,-0.48966,0.030472,-0.044902,1.023659,0.388325,
-0.759691,-0.848873,1.225591,0.092326,-0.294805,-0.024298,-0.984433,,0.065876,-2.055652
-0.094235,,0.90128,-2.657872,1.385626,-0.681423,0.206099,0.407068,-0.992321,0.495539
-0.709157,0.460953,-0.986319,1.65339,1.717514,-1.110245,0.65805,-1.631833,,0.312527
-1.747263,1.305011,0.357662,0.327256,,-1.460582,0.156839,0.202352,0.630178,0.119872
1.013256,-1.069945,-0.168075,1.22415,,0.199184,1.179347,-0.702056,0.607354,0.756863
-0.822859,-0.824639,1.021775,-2.662687,-0.537597,-2.182689,2.220713,-1.272715,0.960577,0.559217
1.429928,1.363451,0.35209,-1.412985,-0.487561,1.696971,-1.268343,-1.309167,-1.224239,-0.390648
0.834109,1.445546,-0.297287,-0.489016,-0.424679,-0.882127,-0.723793,0.298505,-0.136406,-2.964257
1.079807,-0.37109,0.825354,1.249485,0.926479,0.48437,-0.643722,,-2.222023,-0.119154
-0.527444,-0.86081,-0.679702,2.632302,-0.806999,0.698862,1.249158,1.037131,0.794863,1.33249
0.754412,0.639652,0.584061,0.425343,-0.421476,-0.226188,0.13714,1.354685,0.147934,-0.738266
-0.110183,0.499918,1.044477,-0.762246,-0.425168,-1.008495,-0.082812,0.180014,1.052971,-0.51809
-1.247364,-2.012427,0.618365,-1.976179,0.844212,0.152434,-2.803215,-0.315606,-0.933605,-1.284177
-0.874408,0.089543,-0.212006,2.071641,-0.233103,1.972234,0.188595,-0.263554,-0.27963,-0.266664
-0.226027,0.010672,0.897734,0.431521,-0.707841,1.632986,0.515842,0.973997,-0.308825,-0.806771
-0.367558,-0.081766,,0.729717,0.475181,0.566026,-0.193034,-1.342995,,0.135834
-0.002692,-0.170248,,0.355741,-0.78213,-0.036518,-0.133149,-1.859577,-0.092694,-0.089018
-0.463923,2.528601,1.608395,-0.949375,1.611046,-0.616609,1.7858,-1.03888,-2.321325,-0.477773
-0.117772,0.061878,0.598935,0.90561,0.81506,-0.00905,-0.425645,0.037158,-0.461997,0.705149
1.592517,0.418621,0.359892,0.402395,1.431378,-1.620945,0.982215,1.623517,0.459744,-1.321036
,-0.964379,-0.880181,-0.460852,0.39059,0.594435,-1.545382,-1.077842,1.680184,0.447016
0.667745,0.813168,0.946389,0.376402,0.583752,-0.111335,-0.416334,0.726605,-0.527022,-0.270375
-0.916311,-1.077792,0.015719,1.190065,0.304714,-0.135305,-1.523326,0.873174,-0.146695,-0.352106
-1.207694,0.661604,1.683007,-0.801918,0.573388,1.57544,-1.251485,0.713715,0.985378,0.709706
-0.476487,-0.133431,-1.231938,0.43005,-0.113028,-1.276543,-0.62395,0.667873,-0.78529,0.909719
0.471697,1.68006,-0.38612,1.466399,0.438552,-1.563817,0.16341,0.503855,-0.125207,-0.573933
-0.184726,-1.030885,-0.581442,0.186618,-0.360073,1.246826,-0.424231,0.675193,0.291924,0.713673
0.301552,-0.043069,0.687564,0.572734,0.421022,0.691801,-0.412861,-0.123169,1.135584,1.706199
-1.580039,0.944642,0.379987,0.829575,1.231785, N/A ,-0.486049,-1.717483,0.701228,0.476652
-0.6395,-0.670848,0.439982,0.628313,0.203503,0.601363,0.062442,1.230208,0.68332,1.114459
0.130033,2.543053,-0.07392,0.649514,1.078946,0.615735,0.111932,0.283393,-1.214825,0.308973
-0.243052,-1.441059,0.247199,-1.469481,-1.099155,1.044165,1.007909,-0.138492,-2.78518,-0.026362
-1.324571,-1.31273,-0.329692,1.038699,-2.031945,-0.781872,0.43098,-1.287399,-0.740123,-0.233184
-2.060386,0.300172,1.395281,-0.981683,0.280631,0.092323,0.192163,-0.363716,,1.422361
-0.147014,1.669401,-1.065102,-0.001855,-0.402793,-0.352073,0.589274,-0.584664,-0.973715,0.462624
0.205739,1.227078,-0.717144,-0.552971,,-2.363793,-0.882997,1.384187,0.079757,1.232196
-0.495797,2.193439,0.824274,0.784634,-2.405902,0.477473,,0.120022,-1.085673,-0.250876
0.826817,-1.128225,-0.646249,-0.157336,-0.772931,-0.802966,1.077031,0.984156,2.113663,-0.836537
-0.460389,1.940168,0.300685,0.002066,0.279335,-1.231554,-0.584722,-0.096079,0.624693,-2.546923
-0.567755,-1.428587,-0.316551,-0.515629,0.165067,-0.195902,-1.767048,-0.271178,0.618777,-3.681582
0.009767,-1.152137,0.391788,0.541729,-0.334248,-1.602503,-0.435865,-0.755844,,-0.620734
1.925156,-1.483631,-2.136274,-0.411912,0.634219,1.730585,-0.605835,-1.003604,,0.594036
-1.71754,0.270354,1.810411,-0.494268,-1.997086,1.008204,-1.392573,0.216543,-0.000724,0.629542
0.081591,0.718906,-0.769144,2.163918,0.466002,0.423529,0.631499,1.011506,-1.776634,-0.557841
-2.113749,0.302595,-0.973808,-1.110521,-1.025943,-0.253308,0.454897,0.043898,1.878141,0.036216
-0.317235,0.265361,-0.583396,0.822635,-0.314461,-0.973301,0.002048,-0.55829,-0.389968,0.361391
-1.820001,-0.53194,-0.635832,-1.718003,0.334524,0.72041,1.906417,0.509994,0.660662,-0.561394
-0.533791,0.86084,2.285024,0.606731,0.741219,-1.421735,-0.03131,0.491575,0.159237,-0.624574
-1.019859,0.363091,-0.700837,0.324927,-0.685647,-0.038612,0.167146,-1.242098,0.781913,0.509612
0.399861,1.586252,-0.325548,1.010455,-1.067451, N/A ,1.024247,-0.191029,-0.385259,-1.428642
1.227571,0.708693,-0.682741,1.289644,1.291822,0.843293,-0.537443,-1.144696,-1.043532,0.108244
0.718802,1.951285,-1.156704,0.20456,-0.680525,-2.294602,-2.629435,-0.751387,2.404975,1.358653
0.499519,0.676934,,-1.80337,0.043553,-0.837692,1.280522,1.367635,1.667894,-1.364874
0.035119,1.129596,1.310906,-0.166744,0.746504,0.239403,0.695405,0.42821,,0.191856
-0.147655,0.13556,0.99448,-1.823964,,1.030922,0.247275,-0.05222,1.271083,0.592699
,-1.530071,0.639238,-1.288837,1.730059,-1.281868,-1.365716,0.33707,-0.38167,1.097621
0.891265,0.63074,0.649108,-0.771362,-1.665729, N/A ,-1.885972,-1.685602,0.466109,-0.427482
-1.428555,-0.642372,-2.395925,-0.219833,0.172772,1.856817,0.329916,-0.549999,-0.809184,
-0.551379,-0.41023,-0.146539,-0.236322,0.467415,-0.877579,1.774459,-1.077808,-0.131791,-2.198734
0.194149,0.772131,3.301334,1.745535,,-0.517193,-2.995608,-1.257184,-0.730179,0.892581
-0.531939,-0.578609,-1.32412,-0.994398,0.249913,0.807209,-0.166202,1.688289,-0.189227,
0.057998,-0.515756,1.783052,-0.662087,1.113391,-0.320557,-0.177787,1.063093,0.405331,1.488314
0.143696,1.414078,-0.399943,-0.228314,1.148965,1.802998,1.012216,0.397086,0.149045,-1.366429
-1.136231,,-0.078239,-0.062397,-0.494726,-0.740145,,-0.253648,1.783999,0.723193
0.071941,-0.192195,0.709384,1.368121,0.306496,-0.192758,-0.248714,0.466769,-1.023476,0.147189
0.501352,-0.312237,-2.587814,1.726454,0.453264, N/A ,-2.402168,1.172,-0.820569,-0.041076
-0.257172,-0.399358,-0.310083,0.630175,-0.954132,-0.125213,-1.482797,-1.308986,0.815815,0.300363
1.110158,-1.060095,-1.394227,0.260092,0.021614,0.960006,0.651889,-0.371721,-0.056053,
-0.454191,1.029479,-1.145017,0.759896,0.744506,0.958743,0.213629,,-0.550857,1.484224
2.193084,0.104868,-0.304401,-0.60738,-0.359296,-0.045604,-0.537413,-1.172005,0.824389,0.838294
-1.373874,,-0.800217,-0.207415,1.138318,-1.420373,0.398852,0.921825,-1.742656,-1.148603
1.521346,-0.396896,0.835358,0.849979,0.588872, N/A ,0.04637,0.009226,0.220279,0.120919
1.055833,-0.180675,3.103705,-0.082053,-0.787524, N/A ,-1.225977,0.144075,0.684676,-1.543885
-0.307796,0.501405,-1.45254,0.767413,-2.157205,1.207224,-0.522103,-0.71519,0.254672,-0.398018
-0.111,0.886126,1.071081,0.075003,-1.463283,1.227417,0.18724,-0.547292,0.325704,-0.369982
1.024318,,-1.108958,0.99338,-0.171707,0.124293,0.05909,0.580532,0.596424,0.613634
0.143712,,0.723206,0.804347,0.548027,0.091989,-0.810171,-0.981922,1.827081,-0.235341
0.161402,0.034306,-0.335326,-0.959077,1.248743,0.332379,1.378243,0.291447,-0.921497,1.700529
-1.511862,-0.033793,0.342296,-0.487331,-1.82251,-1.108103,1.986722,0.753872,-0.177833,0.408954
-0.139398,-0.125139,0.320211,,-0.330939,-0.873482,0.583738,-1.776957,-0.125632,0.397632
-0.696458,-0.091072,-2.19133,0.350998,-0.701225,-0.1122,1.983723,-1.653598,-0.225882,1.996032
-0.045072,-1.073607,-0.709679,1.11658,-1.16502, N/A ,1.470375,0.257744,-0.907202,0.789102
-1.717522,2.104783,1.202048,-1.705532,1.281209,0.761759,0.975695,-0.754102,-0.026827,0.513772
0.575966,,0.40581,0.456459,-1.10941,2.200707,-0.807462,-0.241105,0.930163,-0.023435
0.385639,-1.924777,1.333041,,-0.293964,-0.411291,,-0.045104,1.064365,-2.199278
-0.058622,-1.287567,-0.758945,0.858541,-0.369256,-0.958753,0.48291,1.379383,0.716227,0.084536
-1.434762,0.42729,2.008732,-0.932429,-1.921874,-0.004227,-2.840594,-0.618928,-1.271985,0.804797
-0.46837,-0.937754,0.148881,-0.601936,-1.058517,1.158999,-1.000334,0.115034,-2.350126,0.183748
0.152481,0.427036,2.057783,0.869868,-0.024754,0.24224,-0.519122,-1.224187,-0.290252,1.259262
2.06885,0.246335,2.13067,1.322941,,-0.370794,0.651809,1.112804,0.239219,1.416834
0.330694,,-0.493227,-1.635105,0.159897,1.451987,-0.496972,0.084601,1.053894,0.762529
0.254568,-1.172867,0.623374,-0.299368,1.806689,-0.319729,0.737177,1.201105,-0.823509,-0.420475
0.170782,0.970316,0.396802,-0.888063,,-0.259378,-1.336971,-1.668086,,-0.330476
-0.985737,1.27401,-0.399248,-1.38465,-0.187951,-0.594593,0.670837,1.817377,-1.264584,-0.532348
-0.225609,-0.630864,-0.750786,-0.208506,0.274928,0.7663,0.168213,0.503761,0.457427,0.304453
-0.244466,-0.073062,0.547826,-1.021775,-0.601375,0.55917,-0.860303,-1.923811,,-0.241089
-0.122821,,0.698508,-0.155949,-0.988505,1.334243,0.032555,1.009172,-1.039226,-0.147447
-0.714812,0.322248,-0.210552,-0.82484,0.588479,0.330772,-0.503191,-0.627387,-0.451371,-0.163609
0.107536,-0.281748,-1.262672,0.409724,0.053938,-1.59886,-0.10205,0.590494,0.803451,1.276154
0.411143,0.697887,0.8561,-0.000598,-0.308402,0.694446,-1.344826,-0.53818,1.170477,0.074171
0.507317,-0.187851,1.533388,-1.400343,1.021548,-0.603253,1.356047,-0.592391,2.190634,0.921114
-0.093786,0.836309,-0.521824,0.712243,-0.248587,-0.137748,,1.956476,-1.195413,0.365946
-1.736931,1.322402,-0.001931,-1.456864,2.421976,-0.183236,0.104969,-1.66271,0.927986,1.03913
0.013566,-0.896997,1.030578,0.081731,1.907134,0.503104,-0.51905,-0.723824,,0.271708
0.687186,,0.222606,0.412113,,0.034625,-1.779577,-0.454484,-1.151636,-0.218869
0.594853,0.238067,,0.488044,0.139144,-0.471385,1.380552,0.157565,1.286073,-1.507247
0.631212,-1.928029,-0.31736,0.198061,0.747877,-0.752451,0.343926,-0.012652,0.977253,0.176147
-0.943993,0.03291,-0.36935,-0.564573,0.469582,-0.761808,0.634599,-0.053848,0.152831,1.160788
0.234847,-1.374456,-1.37634,-0.314128,-1.077527,0.647007,0.631163,0.710774,,-1.579961
-1.010262,0.265812,-0.803228,0.111728,2.007252,1.53941,-0.776767,0.312564,-0.128304,0.577495
-0.710326,1.388673,-0.35844,-0.544189,-1.770682,1.420638,1.271953,-1.191609,,0.112804
-0.169802,0.882999,,-1.609538,-0.804257,-1.693038,-0.472905,0.265763,-0.529975,0.416246
0.348223,2.936782,-0.043848,-0.962183,-2.612058,-0.218403,0.792555,0.102108,-1.102411,-0.400214
-1.17264,0.1035,0.144442,-0.471101,2.888298,-0.599047,-1.26975,0.064863,0.917297,-0.382997
0.392425,1.176467,1.677897,-0.837675,1.170668,-1.98423,-0.249395,-0.867365,-0.973153,-0.150946
1.775948,0.275077,-0.265433,1.955191,-0.923073,2.678709,-0.790045,-0.629538,,0.097686
-0.143534,0.164314,-1.528736,-0.54395,-0.066655, N/A ,0.219084,1.949395,-0.419437,1.218786
-1.470196,,-0.350884,-0.728734,0.024172,0.056777,1.186739,-0.677389,1.652583,-1.41424
0.617395,-0.329879,-0.419179,-0.301208,-0.846233,0.943589,-0.254937,1.358215,-2.023043,1.109153
0.807927,0.510981,0.206475,-2.055955,-0.892809,-0.360831,0.314581,-0.383956,-3.040169,-0.346989
-0.345398,0.348073,1.795738,-0.545264,-0.922865,-0.464756,1.893064,1.035459,-0.389285,-0.370406
0.688952,0.319127,0.007444,0.629433,-0.550523,-0.169083,-1.975472,0.836216,0.360976,0.155109
-0.849908,0.037596,0.817852,-0.656352,0.692219,-1.179602,0.065998,-1.663126,-1.308952,-1.701571
-1.533804,0.526184,-1.15912,-0.268703,0.612547, N/A ,-1.195405,1.633561,-0.551744,-0.191024
1.328525,1.235918,,0.677446,0.390572,-1.039584,0.722274,1.669894,0.776787,0.453683
-1.441337,-0.282963,-0.66175,1.236951,-0.43609,-1.362922,-2.291968,1.920672,0.986679,0.722807
-1.62541,-0.803326,-1.155203,-0.575292,-1.944557,0.377701,0.521849,-1.200581,-0.526081,-1.778764
0.002343,,0.986446,0.955391,2.285946,0.126792,-0.750433,,-0.959638,1.363253
-0.086853,-0.512889,-1.677155,-0.417463,-1.267923,1.624156,-0.257291,1.325109,-0.375677,1.328637
0.005384,1.23532,1.85805,-0.317524,,1.601353,1.210415,0.486324,0.104345,0.787992
0.078908,,1.081509,0.919932,,-0.315174,,1.18196,0.118744,-0.517239
0.051897,1.284201,-0.039061,-0.672921,-0.300303,-0.668066,-2.018561,0.626747,,-0.070186
-1.414364,,-0.824166,-0.310522,,-0.000824,2.446532,1.702246,1.049515,
0.95437,1.154973,1.044995,-0.266892,-1.338571,0.098605,0.606421,0.458666,0.346098,0.55337
0.980925,0.635175,-1.27903,0.028196,-0.304268,-0.139815,0.008702,1.067313,0.216704,-0.946522
-0.735661,-1.550231,-0.70779,-0.769074,-0.658198,-0.476233,-1.400825,-1.259802,-0.70416,-0.587997
-0.477577,-0.895025,0.192251,-0.44812,0.486603,0.044383,,-0.349804,1.731907,-0.472193
0.880531,1.621892,-0.721038,-0.475604,-0.571786,2.753439,1.807617,-0.253122,0.644408,0.857031
0.61818,-1.074368,1.092801,-0.260825,-0.677327,-0.658172,-0.570466,0.083068,-1.430759,-0.950721
-0.159015,0.101954,-0.977816,-0.679034,0.856146,0.041166,-1.669506,0.228124,-0.553688,0.17463
1.519153,0.939766,,0.818322,-0.113794,0.60649,-0.309911,,0.976405,0.363665
1.35528,-0.433051,-0.140894,0.763745,2.352559,0.728068,0.119512,-2.111478,-0.983323,1.048011
-0.686689,-0.327036,1.577788,-0.729375,-0.113081,-0.901222,0.260882,-1.179491,-0.097716,-0.747236
-0.210685,0.35376,1.484261,-0.450604,,-0.659172,-0.138111,,0.344001,-0.645101
-2.079308,-0.007137,-0.182643,-0.589193,-0.350745,-1.966544,-0.240347,0.042669,0.504436,0.262247
-0.898291,-1.081579,1.623285,-0.696557,-0.745495,-0.263416,0.966346,1.771776,1.54277,0.193379
-2.251462,,1.626965,-0.804418,-1.407505,-0.735931,-0.195823,1.04181,,-0.237043
0.771033,1.257329,0.831382,-0.141607,-1.304335,0.671867,-0.692636,-0.196575,0.053958,1.638886
-0.454419,0.461614,2.427013,-1.022079,-0.13834,-2.073299,,0.167118,1.249807,1.46231
-0.41007,-0.677787,0.250659,-0.309943,1.118079,-1.702532,-1.156282,-0.071246,1.292508,0.739518
0.058062,3.456735,-0.504938,0.792496,-0.314831,0.283802,-2.114223,2.363332,-1.72886,-0.193622
-0.214465,0.650625,0.965079,-0.327655,-0.925332,-0.116415,-0.295133,0.115862,-0.695606,0.122091
-0.684489,1.289402,-1.287889,1.912255,1.412992,-0.541032,-0.336185,-0.452199,-0.688029,-0.465309
-0.186716,-0.893091,-0.00455,0.668324,-0.296617,-0.77198,-1.38617,-0.355837,0.717898,-0.31959
1.16648,-0.074544,,2.272141,-1.082342, N/A ,0.152155,0.937871,-0.221719,0.380048
0.875301,0.269143,1.115333,-0.712946,1.713584,-0.370826,-0.646805,0.735745,-0.395964,1.125863
1.617622,1.732657,-0.036996,0.730052,-0.413114,-0.188664,-1.57238,0.322498,1.265947,-0.038298
-0.291039,,-0.752805,-0.786113,2.271697,0.018254,-0.203474,-0.333881,0.303107,0.464558
0.085762,-0.599382,-1.223928,-0.046163,0.253508,-0.174619,0.737882,,,-2.064813
0.012818,-0.411072,-0.387527,,0.123284,-1.647798,-1.195775,0.13354,-0.947364,-0.449146
0.423799,,-1.030292,1.20317,0.595923,0.18736,-1.705538,-0.767583,0.297076,-0.688502
0.148321,-1.295822,-1.298739,1.617376,-0.877218,0.873014,0.680278,0.541087,1.190504,0.627577
0.008486,-1.740747,0.863108,0.457953,-1.509636,1.074901,-1.298722,-0.829521,,0.012421
-2.239456,1.85469,-0.526124,2.501468,1.587066,0.205842,0.615848,,-0.617472,-1.361722
-1.213307,0.099576,-2.3499,0.614362,,-0.238735,0.052885,1.041841,0.180431,0.087309
,-0.850071,,1.011329,0.078967,0.035426,0.970641,-0.412207,,0.456396
0.321691,,-0.380511,0.280713,1.306996,-0.551271,-0.613525,-0.207262,0.413517,-0.185481
-0.286999,-0.288352,0.080556,0.86587,0.767858,-2.42277,1.265162,0.573282,-1.261424,-0.664947
-1.475974,0.019391,1.51562,0.77254,1.896775, N/A ,-1.047435,-0.721714,-0.598428,0.4828
0.21092,0.00553,0.314508,0.313446,-0.45357,0.968562,,1.709263,0.894747,0.387147
-1.107503,-1.476949,-0.919453,0.449744,-0.145543,-1.040792,0.560765,0.571526,0.629828,-0.058144
-1.118808,-0.324312,-0.597714,-0.830955,0.120917,-0.692558,-0.782658,-0.860772,-1.51015,-2.164405
1.861814,-1.293503,-0.925457,0.409306,-0.619584,-0.004439,0.078957,-0.987018,0.235162,
-0.738439,-0.826361,-0.92037,0.939453,-1.501632,0.027013,0.515383,0.084259,-0.645274,0.651998
,-1.253188,-0.493071,-1.339763,-0.135557,-0.76841,1.342903,-0.052433,0.845627,0.144319
-2.317683,-1.48987,-0.782108,0.301723,-1.397067,-2.181532,-0.875007,0.889695,-0.134216,-0.43685
0.984962,-0.503766,0.399598,1.760674,0.592284,-1.081623,0.227158,0.239583,2.47266,-0.218713
0.317149,-0.683949,-1.712384,0.092294,-1.517574,-0.380041,0.4107,1.121747,0.730947,-1.011768
1.329372,0.962391,0.252997,-0.654441,0.555828,0.079003,0.570283,-0.207094,1.35721,-0.829868
-0.665676,1.000319,-0.447981,0.482385,-2.293026,-0.088935,0.125051,1.591671,0.99158,
0.980223,-1.622965,-0.163207,-0.56975,0.663014,-0.802119,0.719073,0.272415,0.233404,-1.163888
-0.07086,-0.136841,0.345721,0.273023,-0.869562,0.473006,-0.045518,0.385399,1.048567,0.628005
-0.036778,,,-0.110536,0.726878,0.504038,1.143467,-1.31371,,-1.465128
-1.047121,0.135137,-1.148531,-0.322574,0.570497,1.237057,-0.588365,-1.165469,-0.666212,-0.395911
0.521893,,0.803447,0.784064,2.321418,-0.060618,2.204536,-0.950427,1.481629,0.991539
1.749853,-1.113269,0.679837,-0.826432,,-0.006412,1.031612,1.979381,-2.001544,-0.929132
1.207459,0.589015,-0.097477,-1.189059,-0.935908,-0.129048,0.154487,-0.572875,1.187964,1.234146
0.975918,1.006315,-0.197008,1.46716,0.270039,0.237397,-0.523104,-1.192713,1.45802,1.192481
1.436792,0.280245,0.083735,0.68172,-0.828804,0.684027,-0.284948,0.628013,0.957369,0.621419
-0.028319,,0.521593,-0.685697,-0.097462,-0.590307,-0.741605,0.520002,0.187596,-1.203934
0.35999,-0.635027,-0.166727,0.234732,,-0.284491,0.378636,0.39377,0.84398,-0.749615
0.46235,-1.788522,-0.733357,0.560232,-1.670239,-2.347162,0.091963,0.949656,-0.811272,-0.836623
-0.587711,0.405508,-0.744693,-0.431722,-0.010675,-0.660945,-0.076012,-0.819585,0.557657,-1.180851
0.288559,-0.642204,-0.715983,-1.891419,-0.279198,-1.08192,1.035874,-1.048452,-2.291199,-0.051489
-0.841579,1.459046,-1.496853,-0.331835,-1.000027,0.94695,0.350954,0.462061,-0.280708,-1.087108
1.336269,-1.434278,0.856059,0.722612,-0.995725,-1.654453,-0.109097,-0.393824,-1.199149,-1.865223
-1.516797,0.872528,-0.965081,1.239569,-2.236039,-2.115211,0.493972,-1.498982,0.461022,-0.164478
-1.077725,-1.036581,0.880171,-1.151844,1.030059,2.659718,0.937384,,-2.530803,-1.270602
0.112998,,0.697668,0.381902,-1.008798,1.142916,-0.271072,-0.505553,0.446532,0.930315
-0.43553,0.435193,0.378641,-0.163418,-0.976472,-0.308371,-1.376451,-0.742544,-0.631227,0.675952
-0.500242,1.285896,1.421094,,1.2686,-0.883404,-0.99863,0.479144,-0.959007,0.04147
1.071914,1.530526,-0.729064,1.370594,-0.889065,1.067517,0.089897,0.515238,0.083074,
0.498902,-1.623913,0.056616,0.605686,0.265201,-1.347536,0.624133,1.51627,0.429473,0.883739
-0.570131,-0.923946,-1.151302,-0.286865,,-0.426769,-1.439344,-1.588579,1.661009,-0.870955
-0.283263,0.382794,-0.736223,0.610691,-0.264285,-0.043662,-0.533506,1.349058,0.535235,-0.008999
-0.752661,-0.506477,,-0.685441,-0.786922,0.544607,0.573053,0.895858,0.40578,2.375334
-1.172896,,-0.421868,-0.403224,0.218562,-0.288492,-2.613905,-3.272502,-1.076839,-0.008937
-0.152516,0.058252,-0.115812,0.460596,1.068189,-0.245365,-0.090719,-1.488679,-0.085387,-1.422751
-0.361139,-0.339273,-0.950785,0.538793,1.670216,0.193682,0.345205,0.626962,,0.667119
0.206525,0.441032,-0.195472,0.57458,-0.98481,0.066456,-0.283806,-0.36509,,-0.161571
-1.308506,-0.047958,-0.717784,-1.603746,-0.001961,-1.074973,0.422278,0.669053,1.930046,
-0.473196,-1.950935,2.364905,0.100763,0.297187,1.164001,-1.758865,1.264062,-0.863939,-0.586603
0.271335,-1.10949,-1.300345,-0.317302,0.054031,2.085288,0.96491,-1.085536,-0.560974,-1.21398
0.656656,0.322567,0.992765,-1.649527,-0.180539,2.673035,-0.110308,1.847721,-0.566029,0.10754
-1.646965,,-0.070204,1.048927,-1.842886,2.198424,0.578293,-0.510138,0.511814,-0.479731
-1.942405,2.572566,1.156837,0.769051,-0.557438,-1.222137,-0.577728,1.268734,0.425713,-1.230625
,-1.181144,-0.697198,0.576218,-0.097136,-0.007181,0.170862,0.168209,0.781804,0.159582
-1.517235,1.203301,0.872654,-1.34679,1.003098,-0.671551,0.488805,0.198936,-0.446672,-1.637236
1.136641,0.346556,-1.338544,1.352078,-0.336747,1.382524,0.088378,-0.041308,0.131261,-0.231762
1.189204,0.818746,-1.290697,-0.094816,-0.16587,1.075906,-1.915404,-0.217189,1.250976,0.352716
0.833912,-0.075383,0.358394,0.674274,-1.165444,-0.401177,-0.950771,-0.865088,-0.313587,0.305796
-0.033051,-1.233509,-2.442525,1.167138,0.422767,1.434515,0.311412,-0.78573,-0.138701,0.366898
-0.921139,0.163824,4.22743,0.253935,-0.120732,-1.671752,1.667692,-2.200419,-0.496895,-1.888359
-0.37714,-0.986883,-1.426808,1.729106,0.867752,-0.379306,-1.661984,0.617164,0.856685,0.553048
0.429262,0.443344,-0.443616,-0.958396,1.127598,1.439506,-0.175628,-1.121785,-1.006325,1.034179
0.176613,-0.523559,-0.398478,-1.585336,-0.10483,-0.89215,-1.387964,-1.100978,-0.169226,-1.040673
0.091587,2.643486,-0.74638,-0.846842,0.74358, N/A ,0.523284,0.325994,1.557485,-1.613454
,-0.421235,1.119345,0.195328,-1.159116,-1.56711,-0.662971,-0.92829,-0.406707,0.542205
-3.715581,-1.295803,0.535595,0.136768,-1.703504,1.311836,-1.255161,0.022906,0.133556,1.49711
-0.429478,-0.328863,-0.268382,0.155387,-1.339213,0.535035,0.811158,-0.113947,1.703384,-1.847716
-0.74849,-2.527221,0.437986,-0.629278,1.213167,-0.04931,-1.912695,,0.045295,0.737955
0.499929,-0.14576,,-0.925253,0.055178,-0.100661,-2.232334,1.249045,-0.195238,0.350605
0.095064,-0.414857,0.571779,2.128069,0.097518,-0.579987,0.852368,-0.969574,0.458683,1.064758
,-0.744009,1.978939,-1.263258,1.509713,0.41582,-0.103464,-0.377935,0.723317,0.946632
-1.203706,-1.085792,1.145377,-0.174476,1.033054,0.780899,0.786432,0.523728,-0.943335,1.540923
-0.499332,-0.69248,0.807842,-0.954572,1.624459,1.100012,0.088936,-1.529205,,0.870798
-0.302266,-1.364121,,-0.095583,0.776585, N/A ,-0.448391,2.412713,,-0.452889
0.409829,0.323067,0.303109,1.155253,0.908134,2.179957,-0.478289,-1.766122,0.881409,0.726772
1.025896,0.014732,-1.904481,1.609425,-1.218464,0.361389,-0.530055,1.940452,0.66444,-0.029542
0.387718,1.369617,,0.671699,2.52173,-0.428216,0.443404,0.932373,-0.577153,1.049307
-0.423406,-0.314675,1.757331,-0.793957,0.970801,-0.169406,1.23575,,1.00903,-0.157798
0.991863,0.555131,-0.509396,-1.046704,0.400047,0.387465,-0.118214,0.730167,-0.090675,-0.156071
0.389617,1.694733,,,0.579347,-0.391793,0.337464,0.706,-1.372072,-1.01673
-0.596149,0.378159,,1.417007,-2.026667,-0.340048,-0.553185,1.310639,1.548267,1.291707
0.633503,0.658523,0.003241,0.33251,-0.439628,-0.267831,-0.743414,-0.772432,1.850169,1.414169
-1.195707,1.087405,1.12367,0.946205,0.442197,-2.896046,,0.108335,0.312122,0.387245
1.563226,-1.256722,-1.360716,-0.97489,-0.954266,1.720123,-0.659097,0.192905,0.39542,0.84261
-1.054114,0.249619,-1.029741,-1.183889,1.919966,-0.508551,0.193913,-1.183131,-0.102647,0.928784
0.260375,-1.101811,-0.003718,0.124371,0.567987, N/A ,-0.523579,2.309646,-0.024015,
0.711134,1.708758,0.229774,-0.606232,0.229377,-0.001226,,-1.054558,0.274194,-0.321573
-0.181612,0.733662,-0.21498,-1.043991,,-0.006756,1.833322,-0.871854,0.773238,-1.390005
0.27572,1.34209,-2.711639,-0.019999,-0.469686, N/A ,1.443788,0.371572,,-1.079297
-0.608058,-0.714476,2.299169,-1.62967,-0.601975, N/A ,,-1.830793,0.922693,-0.560469
2.085029,-0.382112,-1.472348,0.014103,0.167805, N/A ,0.264687,-0.931568,-0.392351,-1.773725
1.500435,-0.358031,0.373763,-1.274088,-1.163106,0.707052,-0.621968,-0.607951,1.263735,1.398905
-0.152794,-0.673366,1.508926,0.003053,0.666724,1.007679,0.037946,-1.747928,1.217501,0.475789
-0.206598,0.139542,0.713579,0.042513,-0.732394,0.024519,-1.433466,-0.577248,0.28505,-2.068083
0.374895,1.213452,-2.408355,-0.640253,-1.712653,1.19358,0.626041,-0.701598,-0.634724,0.12603
0.784347,-0.522681,-1.290458,0.284071,3.81334,0.563575,-0.409189,,-1.390587,
0.888298,,0.272347,-1.923105,0.129244,-0.380917,0.635224,0.557234,0.347956,-0.316592
-1.133627,-0.943486,0.656134,-0.043112,-0.004863,-0.060051,0.475767,0.907711,-0.116064,-0.116811
0.452258,0.873428,-0.394699,-0.567838,, N/A ,-0.724384,-2.018181,-0.048902,-0.621929
-0.23221,-1.708851,-0.791908,-0.540797,0.236997,0.133902,-1.109605,1.069603,-1.050063,2.265962
-0.087573,-0.70727,0.415716,0.127562,-0.357893,-1.158432,-0.613358,0.427253,1.106397,1.611331
-0.117923,-0.658125,-0.098459,-0.375564,0.732714,-1.028908,1.385351,-1.10758,-0.096518,-0.158226
0.601319,,-0.319003,0.727998,1.387156,-0.31264,0.106634,0.478035,-0.187103,
-0.959462,-0.742487,-0.173701,-1.04413,0.211557,-1.227989,-0.723767,-1.819722,0.045442,0.77242
-0.600179,,-0.562176,0.490963,-1.788905, N/A ,-1.313125,-1.614022,1.431295,0.668084
0.234142,0.101037,0.093115,-1.284643,-0.577593,-1.330369,0.163688,0.129411,-0.313856,-1.860324
-0.023882,-1.743327,,0.55617,-1.748452,-0.54957,0.644114,1.392014,-0.865824,0.550884
0.150642,1.162691,0.553079,0.771021,-0.692906,0.908302,1.534548,0.201461,0.779378,-1.106059
1.951701,0.172529,-0.190776,1.437888,1.68216,-0.836079,-1.54362,-1.343714,0.68859,-1.73827
-1.110227,1.449505,-1.012378,-0.589037,0.575094,-0.743745,-0.294605,-2.210156,0.486456,1.412861
-0.932402,,0.172026,-0.582404,-2.266904,-0.470333,-0.391413,0.709219,-1.462403,-1.262065
0.286124,0.802029,-0.577747,-0.198655,0.172875,0.104527,0.578787,-1.078151,-0.293588,2.536933
-2.197714,-0.842331,-0.92883,2.030754,0.535747,0.745149,0.123126,0.566656,-2.08587,1.32265
-0.721724,-1.086171,-0.544405,0.735971,0.220093,-0.080546,0.058258,-0.592945,0.338997,-0.623687
,-0.825074,-1.171317,0.507072,0.849762,2.117189,0.96046,-0.313848,-0.104747,0.738166
0.49536,-0.111797,0.070909,-2.354349,-0.772197,0.810263,0.897773,,,0.908242
-0.143881,-0.892334,1.534766,0.26902,-0.67444,-0.459913,-0.174465,0.225273,0.279492,0.364924
-0.615874,-0.700314,1.845747,-1.973264,-1.028681,-0.972511,0.004661,0.429787,-1.072468,1.346243
-0.783476,-1.047983,-1.307217,-0.607333,1.248476,-0.112189,0.500305,-0.231032,0.351564,-0.334804
-0.23652,0.776655,-2.234066,0.694772,-0.615371,-1.132259,0.468623,-0.273463,-0.090761,1.507696
0.416149,-0.964248,0.461519,1.584802,-0.088244,0.744517,-0.890194,,-1.336234,-0.316865
-0.244966,-0.846227,0.706466,-0.902513,0.108138,1.374092,1.110858,-0.619112,0.407457,2.111725
1.05957,-0.153726,-0.650925,0.64051,0.07748,-1.505928,-0.794541,-0.775862,-1.097552,-1.944334
0.750488,-0.094736,0.906804,-0.427052,0.469136,1.48173,-0.818511,0.290854,0.307907,0.49698
0.454928,0.035014,-1.200941,-1.427169,-2.814264,0.144273,0.27381,-0.328936,0.006457,1.271872
2.644491,0.465552,-0.519268,-1.973254,0.043024,-0.779238,1.026819,-1.183057,-0.613269,0.55715
-0.327947,-0.310421,0.95695,1.736804,0.790814,-0.90086,-0.053756,0.241462,-1.475316,0.455544
-0.530179,-2.399447,-1.16156,0.367235,-0.59097,-1.966358,1.030738,-0.714682,0.483072,-2.082193
-0.662863,0.992297,1.063257,1.666403,1.593499,0.709121,0.343257,-0.563311,0.204574,0.692738
-0.603348,1.010757,-1.739128,-2.655654,0.023264,-0.815402,0.349342,-0.359294,-0.784596,-0.295194
-1.693772,-1.434033,-0.327324,-0.340629,-1.37644,0.553675,0.885744,1.444675,2.142234,-1.300311
-2.952189,0.398648,,0.26477,-0.148636,-0.141875,1.018697,0.40093,0.794687,-0.210271
1.942317,0.889686,-0.438609,-1.20286,-1.035067,-0.194254,-1.067311,-0.563433,1.944848,0.230243
0.31455,1.829525,-1.570729,0.1277,0.459407,-2.222794,-0.923345,-0.19207,1.085221,-0.81358
-0.612242,-0.296716,3.304584,-0.838838,-1.365278,0.576956,-1.524841,-0.666797,1.83082,0.4461
-0.020521,0.822222,0.400286,1.661281,0.333482,2.173001,0.975846,0.057174,0.17942,2.14708
0.363346,0.181848,0.289479,2.635518,0.274855,0.385972,-0.554408,,-0.892663,-1.736985
,0.41125,-1.28189,-0.944729,-0.352325,-1.282577,-0.258546,0.009806,-0.642559,-0.805766
-0.676095,-0.268587,0.984797,-2.505027,0.35975,1.664527,-1.477951,-1.993731,0.943522,
2.770869,1.599122,1.061146,-1.01697,2.536763,0.033478,1.880788,0.473952,-1.027628,0.131107
-0.164495,-2.688827,0.747538,,-0.621243,-0.972683,-1.027751,1.227696,-1.428736,-0.885974
0.7987,0.243578,1.175243,0.31573,0.46037,-0.59651,-0.45422,1.262894,-0.740246,0.096522
-0.940689,-1.38242,-1.444253,0.623184,1.060971,-0.129876,-0.158629,,-0.63502,0.679283
0.608603,-0.226355,0.616678,-0.207909,2.025769,0.415306,-1.028829,0.755644,-0.354852,-0.398882
-0.652431,0.218277,-0.50489,-1.594502,-0.953051,-1.323118,-0.708496,-1.729978,-1.015097,-0.023709
0.281239,0.260687,-1.520398,-0.753575,0.853862,0.552098,-0.245399,0.765378,-0.848475,-0.392827
-0.388732,-1.550605,1.550989,-0.860686,-0.543967,0.056064,-0.99827,0.960827,0.311591,-1.455488
-1.040873,-0.931882,-0.241682,-0.206494,-1.392806,0.575236,-0.107143,0.25573,-0.084389,-0.468585
-0.142265,-0.997684,0.078644,-0.515408,1.422408, N/A ,1.981996,0.23077,-0.010148,0.680573
-0.212228,0.391802,-0.172881,-0.434989,,0.434707,0.000521,-0.274399,-0.80733,-0.155458
2.181728,-0.659002,-1.162186,0.133205,, N/A ,0.989319,1.174947,0.902065,1.02686
-1.738515,,0.822509,-0.692326,-0.169621,2.364752,0.549433,0.513942,,1.190158
-2.194271,0.142663,0.126889,1.392155,1.095193,0.845711,0.706888,,0.883498,1.153194
1.194095,0.55764,-0.680239,-0.582094,0.532497,-1.493446,-0.196751,-0.044048,0.059494,
0.799069,0.478407,-1.043223,1.337786,1.623171,-0.580401,-1.857899,1.849373,1.139716,1.343953
-0.583745,0.977213,0.667682,-0.29457,-0.518881,-0.03955,1.014807,-0.195628,-0.898613,-0.718836
-0.583074,-1.870649,0.331921,-0.131849,-0.032793,1.778106,0.549833,0.14138,0.408073,1.451482
0.524062,0.339702,0.416751,0.061853,-0.706563,-0.665636,0.121563,-0.384075,0.271569,-1.842406
-0.73131,-1.154716,2.654373,0.873071,-1.148232,0.864724,-0.479364,-1.167927,1.257608,1.9364
1.014752,-1.621024,1.087223,-0.838308,-0.326627,0.644453,-1.022316,-0.497546,-0.437359,0.406229
-1.996133,0.178082,0.350966,-0.681992,0.705198,-0.341919,-0.022838,-0.625905,-0.501981,-1.28929
-1.519899,-0.006702,-1.018101,0.547198,2.252331, N/A ,-1.407642,-0.975748,0.514167,-0.744618
0.174599,-0.340046,-0.751164,2.151443,-0.934057,-0.546975,0.336889,0.439116,-1.325321,0.3502
0.63138,-0.980192,1.091642,0.022669,0.801778,-0.029474,0.85842,0.679321,,-1.914699
-2.326296,1.256718,0.921639,-2.696806,1.024896,-0.639423,0.971225,1.432173,-2.569737,-1.219593
-2.294084,-0.395496,-0.844258,0.204783,-0.541954,-0.186178,0.694547,0.22464,2.997089,-0.086268
0.482432,0.170791,-0.336146,1.75225,-0.732387,-0.655542,1.018526,0.992475,0.450943,-0.553806
-0.807692,-1.270787,-0.070897,,-0.259541,0.174942,0.764896,0.389834,0.950615,-0.896687
0.983077,-0.167617,-0.871356,-0.057586,-1.192612,-0.908455,-0.79469,0.523392,1.407102,0.314047
0.478496,-1.27896,0.207828,,-0.254934,-0.441204,1.07007,0.329685,-0.423147,1.539756
-0.725777,2.145048,0.677685,0.921974,-0.05562,2.878929,0.522359,-1.159179,1.711924,-0.238179
1.004827,,1.198272,0.652337,0.355308,-0.026775,-0.114713,-0.879806,-0.07523,0.41816
1.052755,1.005202,-1.128699,-0.34654,1.356274,0.271615,0.061779,0.485286,,0.103113
-1.148833,-0.431147,,-0.096915,-0.999594, N/A ,0.841706,-0.084835,1.79289,-0.258038
0.978753,-0.105429,-1.035592,0.338972,0.869656,-1.046821,0.354942,0.804348,-0.725301,-1.336943
0.845814,-1.235355,1.829563,-0.677996,-1.367416,0.413025,-0.337275,0.80043,1.070564,0.507193
0.447356,-0.138497,-1.318721,0.462254,0.243386,0.876341,0.695371,0.829317,-0.488339,0.675818
-1.568419,-0.832002,1.175759,-1.161261,-0.612264,-2.295334,-0.806211,-0.907462,-1.276336,-1.091573
1.40621,-0.896222,0.149216,-0.236118,-1.485173,-0.173879,0.091876,-2.052985,1.473098,-2.036873
-0.876065,-0.945962,-0.82924,-0.522306,-2.177347,0.420577,-0.919059,1.694024,,1.070989
-1.862975,0.686816,-1.338282,0.423652,2.050251,1.123652,-0.278887,-1.097964,-0.236238,-1.063419
0.296536,-0.127888,,2.114835,-0.486221,0.118086,0.133261,1.246168,-1.032283,-1.097679
1.040995,2.041796,-1.900265,1.805735,0.343195,-1.210975,0.164558,0.448847,1.721712,0.812463
-0.79281,1.301872,1.027618,2.44102,2.377186,-1.439946,0.407061,-0.256564,,1.141354
0.129172,-1.585597,-0.044538,-0.742563,0.328633,1.72968,-1.807877,0.751565,-1.821665,0.887829
0.188229,0.072873,1.250988,-3.127966,0.549318, N/A ,-2.252426,-0.840788,0.366465,0.191906
,-2.087673,,-0.32586,1.082756,0.653948,-1.095967,0.20155,1.649841,-0.846128
-0.225403,0.302926,-0.299345,-0.526247,0.614552,-1.552623,0.461258,0.167603,-1.042063,-0.486839
-1.270651,0.553005,,-1.340088,0.752931,1.10997,-0.292026,0.345558,,0.298802
-0.869776,0.279765,1.15198,1.144314,1.665088,2.07379,-2.190596,1.014673,-0.722847,-0.425508
1.515814,-1.216493,0.895792,-0.485358,0.348971,1.786109,-0.68103,,-0.856593,-0.888023
0.787911,,-0.827591,-0.192811,-0.417431,0.491232,-1.431975,-0.748863,-1.992889,0.325227
0.030047,2.135475,-1.88167,-1.187668,-0.171474,0.25745,0.018531,0.183601,1.587953,-2.056417
1.002854,0.734505,0.145196,-1.505093,2.594634,-0.399669,-2.165522,-0.394883,-0.04819,-0.189339
,-1.686499,0.925717,-0.163052,-0.244484,0.088597,-0.11662,-0.229274,-0.058065,0.414547
-0.821675,-1.076472,0.247304,2.089805,-0.825422,0.227049,1.154316,-1.467207,0.400662,0.769005
0.938781,-0.945191,,-0.025339,-1.748363,0.043665,-0.454451,0.900058,0.479568,2.594088
1.459589,0.244371,0.177987,1.803928,1.068282, N/A ,-0.269328,-0.684359,-0.058579,0.312914
-0.223754,,0.668399,-2.555339,0.958908,-1.157848,0.833621,1.216284,0.309933,0.434446
0.43064,0.485672,0.700715,1.337723,-0.011738,0.870849,1.236535,0.035605,-1.235917,1.06306
0.141024,-1.012606,0.660777,0.384094,0.310151,-1.741208,0.465202,-0.84004,0.307242,-0.490812
0.825674,0.361078,-0.427915,0.69755,1.721217,-0.133091,-0.854238,-0.958127,2.191496,0.976251
-0.70118,-0.716874,1.532331,-0.850285,-1.760476,0.339777,-0.746164,-0.458453,0.864591,1.135504
-1.178668,-0.3881,,-0.241455,0.718243,1.439719,0.389338,-1.481723,0.134881,-0.59846
0.339685,0.291765,1.846883,-2.391175,0.59858,0.067744,,-0.592081,-1.067902,
0.751145,-0.397717,,-0.530208,-0.271849,-1.240736,-0.350293,1.59382,-0.603171,-0.526193
1.687941,-0.927006,0.194804,0.144122,-0.682351,0.362619,0.498577,1.600618,-0.585044,0.24712
0.956457,-0.123362,-0.881474,-0.982027,-0.178015, N/A ,2.021912,0.172238,,-0.793383
1.565041,0.1978,0.379135,-1.580088,,1.401819,-0.223358,-1.04317,-0.523176,-0.57409
-0.656765,1.391417,-0.963269,-0.779854,-0.654677,1.24904,-2.110178,0.980741,-0.868666,0.819742
-0.526217,-0.08916,0.877031,-1.186841,1.499232,1.616102,-0.761051,0.321091,-0.34243,0.050657
-0.305671,-2.071268,-1.105641,-2.134389,-0.970804,1.446563,0.127188,2.752492,-2.584681,-0.066692
-1.649643,-1.016961,0.104581,,-0.948229,-1.663079,-0.376382,-1.271279,0.598072,-0.513334
1.845296,-0.487517,0.770504,2.028557,1.083774,-0.980802,2.521716,-0.24039,-0.636157,1.104354
-1.774988,0.961776,-0.936244,0.693535,1.090425,-0.407678,0.237835,0.580961,,-0.870699
0.102576,,-1.0869,1.152597,1.059163,0.055428,-2.50434,-1.761194,0.447088,-1.722153
1.254176,-0.099982,-0.745214,0.176993,,-0.783999,2.232681,-0.727178,1.546837,1.612632
1.894982,-0.826349,-0.201222,-0.851358,0.816277,0.994437,1.338548,0.797257,-0.373823,2.107792
1.111721,1.165225,0.79351,0.452812,1.164506,1.871418,-0.557319,-1.689293,1.340671,0.533665
0.787027,-0.022476,1.308325,-0.231823,-0.06613,-0.995025,-1.684564,,,-0.434482
-0.918146,1.727146,-0.406577,-1.019677,1.394178,0.673718,0.526149,-1.920583,-0.845085,-0.514612
0.492784,-2.108255,-0.991196,-1.578096,1.721173,1.335209,1.010433,0.597728,1.328411,-0.974373
0.114283,,0.25002,0.526375,1.857675,-0.073507,0.436885,,-1.062605,0.221291
-0.935575,0.776435,0.314201,0.279512,0.96283,1.418971,0.445384,0.792436,0.25087,1.671049
0.743594,0.532795,0.38972,-1.633887,1.267649,1.148798,-1.13634,-0.572593,3.032773,-0.35756
1.312499,-1.516775,0.406707,-1.172503,-0.912926,-1.847482,-0.526596,0.338542,1.0268,-0.242362
-1.221263,-1.075943,0.730038,0.468708,-1.125224,-1.044375,0.423089,0.501666,0.579248,-0.672116
1.092805,-0.680139,-0.013505,0.704214,-0.490774,0.582931,-0.898634,-0.436412,-0.52184,0.627588
0.348552,-0.033933,-0.412625,2.120036,0.515531,0.335909,-0.045124,-1.174431,,-1.028728
-0.077846,,0.532083,-1.336569,-1.244371,-1.275306,1.539104,-0.781916,-1.390979,1.036486
-0.066059,1.521633,-0.13058,1.083234,-1.024421,0.622066,-2.953357,-0.637187,-0.59703,-0.37855
-0.412214,,0.318088,-0.484574,1.402874,-0.244303,0.024154,0.531542,0.851186,1.053159
1.542404,0.679761,-1.720269,-0.269122,0.067376,0.378165,1.001465,1.263615,0.834879,0.982875
0.256146,-0.686029,-0.769018,-0.015861,0.212646,-0.385819,0.03135,-0.082806,,1.610682
1.629745,1.008785,1.549969,0.446499,1.346356,0.952929,-2.095181,,0.810617,-0.812091
-1.04158,0.945369,-0.272565,-0.98083,-1.562052,0.739861,0.816838,0.452133,0.248192,1.279915
1.169314,1.027573,-0.136202,-0.008609,0.006228,-0.290388,0.565305,-0.148987,1.168661,-0.286571
0.252108,,1.811481,0.194165,-1.207903,1.825719,-0.730954,-1.915883,1.022548,-1.420031
0.871859,0.480163,0.399961,-1.93391,0.818058,-0.637788,-0.508811,-0.280762,0.79521,0.814602
0.548561,1.768946,0.578916,-0.625946,-1.896605,-0.940148,-0.800364,0.169814,0.120199,-0.640963
0.607998,-0.219916,1.760637,-1.56098,0.848594,-0.562705,-0.207502,0.666806,0.545782,-0.379748
0.480484,-0.751683,-0.936235,0.099995,0.494298,-0.751824,,0.254333,-0.8208,-2.159017
1.126585,1.487203,-1.014208,-1.260073,-1.36905,0.608149,-0.741914,-1.423796,0.544045,0.79833
-1.772196,1.058634,-2.318259,0.278872,1.57361,-1.587201,0.442326,-0.483758,1.424594,1.340416
,-1.519565,0.030148,0.263487,1.689878,0.919922,-0.693874,2.038663,-1.375883,-0.129679
0.809141,0.544359,0.761779,0.887128,-1.227351,0.724802,-1.248936,-0.042562,,-0.010517
-0.509035,-0.443452,0.424986,-3.753148,1.115954,-0.257242,0.031821,-0.268044,-1.280192,-1.53659
-0.832809,-0.188037,-0.004125,-0.256543,2.044534,0.912558,0.62758,1.66342,-1.291956,0.537211
-0.1564,1.787132,0.265848,0.647313,-0.537923,0.721208,-1.255885,-0.16221,-0.467074,0.164036
0.590179,1.367265,1.56763,-0.648025,0.732218,0.297207,-1.00226,0.424888,0.149064,0.825085
-1.060322,,1.090352,-0.904673,1.635094,-1.756238,-1.155081,0.250884,-0.322379,0.091832
-0.343083,0.942418,2.070407,-0.749552,0.424758,-1.514573,-0.466736,0.733943,,1.718179
2.21155,-0.618895,0.838138,-0.076021,-0.472402,0.105417,-1.72895,0.542757,-1.752906,-0.735219
0.066461,-0.387079,0.410042,-0.483967,0.814681,-0.113646,1.544728,0.371247,-0.811191,2.244156
0.467429,1.24349,1.126777,-0.698355,-0.280222,0.404679,-0.039848,0.607428,0.506716,-0.644063
-0.349072,-0.790895,-0.828692,-0.366444,-0.568688, N/A ,1.253345,-0.437105,-1.176445,-0.464751
-0.294845,-0.505783,-0.318013,1.441789,-0.141902, N/A ,-0.287313,-0.928844,-1.373139,0.386014
-2.181867,-0.817175,-0.265454,-0.180963,, N/A ,-0.242769,-0.309656,-0.72107,1.46724
-1.858028,-0.182458,-0.233539,-1.298296,-0.472049,0.207678,-0.900323,2.103763,0.187172,
-0.518889,-0.199258,2.632329,0.221009,-1.565872,-0.114676,-0.849356,-1.474907,0.009637,0.659212
-0.135674,0.146622,0.317098,-0.834282,-0.057592,2.109196,-0.427833,0.625595,0.564884,0.147558
-0.648109,-0.903429,0.211738,1.330744,1.004338,-1.33158,-0.673863,0.615094,-0.866694,-1.078065
-1.420409,-1.156928,1.12156,-1.760584,0.256524,0.068983,-0.410757,0.179761,0.491607,0.408168
-1.29986,1.047542,1.235958,0.253047,1.129933, N/A ,-0.812832,-0.891946,-1.086952,1.366398
1.517163,0.088563,-0.738858,0.411068,0.466162,-0.657595,1.485396,1.073384,0.049907,-0.203169
-0.753357,-0.118587,-0.583296,-0.811379,-0.699228,0.275742,0.075557,0.39627,0.399458,0.446017
-0.303912,-0.066065,0.041159,0.535386,-0.447468,1.962663,-2.044687,1.883649,-1.030216,-0.606827
0.22663,1.029699,0.201679,0.914874,1.445233,-0.917166,0.253128,-1.067041,0.028998,0.133314
0.784737,,-0.285949,-0.699787,-0.526505,0.743143,0.193258,-0.99933,1.97279,1.746484
-1.704625,,,0.939845,1.353067,-0.352871,-0.087791,-0.492464,0.456888,-1.045704
0.987326,-0.369431,1.544272,0.985288,-0.502888, N/A ,0.861915,1.541007,0.856705,-0.298627
1.466269,-0.333573,0.146805,-0.377788,,0.807955,-0.95095,-0.090504,-0.342423,0.386285
-0.322895,1.499824,0.068473,-0.832366,-0.344504,-0.972587,0.205006,1.780755,0.606411,0.486307
0.894692,-0.990129,1.057292,-1.153746,0.928458,0.38493,-0.988256,-0.418374,-0.981057,-0.56832
-0.501941,0.627524,-1.210667,-1.850253,-1.31138,-0.059455,-0.207514,-0.046467,0.160636,-0.412775
0.078913,0.289639,0.128103,0.419965,2.267316,1.230014,0.336692,1.5067,0.659933,1.014367
1.320739,-0.426642,0.163745,-0.207009,0.960929,-1.863427,1.060585,-2.647699,1.3583,0.12784
1.194095,0.55764,-0.680239,-0.582094,0.532497,-1.493446,-0.196751,-0.044048,0.059494,
-0.847389,0.379938,-0.208014,-1.576599,-0.49378,-0.503755,-0.55068,-0.715299,0.710143,-0.335851
-2.427929,-1.73282,-0.106659,-0.636518,0.372743,-1.315266,-0.029111,-1.036147,-1.616754,-0.921942
-0.453067,0.616076,0.200143,-1.228817,,-1.413549,-0.45511,-1.756856,-0.132455,-0.619752
1.560334,-0.438443,1.164237,0.663756,-1.030914,-0.796574,-1.079151,-1.622754,1.051017,1.600686
0.631131,-0.769707,-0.97549,0.302026,-0.888208,-1.088166,-0.243186,0.111519,0.644523,0.348487
0.285741,1.488522,-1.045445,-3.331212,1.486234,1.130155,-0.329239,-0.986516,0.943815,0.36956
1.275447,2.237307,-0.829937,0.40624,0.919661,0.628173,2.760853,-1.461682,2.071125,1.362779
-0.549891,0.687976,-1.400552,-1.30896,-1.009952,0.588595,0.698391,0.648734,0.534577,-1.738162
1.306945,0.317615,0.49494,0.36892,-0.632848, N/A ,1.188273,-1.59504,-1.003019,1.228222
-0.360293,0.813039,0.445649,-1.133424,1.285961,1.280955,-0.753043,-0.747538,0.481342,0.955213
-0.487755,-0.060342,0.151261,0.929089,,-0.926909,-1.162747,1.648356,-0.550499,-0.279773
0.820397,-1.764206,0.711621,-1.410762,0.495303,-0.128177,-0.849699,-1.351981,-0.69751,-1.547064
0.728134,-1.565054,-0.562307,,-1.963349,-0.300921,-0.614463,0.210744,0.770331,-0.74204
-1.716656,2.67702,-1.435928,0.843885,1.526852,0.266951,0.546877,-0.241129,-0.532115,0.440363
-1.632707,1.419661,0.802271,1.239031,0.475016,1.398289,-2.032983,1.018566,1.174819,-0.574317
0.42708,0.663142,-0.479545,0.018222,-0.933469,-0.094885,2.31156,-0.281519,-1.323097,0.959526
-0.036068,,0.04503,0.702818,-0.698094,0.244289,-0.268901,1.120877,0.3153,-1.885795
0.554719,-2.054409,-2.688024,-2.071457,1.198134,1.773777,0.742388,0.975678,0.729952,-0.465422
-0.059444,0.564611,1.12798,-1.073408,0.715743,-0.078925,-0.164983,0.018339,0.91617,-0.435125
-1.351445,1.235858,0.880006,0.383267,0.541791,1.264969,0.028375,-0.666564,0.013553,0.70442
-0.702661,0.59578,-1.029178,-1.104174,0.056748,-0.77237,1.580156,-0.715811,,-0.331949
-0.002454,-0.860326,-0.083617,-0.531045,-1.139875, N/A ,1.124057,1.396445,0.717223,0.093897
-0.068824,0.190763,,2.069036,0.061843,-0.874906,0.528099,-0.713203,0.25326,2.300476
0.606364,-0.888056,-0.841243,0.306518,1.762049,-0.630979,-0.661835,1.688722,-0.620164,-0.981547
1.380105,0.119782,-0.466609,-1.510008,0.090464,0.017888,-0.690874,-0.056721,-0.608517,-1.522595
-0.135987,-1.034154,1.51414,0.188202,-0.617361,0.472836,-1.317992,0.001769,-0.16622,0.813454
-0.540948,0.148939,-0.442519,-1.280659,1.727906,1.064939,-1.860424,-0.709339,1.437,0.899622
-0.194244,-1.495244,0.270412,-1.440629,-0.417952,0.248563,-0.747533,-0.66498,-0.28741,0.006719
-0.510019,-2.295293,0.534749,0.49493,1.325804,1.546597,-0.61376,0.330038,0.165759,-2.403293
0.123459,0.801769,0.352519,0.442023,-0.350853,-0.229192,-0.447623,0.500834,-2.389243,-0.423135
0.711423,0.694907,-0.410498,0.501878,2.78086,-0.650465,0.22973,-0.509343,,-0.562695
-2.280077,0.758493,0.241478,1.727707,, N/A ,1.933063,0.82375,0.389463,0.958887
-0.071293,1.911158,0.273055,0.213691,-0.241701,-1.386506,-0.38132,2.705858,-0.771367,1.229398
0.308714,1.202741,0.424109,0.89218,1.004573,1.859334,-0.017155,0.269852,-0.976634,-0.26274
-0.720949,1.497978,0.328715,-0.243263,-1.003806,0.493284,-1.122621,-0.37723,-0.496192,-0.232011
-2.025038,-0.41514,-2.100047,0.997075,-0.87981,0.380198,0.460476,1.214001,0.195505,0.912577
-1.637963,-1.196155,-0.103538,0.575458,0.324083,-0.605034,0.507853,0.047221,-1.718163,0.029569
-0.090142,0.207703,-0.118357,-1.293363,-0.158878,-0.241058,-0.688533,-0.157963,-0.136868,-0.520954
1.38894,0.400711,,2.310837,-0.751532,-0.370986,0.105331,-0.284487,-0.169691,-0.632311
0.85856,0.10773,0.530668,-0.374692,-0.301649, N/A ,-0.723264,-0.267556,-0.808489,0.814541
2.593765,-0.212496,-0.948404,-0.464749,-0.407564,-1.182965,0.342249,-0.598419,-0.035808,0.572541
-0.472763,-0.427909,1.095524,1.664873,-0.003015,-0.468599,-0.168967,-1.315858,0.368807,0.365462
-0.064068,0.306793,-0.126369,-0.182091,1.013704,1.535873,-0.225745,-1.368998,,0.460999
-0.715296,-0.665805,2.110299,-0.32505,-0.357897,0.919608,1.082767,1.659428,2.466908,0.556092
-0.075677,0.803574,1.566388,-0.313343,-1.082223,-0.99001,-0.749086,1.195684,-1.252582,1.892247
0.324342,-0.515192,-2.187109,0.452558,-1.382132,-0.57106,0.51239,0.223413,-0.71885,-1.218513
0.314173,-0.228258,0.552761,1.514518,,1.319352,-2.279976,-1.959156,0.343678,0.347667
0.143073,1.347871,-0.396231,0.019581,-1.393082, N/A ,-0.888975,-0.069524,-1.595435,1.78277
0.872381,-0.178389,-0.642698,0.144731,0.593551,-0.350208,0.522324,-0.159829,0.408722,-0.056839
-1.616121,-0.451658,1.83564,-0.317358,1.284744,0.025839,-1.777011,-0.303857,-0.911656,0.727166
0.347242,-0.658574,-1.285541,0.380464,1.330338,-1.755298,,-1.318909,0.700151,0.860873
0.668663,1.027756,,-1.66066,0.792789,-0.488169,,0.059547,-0.212818,1.032143
0.082454,-1.149977,0.847939,1.518278,-1.906443,-0.363496,-0.70013,2.034347,0.21441,-0.570341
0.568069,0.627853,0.012394,-0.976684,0.921681,-0.799282,-0.55337,-0.147852,0.714702,0.327989
0.629072,1.471233,-1.08816,-0.639289,-1.168469,0.118418,-1.966933,-0.646431,0.961355,-1.431658
-0.665912,-1.315053,-0.099057,-1.617168,-1.046507,-1.411618,0.231105,-0.776557,-0.100993,-1.603307
1.260521,-1.438209,0.293232,-1.467549,0.488679,-0.451241,-0.706384,1.220914,0.270013,-0.450508
0.30453,1.199179,-0.592754,1.556843,0.716333,0.762825,0.778533,0.783209,1.065222,1.370464
-0.569258,1.309757,-0.404841,1.142316,1.017299,2.240376,0.568634,0.631823,-0.009794,1.028611
0.007301,2.660503,1.361383,0.854019,-0.892431,0.200566,0.244641,0.426311,0.783954,0.383749
-0.555354,-0.424517,0.42715,-0.910252,-0.36836,1.241867,-1.028821,1.110075,0.364531,1.124705
-0.620434,-1.27702,0.927641,-0.585223,1.490099,0.690148,1.866946,-0.428527,-0.984736,0.358545
0.977584,-0.521677,-1.995067,1.335725,-0.915437,1.136016,-0.318712,1.339055,1.470558,0.087632
0.919729,0.633126,0.532559,1.138514,1.981709,1.112445,-0.324856,-1.027649,0.668437,0.33993
0.940896,1.824159,-1.230839,-2.040351,,0.304998,-0.248584,-0.926946,1.078851,0.000995
-0.339586,,0.051311,1.906704,0.40163,-0.718336,0.253112,0.231792,1.558425,0.912541
-1.347144,2.247961,-0.017553,,-0.46333,1.594711,0.934816,-0.256262,0.691189,1.23601
1.500332,0.56686,1.215469,1.193608,0.530527,0.011522,0.804249,-0.754481,0.986843,0.699041
0.840593,-0.705984,2.297058,0.966949,0.070412,0.76265,0.820164,-0.637791,0.506578,-1.458839
-0.165177,0.300101,0.130186,0.732524,0.862701,-0.776764,0.097763,-0.138072,-0.793955,0.705755
-0.339707,-0.766048,0.644887,0.490913,-0.771349,1.090137,-0.122125,-0.505292,1.066213,-0.351045
-0.533953,1.030864,-1.295313,-2.014015,-0.164262,-0.346437,-1.689378,-0.177235,0.262316,-0.170268
-0.401423,1.55139,-0.256498,-0.464208,1.63113,1.53283,,1.823347,,0.831615
1.758383,0.048363,-1.612818,0.69442,1.517312,-1.021956,0.027176,2.064908,-1.928345,0.318301
0.042455,-0.798442,-1.487118,0.142962,0.408708,-1.014184,-0.893317,-1.280927,-0.477805,0.928778
0.490553,0.491748,-0.085379,-0.233733,0.271365,-0.550302,-1.09247,,1.184841,1.253202
-1.781701,0.189286,-0.562987,-3.164741,0.49375,0.201269,0.374695,1.185733,1.098467,-1.825018
0.919725,-0.337692,0.193344,0.591793,-1.009865,-0.525143,-0.239852,1.619827,-1.038007,-0.507471
0.130348,-0.355956,0.860772,0.266483,-0.427242,1.246977,0.083124,1.881464,,-2.245339
-0.484171,-0.157428,-0.370312,-0.611925,0.097234,1.034071,0.327235,1.361763,-1.325863,
0.627302,0.971077,-1.315021,0.348519,0.034578,0.84373,0.554276,-0.237847,0.905963,-0.169932
0.229849,-0.177186,0.505537,-1.089859,-0.201245,0.297849,-1.021625,0.533805,0.408846,-1.334759
-1.059706,-1.514604,0.128004,0.884353,0.62556,1.318761,-0.183547,0.446581,0.204511,-0.458321
1.825298,-1.089801,-0.667987,0.280384,-0.101163,-0.21079,0.390687,-0.169594,1.306175,-1.549908
1.329612,0.411489,,-0.462246,-0.010321, N/A ,-1.498213,0.802107,-0.598884,-0.409603
-0.298622,1.020799,0.907928,0.149448,0.597702,-0.482679,-0.373262,-1.59212,-1.612435,-0.26742
-1.202611,0.880471,0.205535,0.391071,0.048862,-0.498653,,-0.766304,0.782652,1.258587
-0.168014,0.248175,-1.921859,,-1.452492,-0.130374,-0.818359,0.749213,0.810005,0.146597
,-1.754034,,1.192368,,0.704538,0.257496,0.09252,-0.279257,1.164853
-1.298188,1.402879,-1.285418,-0.170787,-0.488697,0.34683,0.792493,-0.410454,-0.298116,1.283225
1.298464,0.109372,0.510537,-0.719128,,0.307323,-1.457006,-2.418922,-0.272586,-0.572722
-1.593622,-0.546097,-0.491481,,,-0.132319,0.119222,-1.36127,-0.711251,-0.270481
-0.026203,-0.701536,0.449984,0.951714,0.137353,1.485843,,-0.864016,-0.948094,0.664872
-0.205966,-1.040398,0.430817,0.848823,2.774776,0.677214,0.648235,0.261842,-0.660951,
-0.852645,0.282827,0.273722,1.083687,0.450039,0.483008,-1.471278,1.416038,-0.225004,-0.945431
-1.405382,0.106724,-0.105245,1.259581,,1.751229,0.257173,-0.433405,-0.854427,2.716015
1.033843,1.307822,-0.103172,-0.956836,-0.578292,-1.810664,-0.070324,1.268392,1.155211,-1.448545
-0.12642,-0.315036,1.118533,0.624977,-0.933201,0.734394,0.67885,0.334837,1.405712,-1.151594
-0.091494,2.372544,,0.951079,-1.215447,0.879587,0.228853,,,0.949393
-0.409721,-1.233788,0.706096,-1.070677,1.208271,-0.456627,1.510897,-0.917915,0.098045,0.291239
1.726241,-0.114766,-0.841649,-0.164025,0.152958, N/A ,,0.759599,-0.519931,2.952489
0.330176,-1.227541,-0.949583,0.811494,-1.347932,-0.354543,1.213393,0.36035,0.4919,0.287163
0.010076,-2.137581,-0.439503,-1.50937,, N/A ,0.305783,0.516972,1.467317,0.504279
0.214698,0.719484,-1.128206,-0.568004,-0.030804,1.060425,-1.879467,-0.929338,-0.460557,0.207185
-0.254904,-0.86346,0.439577,0.165909,-0.219956,1.479155,0.597384,0.021512,-0.992329,-1.062909
-0.503968,0.651989,-1.012853,0.054804,-0.616021,-1.37265,-0.92255,1.335682,-1.40949,1.061787
1.159361,-1.636584,1.497103,0.237185,,-1.109511,-0.650998,-0.901464,,-0.764845
-0.124728,0.31776,-0.936323,0.717213,-0.051486,0.225286,,1.24012,0.067468,-0.468149
0.889053,2.117196,-0.019849,-0.413291,-0.401453,-1.499439,-0.557812,-1.39416,-1.016193,-0.256823
-2.563548,-0.157048,-0.858502,0.401656,-0.504585,0.736393,0.542375,-0.296968,0.716129,-1.58404
1.037421,1.877144,-0.0152,-0.05791,-0.38659,0.487306,0.292986,0.149684,-0.372669,-0.335988
0.103434,0.280714,-0.444941,1.791375,-1.573214,1.720103,-0.079112,1.004924,-1.092152,0.959459
-0.43948,-0.769993,0.83796,-0.511247,0.042832,-1.281488,3.410468,1.115251,0.189818,0.562682
-0.672318,-0.314314,-1.347604,1.380275,-0.778835,-0.136919,0.986864,-1.955161,1.105901,-1.506886
1.285823,-0.937806,-0.837501,-1.137124,-0.421797,-0.36755,0.702009,1.549844,0.539866,0.982163
-0.1137,-1.508431,-0.640221,1.140601,-1.104771,0.313306,0.098886,2.839068,-0.617194,-0.465693
0.108213,-1.922896,0.827906,-1.194898,1.168893,-0.214753,-0.172694,-1.586979,2.184884,0.490792
0.749515,-0.079094,-0.153973,-0.708959,-1.002095,-0.650722,-0.439103,-1.664896,0.658419,-2.057254
-0.00319,-1.152912,-0.246088,-1.882711,,1.235526,-1.711168,-0.021301,1.290937,1.170728
-2.22429,-0.060555,1.079741,2.127429,0.800531,-0.454067,0.002122,0.482573,1.106165,0.723058
0.235671,1.013959,-0.019583,-1.343178,-2.356661,0.076328,0.681972,-0.731339,-1.480549,-0.766476
-1.550169,-0.201231,-0.293842,-0.207383,-1.353755, N/A ,1.551044,0.667892,-0.579186,-2.296042
1.162753,0.192816,0.31998,-0.82848,0.630167,-1.640715,0.024884,2.221392,0.748373,-0.180791
-0.80202,0.335774,-0.116576,0.147191,-1.225288,-1.542556,1.195664,-0.756324,-2.266876,-1.365712
-0.123576,-0.521455,-0.415454,1.498289,0.015066,0.617441,0.785179,-2.225142,-1.177873,-1.178867
,,1.467824,1.444837,-0.701196,0.798709,0.741353,-0.003576,0.043922,-1.26285
-1.208445,1.118556,-0.694209,2.006501,0.667337,-0.671806,1.16792,-0.825163,0.075551,-0.119716
-0.552435,-0.782514,-0.343826,1.121144,1.158275,-0.993266,2.171127,-1.44016,-0.803428,-1.988795
0.83177,-0.097806,0.204268,1.001644,-0.152863,0.383712,2.563481,1.742655,-0.890185,-1.35505
1.196737,-0.091971,0.063703,1.75117,-1.28044,0.526378,0.247972,0.472964,-0.463326,-1.804553
0.963266,0.46526,-1.563506,0.588856,,1.532994,-0.772699,0.552911,-0.348745,-0.237586
-1.856679,,0.363239,-0.066586,-0.269273, N/A ,0.442714,0.429795,0.796417,-1.12611
-0.755072,0.466389,,0.5407,-0.020568,-0.501971,0.005895,1.642827,,-1.385669
0.015753,-1.056081,0.270245,-2.173277,0.113183,1.35329,0.450457,,-0.76586,0.920936
0.885042,,-0.463386,-0.881032,-0.001658, N/A ,0.066738,1.133818,,1.962117
0.962843,1.492372,1.557848,-0.962892,0.389693, N/A ,-1.832073,-0.153295,1.086587,-0.184038
0.203522,0.780594,-0.281905,0.280661,-0.161751,1.225448,1.049931,0.105202,-0.179324,2.163223
-1.930179,0.008008,0.635468,0.035095,0.033268,-0.029406,1.856775,1.274463,,-0.132923
0.042332,-1.045196,0.94667,0.560134,-0.311067,-1.294439,-0.440773,0.707232,-1.125683,0.821992
-0.293548,1.936041,-0.047346,-1.199381,-1.816937,-0.060931,-0.794542,-0.839288,-1.408674,0.288089
0.141521,-0.983918,-0.245516,-0.031473,-0.863218,-1.553269,-0.912955,0.186034,-0.649232,-1.224034
-1.020841,0.406893,-0.226293,,0.585902,1.829956,1.214496,,-2.766422,0.001684
-0.782799,-1.312572,0.127745,0.36938,-0.371345,0.591814,-2.263712,0.269306,0.070825,0.476586
2.282963,-1.73068,0.809224,-0.374829,0.328836,0.780923,0.83796,-0.301178,-1.054804,-0.33748
-0.830632,0.913324,1.60262,,-1.673617,0.016866,-0.023068,-0.401412,-2.29244,-0.754655
-0.379176,-1.819286,1.083436,0.361664,-0.367899,-0.312596,1.205566,,-0.371102,-0.287042
0.38914,0.729966,-0.121877,-0.114013,0.215377,-0.033278,0.406125,1.055587,1.384128,-0.806119
-0.84165,-0.230496,0.123997,-0.559783,0.632306,0.721696,0.32337,0.571394,0.606054,-0.970624
0.040233,-0.961094,0.438744,-0.44289,-0.352706,-0.949514,-1.522403,-0.502894,-0.342297,-0.81952
0.829964,-0.7387,0.061893,0.448755,,-1.379655,-0.237218,-0.114472,-0.414704,0.048738
-0.955266,0.277779,0.25892,-0.357507,0.527293,-0.604606,1.141164,0.80937,0.168263,-0.113084
0.313159,1.400841,,2.041269,-0.66759,0.292682,-0.301396,1.013725,-1.456648,2.082466
-0.632249,-1.122187,,0.496283,0.30854,-0.517116,0.380758,-0.879129,0.606136,0.605566
1.201875,-2.214904,1.220292,0.145137,0.442238,-0.820421,-0.748309,-0.559502,-0.43363,0.274903
1.220185,0.679778,-1.484943,0.620913,0.910516,-1.000783,-2.618517,-0.923365,-0.760263,-0.635018
-0.010323,-0.463423,-0.512846,-1.203194,-2.092927,0.112467,0.464404,0.863109,0.818252,0.301034
0.335258,0.002837,-0.033247,0.34592,,0.498542,0.116625,-0.624011,-1.42723,
-0.079027,,0.787018,0.871478,-1.006595,1.575608,-0.371736,-2.0198,0.748152,-0.106411
-0.177405,1.413678,0.271851,-2.466322,1.095961,-0.860304,-2.007462,-1.072792,-1.172853,-0.613674
-0.01189,-0.522191,-0.151277,-0.583987,-0.065804,0.76949,-0.805813,-0.568288,0.574094,-0.33765
-0.622012,-2.110222,-0.814424,-0.454226,0.375789,0.683912,-1.254458,-0.276675,0.805308,-0.260353
-0.451593,1.285831,-0.612089,-0.838529,-1.182457,-0.105534,-1.822612,-2.211933,-0.99747,-1.524907
0.005995,0.729274,0.418526,-1.176276,-3.05358,0.623034,0.645755,0.675036,2.035886,0.575095
0.15165,-0.378913,-0.495951,-0.416697,-0.054296,1.643682,0.472651,1.993527,2.133476,-0.392117
,-0.796472,0.363741,0.849955,-1.661957, N/A ,-0.22623,-0.356197,0.328146,0.646403
-0.721417,-0.219189,0.858265,-1.022867,0.877759,-0.46428,0.782756,0.174004,0.909379,-0.51914
0.596367,-0.837799,1.502606,3.78497,0.963074, N/A ,-0.00688,-0.411927,0.809761,-0.794192
-0.57771,-1.394944,-0.010808,,1.618032,3.080034,1.280068,0.934423,1.483067,-0.544243
0.090264,1.534574,2.409834,-0.078661,-0.98348,-1.011006,-0.25339,1.197261,-0.624366,0.602994
0.227932,0.871891,-0.382739,-0.342849,,-0.054724,0.48401,-0.465694,-1.222992,-0.321681
-0.443156,-0.287676,0.740909,0.418416,0.069904,2.150031,1.428441,-0.156171,0.94889,0.191119
-1.443275,1.542471,1.289817,1.05424,0.254921,-0.767067,-0.731285,-0.642294,-1.812375,1.4752
-0.707737,,0.065515,-0.947319,0.52031, N/A ,-0.261055,-1.840404,-0.078434,0.525361
-0.717542,-0.079594,0.114129,-1.862508,0.114031,0.103471,0.343995,1.267616,-0.299702,0.556204
,-1.382077,0.050745,0.215998,-1.233774,2.511651,-0.883025,-0.49503,,-0.587336
-0.573649,0.795337,-0.098973,-1.67271,-0.227674,-0.409283,0.346217,-0.573787,-0.600004,0.45506
0.047335,1.309726,-0.170176,0.325383,0.873837,1.023942,0.057534,-0.763673,-0.089908,-1.665015
0.298704,-1.336533,0.322089,0.05862,-0.488377,-0.582668,-1.670656,0.416478,-0.382047,-0.170642
-0.041148,1.30594,-1.00847,0.652335,,-0.059037,-0.239221,-0.008005,-1.240826,-1.075407
0.838213,0.468932,-0.439077,-1.327595,-1.374256,-0.766792,-0.208593,0.865488,1.239342,0.430836
-0.520943,,0.657577,-1.304735,2.744566,-0.479935,-0.462373,0.373514,-0.322146,-1.208018
1.754604,0.590713,0.354197,0.132628,-1.14527,0.793206,-0.000617,0.260316,0.189538,
0.237812,0.866809,0.475113,-0.511276,-1.012047,-0.809869,0.169565,-1.025939,0.413708,0.716042
,-0.131676,0.314614,0.976826,-0.435719,0.745466,-0.572086,1.487659,0.029356,1.272223
-0.44152,,0.655574,-0.688865,-0.338909,1.303512,1.230606,0.672891,1.624294,1.311969
,-1.093844,0.759047,-0.399382,-0.171797,-0.166364,2.041052,0.681975,0.551092,0.93498
-1.093449,0.229375,0.40801,,0.771668,-0.552232,-0.353977,-1.074835,0.096308,-0.189026
0.837449,1.076908,-1.400156,-2.088393,1.135915,-0.241164,-1.402056,0.019727,0.71398,-0.022683
0.3394,-0.040178,-0.66204,0.693294,-0.856286,0.37547,-0.631316,-0.902724,1.048231,0.184759
0.01845,-0.714314,-0.093703,-0.322275,-2.736762,0.116507,-1.306723,0.97339,-1.757349,0.304733
0.067723,-1.612042,0.907773,-2.100177,1.591659,0.412562,-0.008049,-1.055287,0.733536,1.282779
-0.593739,-0.930968,-2.232771,-1.036294,1.590635,0.161569,-0.302026,-1.056994,0.780342,-1.451535
-0.478118,,0.894023,0.9179,-0.616127,-1.257159,1.756746,,-0.180902,0.324831
0.397098,,1.161096,1.192254,-0.423139,-0.317839,-2.253657,0.762279,-3.460281,0.86008
,0.498686,0.773071,-1.07277,-1.120807,1.310413,-1.00645,-0.267044,-0.79999,0.427322
-1.049706,-0.336698,0.787418,1.66619,0.038355,0.968949,0.942977,-0.012638,,0.410192
0.074018,1.014525,0.198356,0.313973,-0.41077,0.478808,0.845397,0.879018,0.901538,2.008469
0.808306,-0.392701,0.376804,0.652494,0.815104,-1.382827,-0.144474,2.18976,-0.229018,0.344038
0.519462,-1.869477,2.009735,-0.514174,-1.191442, N/A ,1.224508,0.18876,1.369453,
-0.168329,0.091718,1.062279,0.419067,0.601885,-0.995142,-0.695193,-0.548953,-1.154275,-0.567
0.840783,0.517496,1.629006,0.583071,0.747569,0.558846,-1.073788,-0.301953,-0.590404,0.355528
0.902375,0.853503,-0.088044,-0.990416,0.605555,1.610782,0.625189,0.108552,-1.345783,-1.157638
-0.077244,0.824648,-0.242008,-0.434063,1.608786,1.088792,-0.468464,0.543903,0.50707,2.163361
-0.472415,,0.163573,-0.500218,0.16346,-0.967496,-0.025971,-2.49462,1.903096,0.654547
1.195823,2.47672,-0.12067,-0.426558,1.619996,0.57524,-1.31084,-0.646645,0.537864,0.215816
-0.976375,-1.613175,-0.089911,0.409452,1.171843,0.982924,-0.229452,0.266847,0.359135,-1.608439
0.213829,1.637513,-0.656104,-0.545097,-1.165606,1.893951,-0.668265,-0.188013,0.169655,0.33584
-0.381459,-2.179946,0.516569,0.180573,0.164457,0.302952,,-0.848405,-0.571566,0.056637
-1.660838,2.286699,0.137186,-0.192443,-0.025843,-0.191504,0.422233,1.370158,0.501996,0.959959
0.206233,-0.74827,0.627295,-0.164642,-0.155006,1.785879,-0.391378,-0.793516,1.094711,-0.605444
1.661657,-1.332776,0.502668,-1.197395,-0.307288,-0.178501,-0.034956,0.363439,0.864363,-1.514331
-1.652056,-2.501726,1.767379,0.224251,1.292871,-0.16426,-0.525191,0.603215,0.840307,-2.486461
-1.200786,-3.240574,,-0.894949,-0.983297,-1.035635,-0.673871,0.574607,0.203789,-0.196747
0.202372,3.001479,0.71496,1.301609,0.156967,-0.28185,-1.699708,0.91129,-0.083711,1.530478
,-0.370916,0.648059,-1.411909,-1.357814,-0.393629,-1.177205,0.461501,0.410453,-0.609928
2.264053,0.891003,,0.607423,-0.218081,1.486881,-1.536526,0.535368,1.757435,1.048285
-0.320538,2.418589,-0.870503,1.193516,-0.670693,-0.993355,1.070676,1.200859,-0.588943,0.356736
1.011231,0.618159,-1.511433,-0.990763,0.212738,1.938904,0.884806,-1.173739,,-0.258145
0.082924,1.023764,0.13143,-0.508692,-0.72501,0.413737,-0.166886,0.996328,1.069356,0.800596
0.922213,-0.086234,0.527319,0.133726,-0.169065,-1.97896,0.762909,0.226763,-0.338482,-1.016649
-0.341396,2.027416,-0.880408,-0.201172,-1.57214,1.833989,-0.28953,0.018546,-0.025145,-0.247563
1.368847,-2.191324,-1.607425,0.223367,0.439883,-0.418338,0.048296,-0.86678,-0.879782,0.879126
1.072923,0.374816,1.273208,0.667974,-2.08571, N/A ,1.219504,-0.063534,1.563821,0.714684
-0.393908,1.076309,0.471193,0.248462,0.299346, N/A ,-2.363081,1.170277,0.301203,-0.047989
0.486572,-1.016554,-0.093209,0.052556,0.089075,-0.846517,-0.120634,-0.724997,0.089694,0.914987
-1.141911,-0.524527,0.972376,0.991963,-1.220368,1.1339,0.630024,0.08013,-0.54615,-0.374806
-0.34558,-0.697059,0.234123,-0.036379,-1.052511,-1.368059,-2.746211,-0.807898,-1.191775,0.398594
-0.235013,0.665835,0.421979,-0.181048,-0.371023,0.080411,-1.401933,0.265374,-1.203568,0.235883
-0.423334,-0.455787,1.928846,-0.355017,-0.62023,0.774858,-0.413347,0.558672,-0.645189,-0.135053
1.14969,-1.079883,0.556688,0.86436,0.014342,0.347962,-2.193458,-0.48854,0.737578,
-0.17128,-0.776279,-1.646057,-0.676756,,0.787035,-0.171306,-0.410461,0.902146,0.674135
-0.490639,2.212814,-1.558615,-1.500898,-0.69873,-1.498082,-1.480841,0.069721,0.959849,0.220014
0.277554,-0.749333,-0.77105,-1.869611,0.450963,0.620076,,0.451203,-0.849581,-1.104409
-1.094532,0.468575,0.321917,1.004175,-0.669731, N/A ,0.243401,0.977518,-0.540818,-0.376815
-0.582484,-0.553533,1.472658,1.395532,,-0.909551,1.47177,-0.058865,1.020959,-0.720529
-0.055371,0.945687,0.475221,-0.505976,-1.537418,-0.503929,0.888388,1.828254,-0.818811,-0.125279
0.425203,-1.685408,-0.351906,1.057456,0.517245, N/A ,-0.867379,-0.677794,-0.127572,-0.001058
0.953852,0.141139,-1.16775,0.892645,-0.63953,0.022277,1.331178,,-0.664262,-4.299754
-0.348552,-0.255089,0.307409,-2.342675,0.825541,-1.732939,-0.134084,0.399036,0.299636,1.541857
-0.358538,0.924618,-0.715675,-0.880886,-0.395161,-0.313649,0.915759,1.556732,-0.203498,-0.272395
0.18143,-2.259122,0.291626,0.207334,-0.346385,-0.416407,0.394464,2.825375,-1.17336,-0.209594
1.543105,-0.372396,,-0.326261,1.455461,0.754978,-0.099391,0.568403,,-1.302695
1.514934,2.14886,0.241066,-1.206257,-0.499044,0.650027,-0.744131,-0.530763,0.045323,0.343888
-0.535109,0.819802,1.349256,0.007147,1.688984,-0.582531,0.685944,0.057178,0.306983,-0.219244
-1.768156,0.43584,0.839061,1.801793,0.336734,-0.859119,-0.536482,0.662275,-0.412867,0.705431
0.278721,1.584054,,1.023967,1.153189,-0.244984,-0.231528,-2.020782,-1.67211,0.521557
0.624673,0.233549,0.027247,-0.138276,0.192596,0.457896,0.864799,-0.185838,0.409193,-0.360656
-0.629573,0.226393,1.068047,1.175334,-1.325878,-0.468461,0.435281,1.103417,-0.854502,-0.078337
2.079449,2.862318,0.532088,-0.55981,0.518698,1.792371,0.43222,1.372173,1.429452,1.172408
1.187815,-2.002139,0.36787,-0.34157,0.807811,-0.403109,1.133374,-0.488998,-0.054889,-0.808068
0.777732,,0.684232,0.299117,-0.011175,-1.075531,-0.134169,-0.951225,0.716745,1.249102
-0.012964,1.414572,-0.563271,-0.775758,-0.399707,-0.589801,,-1.055576,3.19407,0.337309
-0.187473,,-1.278287,1.491852,0.791509,0.81646,-0.552004,-0.097749,0.572795,-0.231245
0.152982,1.89632,-0.094667,2.204346,0.138244,0.404261,0.166787,,-2.191324,1.287955
-0.696047,-0.500974,0.152506,-0.942188,, N/A ,-1.183986,1.455815,-0.358855,1.32729
0.932996,2.031027,1.066361,-1.505545,-0.332298,2.248815,-0.235832,2.070534,,0.462763
1.5154,1.313198,-1.278883,-0.182939,0.296029,0.815807,0.508247,0.381557,-1.011332,0.595287
1.999138,-1.338915,-0.058559,0.863626,-2.125312,0.708674,-0.978219,-0.958338,1.118162,-0.661921
-0.529053,0.079128,-0.488933,-0.044628,-0.654944,-0.844279,0.517223,0.724634,-2.499093,0.954686
-0.537373,-1.221807,-0.043412,0.999445,0.894,0.060532,0.870666,1.509538,0.150884,1.450564
-0.201862,-0.505528,0.964639,-0.211578,0.009671,1.690588,0.109372,0.818885,0.508965,0.521229
1.190964,1.862143,-0.570336,0.78473,0.580289,1.40645,0.357302,-0.372131,0.276874,-0.870355
-0.501433,,1.084134,-0.189564,0.983241,0.28402,0.707605,0.312181,-2.022477,1.723215
0.321666,0.917372,1.280508,0.530556,,-1.422056,1.550397,-1.504648,-0.335562,0.353753
0.596601,-1.801768,1.006458,0.620462,0.214679,-0.148015,-0.58286,-0.728119,,-0.397327
-1.13636,-0.651356,0.309402,-0.553203,0.849591,-0.718539,-1.384208,0.696511,3.274593,0.872918
-0.102417,-1.381383,0.289464,-2.306438,0.80448,-0.205816,1.313497,0.830783,-0.797074,1.046072
-1.836047,-0.955028,-0.598172,1.149501,0.904519,-1.609732,,0.960788,0.697642,-1.416124
-1.17794,0.802034,-1.011427,-0.11387,-1.078051,-0.90993,0.40517,0.938065,1.741585,-0.398942
-1.158526,0.154928,-1.038745,,-0.805051,-1.613161,-1.446548,-0.400064,-0.86564,-1.075231
0.866703,,0.208816,1.051499,-0.305756,0.707675,1.400551,0.405508,1.547082,-0.91246
1.299809,-0.137949,0.482599,0.076138,0.498287,-1.099293,-1.824662,1.78579,-0.845067,-0.144394
-1.746398,-2.03457,1.648952,-2.131721,-0.099696,-0.777566,-0.262773,-1.207478,-0.208327,-0.932414
-0.558708,-0.107656,-0.1048,0.200309,-0.610456,-1.793929,-0.898846,-0.094855,-1.620896,0.382051
0.093913,1.380359,-1.555718,0.262138,-0.655314,0.090516,1.02926,-2.116103,-1.032979,
-0.607304,,-0.188744,-0.881494,0.098832,1.105343,0.640274,1.522552,,-2.043693
1.144417,-0.598277,0.988588,,0.624893,0.580634,-1.332875,-0.167949,0.864072,1.943712
0.133869,1.23705,1.892158,-1.21173,,-1.194617,-0.244424,-0.318548,0.12908,0.282338
0.452565,0.843129,-0.246073,-0.862197,0.310145,0.575764,-1.92512,-0.741401,0.714119,0.711093
-0.612963,-1.180486,-1.06554,-0.037936,-0.117542,1.080953,0.081679,-1.713995,0.183342,1.944418
0.822988,1.798296,-1.841735,-0.923945,-0.546982, N/A ,0.150334,0.341062,2.286908,0.412972
-1.512272,0.602129,0.12724,-0.129671,-1.303479,-0.707313,-0.207611,-0.120141,-1.34005,1.31032
-0.857247,1.786542,-0.23696,-0.533386,-0.530444,-0.001466,-0.84335,-1.155426,0.719335,
-1.99482,-0.374489,0.008303,0.826481,0.569505,-0.306918,1.272922,-0.458641,1.077588,-0.718154
-0.266868,0.566913,-0.018539,-0.844215,0.418738,-0.485352,-3.183014,-0.022769,-0.010871,0.876693
-1.339451,-1.187641,-0.038204,-0.473468,-0.01571, N/A ,-0.930415,1.889823,0.234931,0.684177
0.463092,-0.795445,-1.865599,-1.350907,-0.613723,-0.616221,0.165726,,1.267919,1.214994
-0.059798,-1.933915,0.476847,-1.121406,1.70792,-0.830023,-0.268004,-1.559896,0.964551,
0.398151,0.651601,-1.950073,1.374414,-0.299736,-0.570517,2.082702,-0.293099,-1.116,-1.238228
,0.698242,1.315006,-0.832155,1.412034,-0.466735,-0.094154,1.149763,1.625899,-0.196069
0.650252,0.169494,1.006143,0.35019,-0.694933,-0.707577,0.338487,-0.72226,-0.990956,-1.366181
-0.510117,-1.494593,1.188467,0.15096,-0.297071,1.321174,1.495323,,-0.644114,0.0623
-2.139808,-1.293061,,0.171426,-0.949394,-1.179796,-1.554891,-1.811494,-0.149767,1.216899
-1.82297,-0.585611,,-0.69634,0.854749,0.951422,,-0.273781,0.378646,0.787251
-0.745069,-1.190313,-0.628588,-0.291325,,0.114131,0.151985,0.037774,-0.736086,0.886275
-0.796783,-0.845826,-0.249725,0.669332,-1.160242,1.438018,-1.302646,-0.812086,-0.237483,1.548304
-0.724567,-2.325627,-0.257773,1.015982,-0.072631, N/A ,0.551293,0.951418,0.947406,-0.555591
0.659655,-0.2364,0.249258,6.3e-05,-0.5705,0.759639,0.11298,0.3663,-0.180293,-0.746747
-0.68982,1.247153,-0.184542,0.551942,-0.452277,-1.568972,-0.483982,-0.83834,-0.50888,1.701311
0.054329,2.064385,2.958875,-0.3941,-1.702011,1.301632,-0.215702,-0.477733,0.076034,0.591346
1.031744,-0.439447,0.584638,-0.523613,,0.076743,-1.012397,1.411285,-0.676892,1.751116
-1.631861,-1.284708,0.11953,-0.477957,0.139585,0.007365,0.412396,-0.898631,-0.2458,0.193923
-0.892561,-0.325193,0.414584,0.765764,0.678673,-0.004345,-1.140462,-0.086278,0.695226,-0.274159
-0.308982,-0.032971,1.260018,0.047831,0.026376,1.298157,-0.44494,-0.902718,0.600865,-0.691945
0.890302,1.141297,0.093355,-1.372064,0.302306,0.055946,0.284657,-0.041843,-1.570238,1.038125
-1.203316,0.30018,-1.002757,0.461355,-0.36508,-0.551932,0.112785,0.078358,-1.735559,-2.342265
2.05147,0.205005,-0.695825,-0.225936,1.774684,1.188657,1.170931,0.997087,,1.645933
-0.532208,-0.930566,2.520418,0.224039,0.39022,0.240617,-0.694807,1.306842,-2.27166,-0.377161
2.357654,,-0.483113,-0.424172,1.364149,0.682024,-0.570628,-1.771204,0.246429,0.300914
-0.077343,-1.776152,2.012342,-1.835033,-0.172838,-0.226183,0.210277,-1.227269,0.30994,0.223888
-0.894115,0.784057,0.672211,-1.224237,,0.012386,-0.197018,0.986757,-0.345144,0.024461
0.781005,-0.336034,0.519552,1.152066,0.868553,-1.524229,-0.090973,0.146098,,-0.161398
0.359294,0.783383,0.980972,0.225735,-0.14088,0.302913,-0.550221,0.281312,0.254858,-0.551089
-1.183465,-0.655015,-1.160012,-0.5896,-0.035283,-0.547969,0.180391,-1.480362,1.774763,-3.076484
-0.165875,-0.712744,0.388163,-2.887688,1.458626,-1.260325,1.372086,-0.455258,-0.163415,-0.569613
0.030589,0.502851,0.669574,0.716992,0.731139,0.580575,2.473919,,-1.050911,-0.259497
-0.645361,1.161991,0.90906,0.199909,0.803185, N/A ,0.330165,-1.067356,,-0.625382
2.021053,,,-1.761022,-1.519724,-0.622873,0.033789,0.807877,,0.80997
0.390083,-0.860268,-2.05795,0.713756,0.458185,-0.239302,0.179895,1.665274,2.772987,-0.685342
-1.161593,-0.449436,0.229156,-0.165512,0.638408,-1.343981,2.362439,,0.394496,1.784375
2.591569,0.147482,-0.581953,-0.302943,0.344822,1.900509,1.624308,-0.428574,-0.472281,1.451089
-0.77174,-1.274666,,1.632843,0.702986,-0.54022,0.347228,0.639065,0.601151,-0.660483
-1.1102,1.116827,0.22838,-1.50905,1.167147,0.290473,-1.394525,0.074092,1.605218,0.71692
0.022464,1.73108,0.687368,-0.646321,-0.367419,0.427056,-0.141011,-0.914363,-0.912942,
0.002237,0.051135,-0.524352,0.841541,0.538207,1.442107,-1.538836,1.527656,0.837403,1.38822
-0.259144,-1.054951,0.13076,-0.887154,0.737955,-1.131949,1.506002,-2.075816,-0.425327,1.758005
1.846221,-0.335865,,0.733631,-3.220942,-0.17723,0.260172,1.317721,-1.044788,0.156997
1.394226,0.115603,-1.046612,0.813194,0.410556,0.178929,0.064278,1.994798,0.108183,-0.327728
-1.912464,0.595144,-0.402651,1.998237,-1.324287,1.022312,0.126401,-2.686157,,0.081712
-0.242366,-0.830946,-0.538931,-1.122165,,1.59194,0.234937,-0.662855,-0.439509,-1.690597
0.998495,0.443619,0.283,1.166506,,-1.12237,1.24554,-0.84712,0.497302,-0.22572
0.093751,-0.031768,-0.325065,-0.002509,0.137667,-2.326724,-0.708828,-1.123885,-0.330188,0.614469
-0.102689,0.197598,0.525424,-1.059433,0.27358, N/A ,-0.178629,,-0.547322,-1.047965
-0.147028,-1.611063,0.687989,-1.306713,0.014979,-1.449829,0.247578,-0.102092,-0.690737,-0.183482
1.427541,0.321912,-1.206184,1.28968,-0.22542,-0.188625,1.067504,-0.189571,0.48581,0.9452
0.724506,0.362372,-0.942152,-0.303,0.366863,-1.043779,2.077612,1.452676,,0.0421
0.536078,-1.005493,-0.511814,-1.125688,1.138678,-0.42944,0.11791,-0.499213,1.031061,0.865315
0.002219,0.63828,1.01671,-0.890941,0.597941,-2.418758,-1.29268,-0.155661,1.358996,1.746248
-0.864533,-0.758464,-1.021023,-1.11248,,-0.048801,0.39837,-1.162427,0.300997,-0.559744
-0.582887,-0.174122,-0.232616,-0.343917,-0.608164,1.982509,0.871651,-0.194489,1.013127,0.131108
0.910916,0.437213,1.326298,1.543016,-0.863695,-0.245249,1.262193,0.495171,0.009455,-0.126945
1.025137,0.36446,-0.195131,-0.467039,1.253417,-0.673933,-0.210983,-1.746959,0.991941,-0.138317
-0.30759,-0.24187,1.505837,-0.97556,1.252231,-0.157839,0.010291,1.070337,0.781916,-1.251775
0.78173,-1.307529,-1.289981,0.137635,-1.771107,-0.251855,1.816062,0.638974,-0.789909,0.593716
1.111387,-2.684006,-0.102216,1.013126,-0.310933,0.447553,-0.288948,0.31411,0.069759,-2.068964
0.313808,-0.296562,0.404931,1.25762,-0.361727, N/A ,-1.423119,0.715533,-0.487743,1.193311
0.598563,-0.668304,1.16075,1.249053,0.79425,0.470837,,-0.540099,-0.588079,1.302062
0.952828,1.17899,1.935118,-2.278,0.379245,0.94795,0.366791,1.031478,0.505381,-1.297971
-0.025117,-1.130286,-0.012358,,0.708083, N/A ,1.526524,1.634159,-0.211301,-0.747279
0.513623,2.991759,-0.31257,-0.881179,0.224038,0.146296,1.631395,0.593061,-0.717262,0.69941
-0.28488,-0.18513,-0.924731,0.124996,-0.76258,0.150044,-0.06736,-1.18755,-0.469538,-1.224083
0.984968,-0.667762,0.974376,0.202213,0.403849,-0.720419,1.377274,-0.805849,0.768713,-0.529918
-0.291922,-0.273778,1.147692,,-0.094887,1.042,-0.348571,,2.283728,
0.070581,0.259682,-0.264149,-0.32084,0.32021,0.839547,,-0.806618,1.420509,0.117686
0.063439,1.230143,,-0.102102,0.002596,-1.947648,-0.124236,0.888378,-1.686493,-0.701021
-1.607361,0.752558,1.761263,-0.725,-2.369954,1.631655,0.311836,,-2.453898,0.497397
0.59034,1.164287,-0.663952,-1.273598,-0.627603,-0.059826,-0.961749,1.912188,-0.011488,-0.171439
-0.174424,-0.987265,1.463036,-1.192516,-0.301551,-0.238203,-1.170055,-2.183378,-0.607216,0.535052
1.818652,,-1.668232,-0.211531,-0.401227,-1.41778,0.520299,-1.000363,-0.740949,0.040047
-0.853514,-0.594814,0.286017,1.333661,,-0.405686,2.357351,-0.525352,-0.059976,0.0276
-0.778624,-0.631993,0.098403,-0.752029,-0.943711, N/A ,-1.522389,1.534639,-0.269236,1.357093
-0.791267,-1.11983,,0.920405,1.117401,0.145624,0.788105,-1.161809,1.173154,-0.743401
0.190156,,-1.124979,1.257482,-1.581038,-1.548073,-0.163365,0.285662,0.240149,-0.896402
0.823099,-0.572327,-1.425638,-1.039273,-0.810782,0.561593,-1.075612,-0.141265,0.989115,-0.355405
0.632131,-1.019699,,-1.415204,0.662167, N/A ,0.011964,-1.729523,0.460635,0.077803
0.386956,-0.673959,0.863341,1.218913,-0.845547,1.216485,1.088373,-0.177113,1.287344,1.219831
1.506836,0.275155,0.722898,-0.992026,0.717563,0.916593,1.767137,-2.570869,0.203667,-0.965752
0.439795,0.954167,-0.775819,-0.705481,0.39091,-0.643853,-1.572733,-0.505672,0.596894,-0.867817
1.273752,-0.352725,0.598808,0.791339,1.690587, N/A ,-1.090032,-1.016213,1.513601,0.541135
1.044129,1.049797,0.237999,0.517271,0.085615,0.613674,-0.441331,0.82684,-0.287573,0.956413
0.253691,-0.640072,0.705472,-1.556839,-1.253234,-0.667438,0.02381,2.014836,0.024644,-0.967273
-0.880215,-0.024782,-0.317422,-0.273565,2.10901,-0.461694,1.132015,-0.265226,1.986205,0.830712
1.057992,,-0.561177,0.769579,-1.007433,0.544037,-0.972304,-1.560879,1.114038,-0.787508
0.253065,-1.358039,-1.336829,-0.123277,-0.291811,0.429764,0.060971,0.237682,-1.031826,-1.207402
-1.617787,-0.857647,2.156345,-0.300601,-0.402273,0.829015,1.508466,0.067249,,0.193301
-0.906672,-0.072159,-0.516504,0.327463,1.926252,-1.565644,0.400331,-1.129255,2.890939,0.533793
-0.168199,0.164894,0.243957,0.072072,1.433986,-1.559132,-0.129504,1.864457,-1.122155,-1.005759
1.134613,-1.011562,1.371583,0.072325,0.749864,0.250159,-0.146827,,-0.222194,1.15567
0.420655,0.537859,-0.227266,0.4576,-0.439068,-0.753631,-1.321157,-0.383225,0.979735,-1.029926
0.278002,-0.353813,1.134249,-0.560952,-0.384828,0.050027,-1.003811,-0.421433,-0.767154,-0.155406
-1.121859,1.862319,,-0.697474,0.507205,0.153749,0.126917,-0.801415,0.639628,-0.021129
1.244969,-0.114267,-0.005001,1.772256,-1.10741,-0.561889,-1.066106,-0.435683,0.334076,0.771757
1.243674,0.21268,1.475008,0.264233,0.334416,1.075723,0.292187,0.621314,-0.491761,1.862331
-0.997327,1.374355,1.103974,-0.164836,-0.816588,1.254375,0.646925,0.226485,-1.858656,-0.911412
0.410617,-1.180829,0.291104,-1.138386,1.567074,0.07178,0.687692,0.97905,0.351584,-0.459376
0.116706,0.798637,-0.839366,-0.674063,0.833226,0.414926,1.456112,-0.100949,-0.838369,0.27494
-0.042223,1.099887,-0.357297,1.792026,0.874397,-1.418536,-0.372028,,-0.182628,0.771767
1.9515,-2.660246,-1.005906,1.106278,0.674093,0.840438,1.621555,0.751509,-0.857242,0.253667
-0.372345,0.357008,1.09657,0.599788,0.499478,0.009395,1.292455,-0.140719,0.477847,-0.959181
-0.996711,-1.707343,-0.374409,1.077923,0.718685,1.548689,1.354464,0.113058,1.854256,-0.731275
1.239564,-0.21549,-1.154653,0.143029,0.928082,-0.298508,0.353808,1.005448,-0.812833,-0.772113
1.98093,0.136175,1.537319,-1.442261,0.523927,2.116008,,1.236583,-1.627753,2.769222
0.323351,0.642327,-0.682809,-1.739552,,0.184282,1.619149,-0.42072,-0.154479,1.299921
1.072607,0.562839,-2.648814,-0.251486,-0.684004,-2.204312,0.151126,-0.413734,-0.16325,-0.667613
0.117493,-0.079282,0.239825,-0.859554,-1.137526,-1.002547,-0.169287,1.675687,0.037756,0.018121
-0.505247,-1.451265,-1.248429,0.321794,-0.466229, N/A ,1.933642,,0.395067,0.699252
0.770093,0.661093,,1.549209,-2.869651,0.599028,0.429998,,-0.110546,1.410429
1.068543,-0.052984,-1.082274,-1.279614,1.875702,0.97648,-1.514262,1.049908,1.734559,-0.913018
-0.08153,-0.220063,0.620838,1.013731,,-1.003758,-0.260755,-0.757096,-1.326163,0.770353
0.769169,0.298137,0.067665,0.595138,0.027755,-1.162083,-0.067357,0.02943,-0.990296,-0.665473
-0.137038,1.00348,0.314969,-0.910221,0.364449,-1.773412,0.590742,-1.571878,-0.276034,-0.530482
1.493213,-1.010641,-0.555744,1.929403,0.324718,0.710172,-0.581551,,0.896334,1.472726
0.69993,-0.453135,1.419404,-0.54253,-0.122288, N/A ,-0.793279,-1.042899,-0.559338,-0.092157
-0.316777,-1.485883,0.343104,-1.007739,-0.399575,-0.014195,-0.685738,-0.735122,0.600696,0.319289
-1.595358,0.138208,-0.402316,0.576079,0.65072,1.53334,-1.325072,-0.194181,0.115099,2.03202
0.379354,-1.469374,-1.057291,-2.236332,1.025817,-0.361625,-0.470292,1.020025,,0.511527
0.123546,0.958312,0.586687,0.862365,1.476377,0.392579,-1.307677,0.684905,-0.761959,-0.318596
0.137588,-0.738991,,-0.995718,1.028255,-1.073038,-0.921663,-3.886412,-0.624382,-0.231838
-0.184499,0.368727,0.373735,0.756502,1.613985,0.14229,-0.991662,-1.393746,-1.106404,-1.401073
0.269585,0.066298,,0.013304,-0.645301,0.955019,-0.206986,-1.365612,0.221108,0.828615
-1.47257,-0.623294,0.122196,0.380457,-0.203041,0.665486,2.408163,2.349062,-1.536355,0.20968
-0.323558,0.002035,-1.187692,1.434774,-1.262524,0.863518,-0.139147,0.741591,1.460953,0.705146
-0.315911,-0.055107,,,0.255712,1.780684,1.764887,-1.239578,0.908177,0.921343
-0.209831,1.569146,-0.270072,0.180076,-1.482589,-0.588822,,0.03136,0.458906,0.446184
-0.933757,-0.450613,0.996561,-1.002933,0.752568,0.209787,-1.085311,0.898666,1.165548,-0.110044
,-0.686644,1.942822,1.897691,0.902458,0.351191,1.265508,-0.646833,-2.430712,0.339173
1.231794,0.735139,-0.612287,0.539116,-0.617494,1.918933,0.520575,-1.086596,0.961937,0.561393
-1.574461,-1.060251,-0.798716,0.310061,-1.378906,-1.075585,0.682315,,1.259412,0.898341
-0.081438,-0.624961,0.439979,1.617235,1.039121,-0.627658,-0.674297,0.473488,-1.323821,1.414331
-1.317671,-0.178079,-1.882508,0.782562,1.384647,0.571406,0.78104,-0.779955,0.078949,-1.050295
1.494375,0.923758,-0.518868,-0.648189,1.43371,0.151014,0.148282,0.487727,0.479906,-0.157578
1.497499,-0.066313,0.430308,-0.590132,1.206269, N/A ,0.172374,-0.578821,-0.7236,1.392691
-0.640301,-0.097918,0.72118,0.640406,-0.7203, N/A ,-1.302203,-0.446998,-0.613138,-0.867429
,1.812224,-1.857581,-0.482396,-0.190072,0.201568,0.396279,-0.084783,0.872288,-0.393025
0.207742,0.582516,0.300999,0.681823,-2.848638,0.821269,-0.06584,,0.587724,-0.707898
-0.675142,-0.913098,1.083908,-1.480886,1.603553,0.610678,-0.999646,0.528237,-1.333614,-1.007718
-0.584494,0.774742,,1.221067,-1.355789,0.344522,-1.283286,0.912655,-2.084127,0.606075
1.052088,-0.500892,-0.095934,1.18758,-0.821651,-0.275248,0.680385,1.864915,2.13621,1.521728
1.681776,-0.051411,-0.808449,0.47291,1.397399,0.433289,0.005919,-0.390734,0.48583,0.883089
1.18865,0.116312,-0.591305,-1.317941,0.039553,-0.640553,0.627593,-1.825631,,
-0.727644,0.945103,-0.206773,-0.375182,0.607407,2.295051,-0.531721,1.202362,0.358084,1.622485
-0.868614,-0.131151,-0.046875,-0.550196,,0.873828,-0.22172,0.013062,-1.40655,0.379082
0.560604,1.90632,0.295925,1.35452,,1.407536,-0.363898,-0.325376,1.729089,-1.366126
0.705321,-1.827095,0.613121,0.431609,0.814369,-0.88806,-0.536859,-0.459482,,0.45891
0.060943,-2.140848,0.246698,-0.249625,0.632712,0.35812,0.339707,-0.732997,-0.764697,0.485818
0.456836,0.704342,-0.806301,0.734707,-0.071093,0.867031,-0.658596,-1.47784,0.861574,-0.965951
-1.997758,0.687308,-0.91747,0.729733,-1.268149,0.761162,-0.27124,-0.812895,0.089529,-0.706275
0.361214,-0.324772,-0.282372,-1.501252,0.326846,2.138433,0.354314,2.615025,-0.194647,-1.014486
0.788428,-0.324882,1.000244,-0.068023,-0.540764,1.388649,-0.848552,0.246142,0.055146,0.534763
-0.09137,0.983983,0.42874,0.166053,0.408098,0.784248,0.026303,-0.011053,1.023105,0.536019
-0.960602,-1.160801,-0.323258,-0.13474,-0.473514,-0.467207,0.563045,1.097503,1.895197,1.008178
0.130949,,0.783796,-0.153812,-1.634979,1.393456,-0.216137,-1.655829,-0.264887,0.982827
1.08119,1.536265,2.292041,1.434833,0.0054,-0.636848,-0.012435,0.080178,0.92493,-0.163156
0.281628,-0.146083,,1.266993,,0.065468,0.341358,0.527321,1.510664,1.127036
1.052284,-1.255909,-0.922924,0.026454,-0.166095,-1.810888,-1.142598,,1.115973,-1.091657
-1.496912,0.237084,-0.560269,,-0.768541,0.86864,-1.372814,1.105018,0.984019,-0.028052
0.406766,-0.554303,0.645115,0.055597,-0.111512,0.432778,-0.44134,0.807821,-0.015623,1.744587
1.027763,-0.234183,-0.84596,-1.070991,-0.877607, N/A ,1.429468,2.086119,0.073252,0.384882
-1.28526,0.439215,-0.380158,0.357401,0.280137,0.437385,1.852844,1.806124,-0.230325,2.317527
-0.975356,-1.157469,-0.36358,1.434914,-0.045274,-0.17731,0.033717,2.507739,0.161995,-2.115064
0.836532,-1.124091,-0.65314,-1.502408,0.652338,0.147918,0.752973,0.379425,-0.111071,-0.205793
-0.314153,-1.146482,-0.536682,1.034172,-0.779188,-0.507675,-0.151508,-1.94287,-0.450449,-0.755506
-0.078201,0.379026,-0.679929,-0.863666,-0.229147,1.437514,-0.20117,-1.860188,-2.199685,0.981599
-1.194001,-1.428189,1.416237,-1.138579,0.430268,-0.96444,-1.716985,1.244959,-1.012187,0.209192
-0.100852,-1.266004,-2.197058,,-1.624348,-0.778311,0.318207,-1.386626,-0.364906,-0.839257
0.129214,0.929776,,,0.30564,0.531097,-0.104557,1.373704,0.53611,0.870246
-1.057441,-0.830748,-1.093346,-1.799023,-1.187103,-0.403164,-0.324346,-0.169785,0.822505,
1.186239,-0.437,0.390946,-0.040791,-0.97421,-0.421493,0.995214,0.133622,0.001868,-0.534979
0.959545,1.486191,2.078989,,-0.120746,1.268027,-0.111535,0.597288,0.939152,-1.184044
-0.169371,-1.019454,1.3218,-0.06489,-0.270563,-0.522416,0.350394,-0.662736,-0.193717,0.916599
-0.518451,-1.119287,-0.577464,0.653671,-1.352134,-1.504656,1.860934,-0.562545,-0.545601,1.139923
-0.308044,-0.718139,0.380566,-0.277849,1.299745,-0.017117,-1.897269,-1.401063,0.603551,1.221633
-0.129768,0.919217,0.141264,-0.359358,-1.823933,-0.195317,-0.83971,-1.170531,-0.097401,-0.587462
-0.516847,1.194161,1.621751,-1.174684,2.468276,0.405095,0.579442,0.629039,-0.884643,-0.004646
-0.921868,-0.26402,-1.347644,-0.208779,,0.675493,-0.287922,-0.058648,1.439138,-0.945379
1.020593,1.188597,1.587397,-0.915591,-0.505561,1.513853,1.016187,0.847668,0.340369,1.885535
0.402593,1.144444,-2.19098,-1.453885,0.395403, N/A ,-0.472716,0.717513,1.734712,-0.565682
0.600608,-1.381173,-0.079259,-1.478504,-0.964784,-1.232952,-1.301396,0.256191,0.051877,-0.819669
0.760857,-0.032363,0.190675,0.168685,-1.564407,0.416179,1.222188,,,1.34776
-0.915825,-1.331047,,-0.786637,-1.567783,-0.966495,-0.079303,-0.265316,1.091729,-0.890733
-0.440808,-0.875758,-1.275269,0.467216,-0.251497,-0.253219,1.593432,0.248942,-0.582523,-0.47053
0.675592,-0.300707,0.040409,-0.169432,,1.368591,0.374336,-0.882186,0.802681,0.134985
0.935318,0.110418,0.276548,-0.317845,0.729221,0.952732,-0.402042,-0.988826,0.014088,0.292511
0.510162,-0.758031,1.307195,1.117095,-0.971247,-0.354253,0.980328,0.940753,0.899897,1.08565
-0.32754,0.001567,0.048186,-0.995199,0.465067,0.514475,1.810067,-0.856542,1.508806,-0.448817
0.921472,-1.953807,0.111217,0.144972,1.767241,2.094705,-0.306108,-0.02999,-0.460306,-0.224935
2.747419,-1.245582,-0.724122,1.069571,1.423216,-0.916558,-0.521597,,-1.595814,0.549217
0.356314,-0.129476,-0.078551,0.227735,-0.826103,-2.766481,-0.851181,,-1.798288,-0.545466
0.006383,,-1.130142,0.532447,2.320233,-0.757584,1.156905,-1.294054,0.967738,0.543826
1.367203,0.008807,0.299387,-0.93965,-2.205772,-1.938454,2.273427,0.923675,-1.005639,
-0.545108,0.423987,1.226613,2.048104,-1.271709,-0.984202,0.645629,-1.041112,0.277406,0.048099
-0.956664,0.321594,0.0716,-2.855589,-0.532209,0.946143,0.993166,0.317354,0.782817,0.379143
0.071783,-0.592752,0.558534,0.041792,0.626304,-0.392956,-1.622025,0.101691,-0.027628,0.747671
-0.368387,0.100168,-0.549185,-0.43075,-1.064838,0.811322,-0.539808,0.513117,1.008395,-0.607588
0.02409,-0.460289,-1.377772,0.315303,-1.205128,-0.765171,-0.210203,-1.386051,-1.507546,0.013358
0.68331,-0.640135,-0.629517,0.379646,,1.454674,-0.199466,0.511298,0.960375,-1.027342
-0.03274,-0.848081,-0.372084,-0.519708,0.422093,1.647371,-1.320989,-1.248109,2.164541,0.850757
0.94474,-2.045546,0.519892,0.828361,0.117563, N/A ,0.487074,0.940392,-1.197725,1.593319
-1.792637,2.367535,-0.391443,-1.410134,-0.502769,0.77826,1.178211,-0.877748,-0.220577,0.792923
0.48943,0.245737,1.179692,-1.380912,0.834773,-1.331974,-1.892623,1.002125,-1.045436,0.731492
-0.993021,1.101259,,0.068873,0.67368, N/A ,0.651709,,1.559599,0.951727
0.936241,-1.094637,-0.811559,-0.033047,0.649105,-0.882281,-1.911523,0.504339,-0.785404,-0.655955
-0.535812,-0.844656,-0.945126,0.79583,-0.256495,-2.586362,-0.295163,,-0.804907,-0.166092
-0.519057,0.409006,0.854302,-0.646391,1.276837,0.683368,-0.733261,-1.070661,1.561823,-0.48418
-1.686043,-0.067419,0.27506,-0.727176,,1.273235,0.993243,-0.584719,-0.548782,0.489901
2.233716,1.867951,0.552571,-0.696864,-1.006158,0.134958,0.065286,-1.195948,0.88803,
0.115791,-0.205658,0.178459,2.315507,1.751214,0.429813,0.711649,-0.388261,1.369775,1.229917
-0.413774,,-0.102393,2.421999,0.242268,-0.533647,-0.366742,-1.595675,-1.980349,0.054457
-1.017718,-0.667425,-1.177362,-0.116113,-0.592385,0.569578,1.188064,0.10728,1.864116,1.473669
-1.097448,,-0.032519,-0.708226,-1.488758,0.223982,-0.793069,-0.426354,,-0.996013
0.277525,-0.512616,-0.581458,1.33389,0.493288,0.260199,-0.916158,-0.318978,-0.297317,1.205496
-0.166488,0.829931,-0.23464,-0.410185,-1.823487,-1.953533,-1.689001,0.027793,,1.293833
-0.950579,-0.178673,1.214363,-0.065983,-0.515773,0.12115,0.616271,-1.150932,-0.905408,-1.020018
1.690959,1.114018,-0.467947,0.874101,-0.65458,-1.837038,2.050716,0.408464,-0.008536,0.165808
-0.672733,-1.164206,0.04831,0.826214,-1.037624,-0.551971,1.007177,-0.285641,-0.280348,-0.833584
0.029159,,-0.640591,-0.08521,-0.603587,-0.438101,-0.367644,-0.207908,1.047879,-2.194266
-1.473962,0.746202,0.37126,-0.945929,0.483362,0.433923,0.133219,0.537708,-0.517511,-0.448216
-0.03753,0.322162,-0.375661,-2.317748,-0.240372,1.856874,-1.337111,0.242496,0.342745,1.12733
0.247857,1.330338,0.16494,0.13606,-0.48572,0.105612,0.845347,-1.956525,0.335681,
-1.061317,-0.169432,1.494771,0.67308,0.295779, N/A ,1.197908,-1.284705,-1.068219,0.931694
-0.359913,-0.46162,0.88316,0.714791,-0.545752,-0.198563,0.456319,0.939652,1.25065,0.69307
-0.5807,0.280869,-0.092961,-0.347235,,-1.111022,1.22043,-0.165341,-0.681423,2.549771
-1.121308,0.574031,-0.275036,0.098304,-1.032463,-0.991306,1.306447,,-0.658027,1.176938
1.408119,-0.736879,0.004337,-1.837693,0.118088,1.115899,0.896021,-0.159674,0.043201,-1.563414
0.014159,-0.564659,-0.071959,0.255475,-1.277612,-0.077379,0.048825,0.12485,0.944308,-1.310928
1.067264,-0.755432,-0.158322,0.488863,,-1.734471,0.028745,0.112217,1.718419,1.240691
0.902713,-1.394695,0.414684,0.251891,-0.012101,0.337575,-0.299211,-1.048087,1.028462,0.664038
-1.268837,-1.255614,0.822344,0.629516,-0.880397,-1.698857,0.007907,0.879301,-0.144119,1.944487
-0.671513,0.433402,0.04837,0.534102,1.162889,0.046997,-1.436585,-1.233993,0.451008,0.092545
-0.7848,0.937476,0.929273,-0.416465,1.095289,0.359589,0.070369,0.186598,-1.652172,0.676945
0.036562,1.086553,0.254549,-0.107962,0.053259,0.660272,-1.66233,-0.315281,-0.603636,-1.161393
0.818876,1.430934,-1.227758,-0.364058,0.383196,0.32959,,-0.751581,-0.034696,-0.859692
-0.499763,0.813857,-0.910405,-0.002482,,-1.322971,0.035087,1.999682,-1.462289,
-1.374935,0.858704,-0.588096,-0.187581,1.332115,-0.195928,-0.811686,-0.291571,-0.568618,-0.885148
-0.036777,-0.6781,0.37403,-0.649884,-0.448177,-0.973626,-0.311168,0.046078,-0.610584,-1.524213
0.951273,0.360099,0.708244,0.439726,0.265468,0.705334,0.720287,0.233388,-0.052188,-0.192702
-0.081198,0.35417,-1.236446,-0.953227,-0.959494,-0.238893,-1.293427,0.663156,0.252669,0.297764
-1.012972,-0.930505,-1.392165,-1.63107,,-0.534222,-1.205291,0.198118,-0.975764,0.006047
-0.421102,0.78747,0.724848,0.290546,1.200542,-0.935566,0.840563,0.587414,0.917263,0.886855
-2.527129,-1.229461,-3.279795,0.38543,-0.897654,0.42803,0.340634,-2.139853,0.843706,1.209541
-0.192995,-0.32282,-0.179551,-0.547052,-0.797488,0.394736,-0.219833,1.658636,1.054069,-0.972108
0.068716,,0.116254,1.639659,1.708929,0.601176,0.089128,1.964561,-0.112239,0.9685
0.135945,-1.046127,-0.089705,-2.56495,0.102806,-0.263079,-0.639786,-0.143724,0.289678,-1.109989
1.067534,-0.853271,-2.253588,0.040611,0.925242,1.050098,-1.0687,-0.903693,-1.101928,1.164104
-1.113998,-0.164869,-1.668095,-1.217068,, N/A ,2.355453,-0.367583,0.071529,1.247793
1.402923,1.191045,-0.166339,-0.349951,-1.223054,1.729952,-0.688529,1.003731,1.230059,-1.234162
-1.68,0.531936,1.167245,0.585862,0.474884,0.364146,-0.391335,0.401958,-0.848089,0.178357
-0.679598,1.525297,,-1.156901,2.299655,0.633919,-0.790827,0.663448,-0.410919,-0.803164
0.453304,-0.754165,0.032549,-0.076817,-1.634786,-0.555137,2.400712,0.686095,,1.697288
-0.932954,-0.815702,-0.629118,-1.951166,1.58271,0.210778,0.790083,0.251589,0.016888,0.142275
0.575785,-0.463411,-1.857122,1.461422,0.835455,-0.063445,-0.928892,-0.166866,-0.117032,1.250399
0.366751,-1.156696,-1.725917,-0.275392,-0.623335, N/A ,0.278551,0.539631,1.08324,1.389801
-0.196706,-1.417637,-0.503398,-0.508048,2.92782,0.065039,2.719275,1.111425,0.04732,0.249068
-1.471097,0.457095,0.612822,-0.40663,-0.17141,0.422717,0.844238,0.758123,1.031864,1.202135
-1.386641,-0.097102,-2.240139,0.842896,,-0.279544,0.039079,0.913142,0.469118,-0.287276
1.291837,,2.076978,-0.602495,-0.011396,-0.933062,0.485953,0.191831,-1.17443,-2.448351
0.653293,0.015539,-1.75807,0.81272,0.1582,-0.667919,-0.221459,0.57916,0.902177,-1.846123
2.73669,2.372492,1.186183,-1.249223,0.514583,1.36265,0.296706,-1.100474,-1.260018,0.445654
-0.521608,-0.150613,0.419751,0.52911,0.12437,-0.444125,-0.670585,-0.06991,1.66716,0.648561
-0.202068,-0.74367,-0.037073,0.093375,-1.164659, N/A ,1.586611,-1.190473,1.369035,-0.222586
1.376227,0.186892,-0.142112,-2.05244,0.00315,1.164285,-0.902375,0.014221,-0.986282,0.231137
0.924729,-0.605305,-0.070298,0.903007,-0.114004,0.245298,1.096058,-0.405361,1.586547,0.346034
-0.1882,2.111976,0.131986,0.986494,0.293472,1.363229,0.421642,,0.224667,
1.995802,0.071243,-0.403689,-0.025105,-0.471248, N/A ,-0.26183,0.31742,-0.162359,0.413245
-0.518646,,1.6091,0.130438,1.090307,0.84908,-0.049173,-2.407175,0.46294,-1.013452
,-0.870095,0.953867,0.06991,-0.320786,-1.399091,-0.445224,-0.983879,,0.750693
-0.221093,0.434714,-0.334871,-0.648449,-0.521205,0.228106,-0.084825,0.844018,-1.205965,0.923815
0.603952,-0.710563,0.957036,0.629687,,0.167196,-1.342132,-0.639774,-1.045511,-0.000545
-0.561474,-1.363183,-0.266929,0.032902,1.099806,-0.520346,2.261261,1.049896,-0.507319,0.355505
0.055948,-1.215028,0.488447,,-1.102381,0.35378,0.359058,-0.16465,-0.220113,-2.112194
1.164708,-0.553177,2.769073,0.117733,,-0.726811,-0.348566,-0.228931,0.307587,0.046491
0.910553,-0.275763,1.785778,-0.433013,-0.74547, N/A ,1.051619,-0.529159,2.177193,1.476363
0.280007,-1.0476,-0.316333,-0.108522,1.086409,0.777304,-0.222317,0.584148,0.480356,1.598277
-2.1371,1.18793,0.270569,0.511904,,-0.245436,0.80605,-1.132996,1.12411,0.301676
-0.492264,0.485496,1.164754,0.331833,-0.368131,-1.107475,-0.011497,-0.136436,2.521741,-1.281319
-1.261736,-2.080699,,-1.040505,1.852549,-1.259474,1.452903,-1.434613,-0.80654,
0.418914,-0.252662,0.894372,-0.153345,-1.402513,0.684039,0.146801,-0.35482,0.257846,1.555253
0.458549,-1.105426,1.046729,-1.473552,0.005591, N/A ,-0.19793,0.822879,1.23026,0.391866
0.825844,1.036847,-1.43325,0.315289,-1.172985, N/A ,-1.704681,,0.884881,-0.88864
0.022562,,-1.737743,0.605871,1.085052,0.009353,0.066634,-0.176619,-0.745356,-0.103046
-0.271134,0.767732,-0.935704,-1.456191,-0.642947,-1.758035,1.545871,1.057656,-0.904663,-0.831513
-0.675887,0.182664,1.024363,1.863296,-0.966639,1.028526,0.851552,-0.402262,-0.440787,
-1.812805,-0.629814,0.238923,-0.73936,-0.975297,0.532308,0.775911,1.294899,-0.525832,-0.682934
-0.482197,-0.53895,1.29716,-1.742381,2.030022,-0.003043,1.342084,0.973643,-0.322419,-1.043354
0.027794,-1.028995,-0.147501,-0.791284,-0.206886,0.7389,0.479461,0.068406,-0.345151,-0.582602
0.050482,,0.589399,-0.153122,-0.41443,0.230675,0.332395,-1.475611,1.177735,1.49109
-0.936804,-0.07174,-0.54737,-0.323469,-0.545731,1.24675,-0.863199,0.307895,0.232782,-1.217273
-3.037012,0.453216,-0.22261,0.64641,,0.179737,0.661417,-0.105894,0.640353,0.760482
-1.306107,0.795336,-1.138034,-1.193477,0.688758,0.66734,-0.833199,-1.72211,0.467046,0.57937
1.562536,-0.917299,0.010742,2.366356,1.840553,-1.579119,0.590713,-0.198957,,0.478049
-0.128777,0.542737,0.940213,-0.249283,0.254969,-1.301494,-0.181579,-0.199623,0.082075,-2.068606
-1.745509,-2.24856,0.435413,0.761113,-1.645104, N/A ,-0.132919,-1.28518,0.697259,-1.380924
-0.53431,-1.125442,-0.542241,1.037152,-0.630269,0.549774,0.111672,0.16881,0.151202,
0.040259,-0.628231,0.684445,0.149722,, N/A ,0.269374,1.079389,-1.023404,0.478007
,0.476908,-0.721677,0.42113,-0.910587,1.576254,1.252241,-1.59667,-0.229066,-0.161681
-0.211715,-1.467687,-0.636613,1.045387,-0.174597,0.632904,1.538874,-0.414592,,1.482757
1.123172,1.074388,0.907363,-0.015957,,-1.309075,0.13051,1.69347,-0.099043,0.580307
-0.222423,-2.03338,1.38945,0.15107,-0.668176,-1.902122,-1.076114,-0.287704,-0.128472,0.507647
-0.021258,-0.193534,0.2744,1.278507,-0.595363,0.152526,-1.042847,-0.425487,,-0.70016
0.395628,0.638889,-0.73796,-1.183247,,-1.226131,1.788776,-0.072866,0.222407,-1.313094
-0.177928,-0.628719,1.07027,1.382269,-0.687363,-0.621885,-0.684233,-1.285963,0.255176,-0.223906
0.811913,-0.688923,-0.466314,-0.801446,,-0.94292,0.506144,-1.355398,-0.32158,-1.358851
-0.190974,0.517843,-0.140827,,1.255745,-3.027594,-0.763321,1.461669,,-0.413807
0.177413,-0.997242,-2.043801,0.968574,1.30234,-0.799768,0.232105,1.983171,,0.631997
-0.150205,-0.560478,1.267061,0.447643,0.882882,-2.029159,1.031215,0.679697,-0.752263,0.183049
-0.246034,,-1.118032,-1.379048,-1.037981,-0.154301,1.297495,1.033997,-0.276779,-0.765084
-1.3973,-0.57963,0.07498,-0.971697,1.006841,-1.572807,-0.773941,,0.282607,-1.45392
-0.34238,0.519518,0.730294,-0.284718,,-0.205796,-0.756626,-1.206019,-0.344938,0.686381
-1.384819,,,-2.091523,0.047026,0.820536,1.03611,-0.078296,,-0.803395
1.093539,0.192099,-0.856487,0.803602,-1.267301,0.277178,1.386424,-1.350431,-1.043622,-2.270006
-0.370373,-2.025324,-0.849365,0.712843,1.089781,-0.303818,-0.302511,-0.267211,-0.839722,-0.543335
1.253912,-0.68345,0.080599,0.155199,-0.773127,1.142679,0.166782,-1.712214,-2.405372,-0.612396
-0.410198,0.745666,-0.607598,1.126267,0.62925,1.378048,0.584987,0.675958,1.756116,-1.223455
-0.083565,-0.795764,-2.066337,0.705373,,-0.694158,-0.351347,-0.599829,1.381807,0.185385
0.655607,-1.386888,-0.312154,0.680674,-1.148906,0.666228,-1.194169,0.276835,0.624562,-1.483849
-0.875474,-0.000542,-1.658044,,0.616415,-0.533604,0.672789,0.757432,0.295641,-0.874834
-1.746556,-1.40273,0.741674,-2.380567,0.284621,1.428294,-0.172116,0.677132,-1.703924,2.044804
-1.108062,0.582862,-0.311464,1.026795,0.338514,-0.079303,0.870325,1.480208,1.159558,0.33851
-0.001949,-0.168896,1.049415,0.945312,-0.998714,-0.307398,0.131287,-0.456358,-0.647918,-0.481245
-0.592204,0.940378,-0.500988,-0.439094,-0.649422,-0.054776,0.811328,-0.057322,-0.26326,-1.508741
-0.07131,-0.885248,-1.285602,-0.700702,0.074551,1.622306,0.201903,0.57956,-1.12456,0.448087
0.870101,1.491566,0.00046,-0.076029,0.36715,0.514849,1.586913,-0.542835,-0.908335,-1.46594
-0.110592,0.488332,0.143853,-0.95782,0.730663, N/A ,-1.251891,-0.984173,0.655125,-0.600454
-0.497281,0.45914,-0.884626,-0.915461,-1.505564,0.233505,0.08964,-0.56555,1.537476,0.096469
0.656061,-0.095433,-0.405566,0.502693,-0.751732,2.586224,-0.075469,0.657227,0.738829,1.190287
1.464582,-0.463817,-0.579887,-0.236907,,0.462632,0.231534,1.795997,0.53399,-1.474211
-1.522059,,1.103635,-0.851054,0.484989,1.220773,1.694833,0.233401,-1.340151,0.903679
0.053434,-0.380585,1.952223,0.359283,0.170671,-1.205936,0.181587,-0.995704,-1.038423,0.810571
-1.145761,-1.685554,0.809909,-0.334826,0.977234,-0.066173,0.960709,-0.506334,,-0.818356
1.039149,-1.260157,0.325419,0.545044,0.241242,0.962735,0.090399,-0.541853,-2.211488,-0.524536
-2.073547,-0.447792,-0.456722,2.526027,0.505623,-0.551803,-1.465935,,0.923371,-1.118081
-0.802825,0.13441,1.246689,-1.90036,1.276125,-0.223511,-0.250041,0.221863,1.425297,-0.829584
0.159717,0.069774,-1.656264,-0.699471,0.241689,-0.34998,1.440665,0.087628,0.254133,1.020485
-0.48282,0.324313,-0.803421,0.558365,,0.194533,1.921927,-0.051866,-0.188376,-0.336338
0.649519,-0.816124,-0.726169,0.830127,-0.298328,-0.304078,1.52587,0.50419,1.574515,-1.576844
-1.413101,1.667049,1.685701,-0.420458,-0.069176,0.202135,-0.460582,0.179873,-2.01335,-0.763902
-0.687725,0.541978,-0.875558,-1.179291,-0.682224,0.330384,-0.20534,0.968256,0.143625,1.070965
0.841124,-0.717415,1.557393,1.031477,-0.774467,-0.535022,-1.203204,0.217471,-0.701008,-1.587
-0.415556,,0.657871,0.784754,-0.181303,0.616783,-1.49193,-1.452719,-1.045663,-0.461064
-1.933568,-0.569211,-0.768569,0.707954,-0.239791, N/A ,0.235037,-2.144832,1.218,-2.020861
-0.63158,-0.793436,-0.610343,1.494967,1.340298,-0.925207,-1.23872,-0.349333,-0.793405,0.018953
-0.527909,1.717627,-0.187394,-0.60097,0.837102,1.006992,-0.916594,0.828664,0.787248,-2.045012
0.508763,0.30747,2.395818,0.583749,-0.441485,-0.427381,-0.834381,0.433066,-0.647499,-1.566337
-1.913118,0.0675,-0.137998,-1.637458,-0.682737,1.096732,-0.04652,-1.201142,0.858983,-0.185842
0.555149,-1.427951,2.246274,-0.286843,0.307573,-0.645416,-0.379,-0.788026,-0.453198,0.501079
-0.284843,-1.272476,0.027005,-0.57392,-1.036049,-0.033223,0.764784,0.855649,0.601989,-0.454862
-0.646321,0.506646,0.190943,-1.907444,0.44632, N/A ,-0.072697,1.680193,-0.589146,2.608239
1.586554,-0.762931,-1.466044,1.771859,-0.866111,-0.099996,0.755164,0.002688,-0.165686,-0.689101
,1.029208,0.260123,-0.279722,1.353292,-0.784937,-1.367663,-0.152284,0.089245,-1.482256
-1.002968,1.171407,,-0.813786,-0.106539,-0.675849,-1.556335,-1.533729,0.922832,0.167168
0.828914,0.112677,0.347932,-0.693683,-0.184077,0.125282,0.30978,1.084722,-0.004185,0.138872
0.251362,1.104177,0.0029,-0.34231,-0.186648,0.426703,1.006305,0.197532,1.92322,0.376338
-0.267398,0.421735,0.679762,-1.168195,1.17605,1.392689,-0.049349,1.448433,1.250983,0.877642
-0.408985,1.283483,-1.031843,0.686297,-0.245774,0.221418,0.811964,-0.337359,2.051246,2.637825
0.052467,-0.056738,,-0.578542,0.975894, N/A ,-1.562712,-0.794211,-0.791291,-0.981404
1.261053,1.848016,0.234244,0.107329,1.243192,1.1139,,0.561528,0.440567,-0.591836
0.334352,0.356588,-0.298925,-1.055148,1.075508,-1.725715,0.831659,0.204021,-2.006646,-0.646561
-2.374535,-1.022068,0.195874,-0.842577,0.827266,-0.275057,0.383601,0.849951,1.045708,0.022433
-0.454327,-0.22452,0.290389,-1.068495,0.317557,0.609513,0.856614,0.219823,0.265521,0.699695
1.87869,-0.144845,1.211672,0.013833,0.549163,-1.488571,0.498881,-0.672537,0.243912,
0.274152,0.362583,-0.042895,0.113171,0.576892,-0.861262,0.100971,0.753619,-0.02434,0.121246
0.41663,-0.989884,,0.857761,,1.600025,1.667887,-0.061714,-1.186455,-0.234805
-0.428328,0.251902,-0.419879,-0.070749,-2.6519,0.695561,-0.465075,-1.179408,0.14386,1.326419
-0.810085,-0.688038,-0.526382,1.948501,0.416897,-0.930722,1.383045,-1.113899,-0.527439,
0.219812,-0.460179,-0.348578,-0.266013,2.643279,-1.837299,-0.92814,0.28879,-0.517591,0.568638
-0.229363,0.705305,-0.088087,-0.347734,0.374365,0.818954,-0.82602,0.342152,-1.935113,-1.460075
0.838442,0.475712,-0.092184,1.784775,-0.202035,0.272476,-0.896322,0.402982,0.313671,-0.687826
-1.202255,0.783145,0.272697,0.40839,0.357609,-0.590793,-1.395947,0.606077,-1.309695,-1.416425
-0.596969,-0.925579,0.952489,0.319721,-0.31494,-1.807169,0.916334,0.998727,-0.275588,0.456414
-0.426292,-0.172718,,0.341282,-0.075291,-1.344943,-0.733161,-1.090219,1.417784,1.728603
-0.313724,-1.211378,1.196215,-0.218052,0.997462,-0.794158,1.254793,0.401727,0.37093,-1.132756
-0.3937,-1.325438,-0.250881,-0.224478,0.27422,0.227459,-1.42236,,0.684019,0.245416
-0.235904,-0.134331,0.002905,-0.849587,0.598108,1.976531,-0.567435,1.837612,-0.293641,0.578815
0.436976,2.113159,0.544001,0.508392,-0.746134,-1.963468,1.750215,0.665027,0.935458,-0.726988
-1.38829,0.018292,0.665649,,-1.261423,-1.294793,0.957762,-0.807022,-0.525366,2.196899
0.178392,0.187937,-2.195079,0.054128,-0.631993,-0.176036,0.346593,-0.737283,0.088001,0.801588
0.937333,1.846194,0.806954,-0.75355,-0.711949,0.968119,-1.026649,-0.102861,0.673282,1.260713
0.345184,-0.04213,,-0.89847,0.810445,1.585492,-0.60044,-0.401427,-0.569684,-1.013183
1.346003,0.446453,-0.768498,0.719811,0.704286,1.298029,0.091571,-0.352784,-1.995937,-0.053933
-0.244812,-0.03431,,-0.635208,1.459372,0.113656,1.227671,0.878103,0.174857,-2.096493
0.073795,,-1.444169,-0.369151,1.498667,0.202889,0.914153,-0.066581,0.937268,0.071826
,-0.13771,0.181796,0.380247,0.79708,-0.125552,1.826898,-1.205749,-1.204902,-0.076211
-1.708744,-1.411216,1.406118,-2.903823,1.764233, N/A ,1.647808,1.071959,0.85856,-0.359269
0.1847,0.223338,-0.684623,1.741478,2.064092,1.10475,-1.06768,-0.141335,-0.966094,-0.259551
1.744188,-1.291691,-1.995888,0.044165,1.099385,0.489253,0.846045,-0.825716,-1.033622,1.313796
0.633557,0.325547,0.446586,0.567835,0.092471,0.430173,-0.9157,0.524457,0.866145,0.881931
0.022142,1.182216,0.758597,-0.299216,1.372561,0.094256,-0.12526,-1.388542,,1.499108
0.108566,-0.311578,1.12464,,-0.464632, N/A ,0.104724,-0.097629,-1.992109,-0.865417
0.168452,1.505338,-0.646901,-0.496439,0.917479,-0.786483,-0.184594,0.34713,0.622567,0.481433
,-0.342278,0.668257,-0.720398,-0.64227,-1.43938,-0.006042,-1.267466,2.015172,-0.954366
1.031304,-0.86307,1.471194,0.769923,-0.402827,1.345082,-0.217957,-0.404375,1.072852,-0.09505
1.117902,-0.189061,-2.705977,-0.720759,-0.518581,0.599466,0.118802,0.273133,0.103392,-0.90415
0.632089,,-0.859019,-0.994853,,0.469895,0.095706,0.33484,0.317415,-0.732985
0.306124,0.585101,-0.763662,0.722335,-0.168841,-0.974855,-0.347575,,0.790477,-0.529805
1.380654,1.004785,1.201516,-0.036481,1.437228,0.395644,-0.335359,-0.232044,-0.123314,2.39203
0.272588,-0.138091,-0.15997,-0.369743,-2.029821,0.329517,0.678565,-1.237077,,-1.30687
0.780964,,0.828538,1.192292,1.639225,0.528662,-0.012497,1.010416,-0.585967,-0.848008
0.307178,1.753422,-0.105736,-2.551141,-0.269621,-0.81323,0.457321,-0.554325,-0.711687,0.322227
0.514542,-0.015712,-0.486799,-0.276566,0.992001,0.277611,-0.182804,1.376976,-0.459987,-0.646477
-1.057602,1.954592,,1.191472,0.09199,0.157674,-0.99832,0.129693,1.100367,-0.323109
-0.85379,-0.325906,-1.10184,-1.315362,-0.120818,0.93953,-0.992595,0.418344,-1.218393,0.649573
-0.931933,0.904937,-1.056047,-0.790466,1.059194,1.180391,2.266788,-2.728207,-0.077258,-0.161873
0.860922,0.965512,-0.087031,0.397119,0.393223, N/A ,0.998586,0.598348,0.413769,0.694661
-1.613964,0.897361,0.847573,1.647606,1.011481,-1.544337,-1.145367,-0.019607,-1.65677,0.694382
0.684874,0.38614,-0.965431,0.516614,,-0.282912,1.16051,-1.059472,-0.253299,0.481092
1.079265,0.23723,-2.951133,-0.327502,1.371237,-0.283626,0.477327,1.099461,-0.199195,0.088131
-0.366893,,-1.620958,-0.532814,0.722929,0.816794,0.621095,0.618069,-1.178868,-0.299854
-0.518646,,1.6091,0.130438,1.090307,0.84908,-0.049173,-2.407175,0.46294,-1.013452
-0.339992,0.295698,0.650223,0.050574,1.170422,-1.514451,0.353285,-0.367222,1.229506,-0.27937
-0.334054,-0.469496,0.37036,0.302053,0.037905,-0.444756,-1.817813,0.154627,0.787843,-0.478009
0.675133,-0.195632,-0.896457,-0.909933,-0.406056,-0.913599,-0.060989,0.733169,-0.000562,-1.171743
-0.450209,0.452547,0.624671,-0.04394,0.410355,-0.372676,1.931262,-0.55058,-2.278657,0.245249
-1.405554,3.039539,-0.795162,-0.511818,-0.380274,0.903089,0.054228,1.042014,0.643449,-0.869784
0.106685,0.959061,-1.358556,-0.613751,0.450733,-0.329838,-0.018258,0.419185,0.098593,1.058237
1.807244,-0.646449,-1.066474,-0.745965,-1.192969,-0.585754,-0.272313,-1.717285,-0.473849,
-0.213681,1.008644,-1.219926,,-0.731243,-1.661609,1.429549,0.545414,0.281183,0.768651
0.063197,0.287557,,0.322844,-0.121103,2.319744,1.176892,1.090057,-0.410771,
2.261444,-0.142905,-0.463714,-0.038969,0.597765,-0.461281,2.217685,0.798913,1.29561,0.596801
-0.099139,-0.540657,0.188245,-0.766803,-1.853921,-0.702416,1.124547,-1.451551,,0.131924
-0.980322,0.957896,,-1.412807,-0.360328,0.147949,-0.710286,0.135739,-0.56804,0.22292
0.157354,0.203586,2.474304,-0.313234,,1.284236,0.928315,1.138489,0.604034,1.093684
1.46035,-0.011189,0.012688,-1.026278,0.596257,0.261658,-0.062876,0.646135,1.049565,1.743355
-0.529504,0.451143,0.798052,-1.199451,0.780816,-0.201647,-1.050991,-0.541182,-0.633833,-0.040918
0.517991,0.382929,-1.284992,-0.998758,,2.142003,0.054685,-0.615702,0.470949,-1.357811
0.347782,0.794688,-0.992567,-0.518577,0.078743,-0.352857,0.635843,0.558433,-0.422938,1.002424
-0.435011,0.511211,-0.685,2.583083,0.040724,1.941321,0.810724,-0.402272,2.121749,0.259849
0.505999,-0.867657,-0.106628,1.425162,1.405515,-0.731948,-0.336765,-0.228674,-0.841468,0.576896
-1.644318,1.11148,-0.925682,0.490045,1.135691,0.061525,,2.13577,0.715972,-0.183635
-0.868701,-0.018271,,-0.105837,-0.947812, N/A ,0.83142,-0.649078,1.570094,-0.884227
-1.040848,-0.953822,-0.252201,1.231436,-0.578926,-0.79683,-0.811449,0.074474,0.871306,-0.154727
-2.355034,,-0.251712,-1.23905,-1.445254,-0.068988,-0.048119,0.130292,1.833786,-0.502389
0.564468,-0.080677,0.204004,0.555706,-0.817482,1.614478,1.202236,-0.589298,0.748562,-0.380551
0.498841,1.373158,0.183145,-0.609956,0.308245,-1.198133,,-0.143722,0.608573,-0.759182
-0.217398,-0.736943,0.792941,-0.167544,2.328901, N/A ,-0.874681,0.83474,-0.03498,-0.791109
-1.621728,0.754578,-0.389211,0.506661,-0.770568,-0.116971,-0.088992,0.604872,0.199771,-0.353485
1.344336,-0.026696,-0.456966,0.207412,1.509762,0.777007,,1.367493,-0.026113,1.12942
1.268266,0.406016,0.277802,0.546346,-0.009488,0.057065,0.888868,-0.164701,-2.644269,1.278433
-1.109738,0.359977,-0.515356,-0.299095,0.243609,1.160496,1.085086,0.344399,-0.971211,1.31824
0.853223,0.96277,,-0.964749,-0.061649,-0.186292,1.461229,-0.255043,-0.312203,-0.586231
-0.144692,-1.256846,-0.121259,-0.223855,1.281149,0.76015,1.017303,0.775191,0.024336,0.348469
-0.096873,-0.742573,-0.930285,0.609742,-0.283451,-0.407401,1.357445,0.004427,0.217198,1.089254
-0.084209,-0.060422,-0.330809,-1.73565,0.850136, N/A ,-0.870473,-0.842237,0.808969,-0.541087
-0.69511,,2.069296,1.194944,0.749156,-0.522875,1.625843,-0.005073,1.322316,-0.323862
0.068163,0.234116,-1.470182,1.682069,-0.28881, N/A ,-1.998061,,,0.206368
0.935035,-0.382441,0.62876,,1.291368,1.22468,0.771332,-0.685579,-1.127426,0.240148
0.124881,-0.124736,,1.451446,-0.294416,0.98168,-0.978674,-0.034444,,-1.125234
-1.014861,0.448737,2.00995,0.615946,1.100642,-1.778331,0.041133,-0.899387,-1.281408,0.390493
-0.633014,-0.044896,-0.477279,0.607037,-0.614504, N/A ,0.290721,0.640765,-2.893804,-0.399417
0.224052,1.078289,0.065201,-0.801328,-1.190336,-0.073678,-0.099441,2.145891,-0.025664,-0.222169
-0.043299,-0.218835,-2.650301,-0.369894,-1.256776,2.167681,-0.459095,1.266787,0.403258,1.838569
0.055162,-0.312696,0.345501,-2.188869,0.962394, N/A ,-0.785608,-1.481755,1.164391,-0.002073
0.662784,-0.769404,-2.093183,-2.28101,0.838912,-0.182108,-0.30008,-0.993549,-0.760632,-0.314529
-1.855735,-0.400247,1.774851,-0.720323,-0.629178,-0.314517,-2.330725,0.510869,1.480047,-0.475895
0.593154,-0.828785,-0.80291,0.767607,0.228574,2.169488,0.775287,-1.506183,0.022011,-1.034823
-2.174944,-0.201718,-1.078693,1.940442,0.386891,-1.059696,0.912363,1.71476,-0.720979,0.499047
0.476556,-0.658517,-0.348138,0.222429,0.324064,-1.863346,-1.319455,2.012027,-0.976545,-2.452552
0.527802,0.264353,0.612492,-0.787378,1.194156,1.918735,1.579301,-0.78563,-0.238342,-1.383734
0.156553,-0.576784,-0.928435,1.218095,2.082378,-0.381841,0.905058,0.060162,-1.640218,-1.000878
-1.271736,0.608134,1.843738,1.803965,-0.141118,0.380701,1.306585,-1.018202,-0.134799,0.322523
0.255164,0.57229,-1.300357,0.497338,-0.709648,-2.276589,-0.0979,0.423118,-1.216536,0.560446
-0.708298,0.667754,0.822531,0.251652,1.223735,0.250753,0.614775,-1.541344,0.375174,-0.424005
0.32602,0.551822,,1.186343,-0.693703,1.307065,-0.334933,,0.582931,0.946325
-0.061249,-0.375749,-0.72069,0.505245,-0.527258,-1.337445,-0.14058,1.072809,0.281586,0.499381
-2.175123,0.193386,-0.441144,0.434944,-2.61857, N/A ,-2.253242,0.752513,0.00048,-0.013051
-0.203552,0.041248,1.336139,0.144313,0.426294,-0.184916,-0.57366,-0.620355,2.582797,0.129641
-1.15647,0.353312,1.75478,0.363312,,0.259288,0.141074,1.091771,0.58593,1.004502
0.7834,-0.870389,0.311397,1.279408,0.051446,0.391255,0.138008,-0.550644,-1.401573,-0.27952
0.715121,0.075688,0.925815,0.513828,0.604272,-0.416469,1.750844,1.310527,0.774659,-1.835726
0.836678,-1.056022,-1.36411,-1.291876,1.219522,0.62967,0.599155,-0.370958,0.125915,-0.825815
0.46288,0.274791,0.68696,-1.826276,1.65629, N/A ,0.046988,0.140744,-0.792579,-0.929041
1.719219,-0.644266,-1.481112,0.216837,-1.510305,-0.131256,0.99989,-0.29855,0.992787,-0.421316
0.523915,-0.095785,0.032783,-0.683578,0.78289,-1.410344,0.114916,-0.139461,1.199688,0.377428
0.459998,2.295406,1.732154,-0.489782,0.704416,-1.138536,0.750171,0.943654,0.451362,-0.088697
-1.31883,,,1.105117,-1.071534,-0.594278,2.610518,0.493279,0.924001,-0.239977
-0.38376,-0.684073,-0.837329,1.186739,-0.854978,-0.798392,-1.334763,-0.443384,-0.470224,0.054096
0.663036,1.442439,0.420084,1.183014,-0.476494,-0.523646,-0.07424,0.443857,-0.501639,-0.684289
0.356058,-0.738323,0.541288,0.435411,-1.534218,1.007765,0.248494,-0.018054,-1.581653,0.634551
0.052828,-1.1704,-0.967964,-0.08671,0.220164,0.905869,-0.182388,0.997423,,-2.123387
-0.144125,1.468834,-0.624453,-1.211114,,1.902568,0.028935,-1.495977,-1.59762,1.296097
1.322114,-0.115267,-0.73,0.607545,0.717033,1.225413,-1.171089,-0.156338,-0.239831,-0.689774
-0.553822,0.226418,-1.322229,-1.757421,-0.076906,-1.657776,-0.975919,-0.727356,0.786503,-0.615916
-0.722296,-0.764391,-0.408827,-1.37437,0.462731,1.108952,1.514833,0.590805,1.183039,0.348349
0.860707,0.390476,-0.234472,-0.162605,-0.343883, N/A ,0.17592,-0.104561,0.558805,-1.032095
-0.744735,-0.205814,-0.676638,2.173362,-0.470234,2.106115,-1.584914,-1.880379,-0.892063,1.714753
-0.269399,-1.16167,1.017735,1.033449,-0.252477,-0.442924,2.370704,0.754143,0.546435,-0.382585
-0.284933,2.670772,0.84803,1.034306,-0.493513,1.368725,-0.479085,,0.777784,0.513352
-0.378231,,0.902838,,0.158355,-2.332652,-0.084592,0.596478,2.270292,-0.953133
-0.770809,1.555398,0.511019,-0.027528,0.506739,0.207272,0.702554,-1.353154,1.815202,0.333912
-0.803978,0.186039,-0.527257,-0.601853,1.738699,1.385673,-0.931225,-0.197988,0.450396,-1.24706
-0.298635,2.643947,-0.573753,0.446977,0.389153,0.154618,-1.093715,0.47515,-0.000964,-0.898996
0.30608,1.242439,-0.16951,-1.249377,-0.532438,0.054385,-0.696624,-0.408487,0.500565,-0.664687
1.194935,0.226997,0.227393,0.446358,-1.225566,-1.8334,-0.41108,0.57277,-0.879341,-1.214298
-0.063652,,0.355136,0.039416,-1.088069, N/A ,0.948486,0.249852,0.029293,0.32348
0.156095,-0.401467,-1.133393,1.676466,0.036899,-0.426714,-0.100163,-1.740907,1.118803,0.062628
0.550624,0.329667,-0.060786,-2.397407,0.472914,0.110715,0.708667,0.948674,1.228602,0.245404
1.156254,-0.033288,-1.825926,0.437299,-0.824158,0.959964,1.23118,-0.346697,0.245702,1.267177
-0.408569,-0.296609,1.365257,-0.131456,0.974717,0.066322,-0.495748,0.189247,-0.676204,1.425699
0.735584,0.512617,,1.15683,-0.132509, N/A ,,-1.312218,-0.327881,0.047147
-1.165679,0.352776,0.377972,-0.231105,-0.157665, N/A ,0.966169,-1.321537,-1.154254,-1.508457
-0.709204,1.104977,0.241447,0.808849,0.478838,0.159644,0.982908,0.391614,0.056028,-0.918703
-0.416588,0.58484,1.353027,-1.76757,-0.729964,-0.841523,,-0.366189,,-0.142444
0.88862,-0.167302,-0.277224,1.53238,-0.336413,-2.767726,-0.129008,0.635167,-0.882196,-1.528976
-2.112306,-0.484541,-1.37555,-0.605061,-1.961107, N/A ,0.443103,-0.365262,0.395599,0.751813
0.288787,1.116468,-1.578475,-0.503349,, N/A ,-1.23553,-0.295809,-0.458605,0.377569
-0.458851,0.137148,0.802777,0.408225,0.172843,-0.622323,0.354494,0.660798,-0.843273,0.540596
-0.022908,2.153366,0.230292,1.077485,2.204504,-0.774336,-0.823858,1.060866,-0.701511,-0.790819
0.661245,,0.066391,-1.970413,0.182786,1.589036,0.940321,0.723961,1.821506,0.714535
0.19806,2.059691,0.844944,0.392633,-0.079491,-1.109468,0.69147,-0.156286,-0.394411,-0.585609
-0.686948,-0.901324,-1.047979,0.621905,,-0.358037,0.001073,-0.934771,0.961297,0.526187
0.661912,0.119354,-0.227372,-1.505665,0.748889,1.467692,-0.545261,-0.495337,1.229224,-0.131712
0.422171,0.500029,0.278755,0.049016,-0.271015,-1.372704,-0.086763,,0.566114,-2.17992
-0.2227,,0.064059,-0.257035,-0.217838,1.624229,0.586291,1.128771,-0.018043,-0.344091
-2.06874,0.050384,,-1.056146,1.48164,-1.765861,-1.222293,-0.801752,,0.685533
0.805126,-0.140321,2.154161,0.131971,2.655719,1.211357,0.728263,-1.324051,0.574733,-1.085024
0.360718,0.945759,0.354082,,-0.588823,0.015385,,0.337415,-0.468162,-0.42409
0.84776,-1.162014,-0.601789,0.276206,-0.883593,0.42026,-0.69165,0.453411,-1.874418,2.436801
1.224707,0.800097,-0.812216,0.632911,-0.787419,-1.048334,0.288506,-1.579325,1.976979,0.124635
-0.951278,1.561823,-0.225553,-0.532644,-0.452562,1.184615,1.296703,1.268908,,0.574762
0.606239,-0.994509,0.165403,1.023672,0.11079,0.707,,-0.550162,-1.367554,
0.08754,-0.380064,-0.938248,-0.441794,-1.295909,-0.18016,-0.525921,0.086523,-0.095965,0.357385
2.164343,0.032822,-0.319572,1.672073,-0.377356,0.618311,1.424426,-0.58629,0.125008,-1.464418
0.057469,0.462179,0.854902,0.17255,-0.300061,-1.483134,1.388696,-0.007623,0.122699,-1.663534
-0.421566,-0.620845,-1.298348,0.813978,0.603031,0.222577,-0.017189,-0.623065,0.193347,0.917259
-0.94357,0.443362,-0.086285,1.799346,1.133057,0.959277,0.652923,1.114366,1.757249,-1.543336
0.923043,-1.115709,-0.830452,-0.326928,-0.66641, N/A ,0.082182,-0.462758,0.329347,-1.723882
1.16627,0.336781,0.557726,0.082781,-1.400106,0.324208,0.565862,0.788991,0.068221,1.126361
-0.090992,0.296766,-0.853878,-0.220126,0.967131,0.143595,-0.907524,-1.323914,-0.188736,-0.458664
1.510269,0.935207,-0.179073,0.915402,0.316242,0.202094,1.091299,-1.050039,1.064953,1.057127
-0.570838,0.514592,1.16788,0.110121,-0.813465,0.613215,-0.583806,-0.256586,0.733012,1.131477
-0.541564,0.322096,-0.797707,-1.855285,-0.024355,-0.664888,-0.04578,-0.872643,-0.724104,1.88988
1.450669,0.111897,-0.168246,0.790144,0.125562,-0.9291,0.83067,-2.346707,0.663518,0.16924
0.3693,0.898202,-0.362063,1.507754,-0.152047,-2.364768,-0.572338,0.413358,1.757087,-0.559294
1.480896,-0.060423,0.763244,1.983652,0.987625,-0.800082,-0.639889,-0.533382,-0.367975,-0.767422
-0.661465,0.681013,0.699108,-0.589568,-1.412816,0.599369,1.846812,-0.554292,0.930029,-0.43722
-0.402194,0.560699,0.194626,,-1.210177,1.462455,-0.256427,,-0.434418,-0.393408
,,-0.868724,0.385677,,-0.626228,1.362772,0.638238,0.314246,1.510182
-3.060455,0.292417,1.119883,1.034065,-0.735757,0.307015,-1.96748,-1.355476,0.186356,-1.211862
-1.636704,1.056427,-1.250777,-0.317935,0.286151,-1.019547,0.030765,-0.334192,1.284832,-0.03057
-0.962512,0.39903,1.130348,-0.761904,-0.551558,0.568763,-2.17889,0.144243,-1.145372,-2.721376
-0.880483,1.102808,-1.318814,0.136723,1.252253,1.792631,2.159535,0.66695,1.815379,-0.589311
0.804621,-0.394131,,-0.526259,0.772845,0.542322,0.212788,-0.610391,1.952941,-0.657649
-0.20105,-1.401549,-0.556929,0.84173,-0.91055,0.297517,1.337817,0.362723,-0.362469,0.773897
1.032765,0.322342,-0.498585,0.703453,-0.23144,0.458978,-1.118792,0.083454,-0.329728,-0.514529
-1.051066,-0.868935,0.515891,-0.555412,-0.089113,-0.253217,-1.165975,1.530123,-1.638154,-0.558902
0.463229,-1.170576,-0.738802,-0.892621,-1.215408,1.402085,0.148509,1.38279,-1.120446,0.418834
0.574294,,0.486703,-0.307794,-0.935076,-0.579087,2.502723,0.895078,0.429376,0.806404
0.301173,-0.063565,0.25774,-0.404623,-0.930329,0.819262,-1.205817,-0.289249,-0.227934,1.159983
0.582887,1.003077,,0.155446,0.892143,-1.232356,0.615302,-0.855572,-0.48691,0.068078
-1.41122,-0.087011,-2.993851,-2.155893,0.389405,-0.532785,0.116765,-0.244953,0.79056,0.386586
0.840791,-1.772442,-0.658683,-0.122961,0.091977,0.243724,-0.049576,0.648264,0.822038,1.347672
0.018098,-0.2073,-0.856153,0.889349,0.796751,0.039033,0.89322,0.957747,-0.573804,
0.670215,1.343873,-0.355727,-1.143257,-0.364189,-0.561461,0.261435,1.380066,0.819111,-0.8326
-0.779219,0.895078,-0.336769,-0.543194,-0.328464,1.457553,-0.263187,-1.365046,0.881799,1.223
-1.176421,-1.142367,-1.388065,0.23513,0.319921,-0.920416,-0.271546,-0.003932,,0.470936
1.165638,-0.785139,-0.731237,0.376994,0.565541,-0.437856,0.051894,0.20746,0.619481,0.69255
-0.363031,-0.990475,0.22873,-1.234244,-2.277233,-0.063194,0.24822,1.195001,-0.630242,0.148881
0.479066,0.700655,-0.076751,0.302439,-0.439173,1.110869,0.864903,-0.641826,1.396812,1.112413
1.552741,0.074079,,-1.481687,1.611978,-1.031086,0.638465,2.123753,0.092506,0.047504
0.495007,-0.391431,0.66013,1.037153,-1.576654,-0.108897,-2.04837,0.033724,0.969194,0.434298
1.680652,-1.74929,0.383576,0.48042,0.192188,-0.726419,0.219717,0.562402,0.60705,-1.334622
-1.383515,0.075001,-0.811923,-0.557995,0.455974,-0.413552,0.884203,1.862869,0.689075,0.612644
0.933711,0.468778,2.048622,0.196907,0.612285,0.776644,-0.367594,0.470559,-1.660747,-0.432307
1.592906,-1.44826,0.200802,0.479814,-0.641035,1.049385,-0.522297,1.967847,2.020794,-0.989493
1.203989,-1.146415,0.043506,-0.26198,0.805182,-0.415337,-0.614793,1.532608,1.028159,1.141567
-0.128096,-0.733717,-1.322037,1.176499,0.113381,-1.062239,-0.844307,-1.544278,-0.140912,-0.233406
1.534989,,0.638093,-0.780828,0.86149,-0.690484,-1.384846,1.430059,0.43288,-1.184904
0.442964,-0.751476,-0.150336,1.203325,,-0.021685,0.680221,1.533674,-0.594839,0.175541
-0.436108,-1.211078,-1.477084,0.395866,-0.222614,1.107395,-0.327188,0.475115,-0.070926,-0.168617
0.948588,-0.347848,0.36738,-1.621095,-1.361616,-0.92898,1.398566,-0.50537,-1.665933,-0.341195
-0.450608,-1.567474,0.121623,0.998877,0.840837,-0.945996,-0.014165,0.257391,,0.923213
-0.586593,-1.203961,1.181028,0.538853,,-0.249252,-0.642299,-2.264565,1.2009,1.139953
-0.380988,1.238496,-0.80511,0.018798,0.0752,-0.547862,-0.117948,2.122319,0.37571,1.248132
-0.049168,0.90802,-1.221321,0.105428,-0.422352,-1.245144,0.545484,0.929796,-0.465471,-0.83792
1.501197,0.141712,0.749466,2.1408,0.838683,-0.754812,0.930318,2.381412,-0.895424,1.51585
0.864933,-1.057569,-0.560664,-1.691116,0.180774,0.650869,-0.593611,0.624874,-1.37402,0.128192
0.029843,-0.389211,-0.224376,-0.581263,-0.532061,0.650985,-1.653417,-0.401037,0.448807,-1.340592
-0.680063,0.949902,-0.35681,-0.731858,,0.315229,-0.231007,0.33313,,0.840002
-0.479644,-0.420471,0.186232,0.576651,1.488063,-0.143833,0.393674,-0.74746,1.040519,-0.045917
0.381122,0.043052,-0.841345,-0.5215,-1.328658,0.612179,-0.0403,1.970975,0.233786,-0.797401
-0.914165,-0.741523,1.03532,-0.694869,-0.992173,0.611157,-0.916976,1.018589,1.985926,
-0.82411,1.227278,-1.317844,-0.084559,-0.913579,-0.627007,1.528343,-0.497679,-2.423486,1.266872
0.726954,-0.328026,-0.67111,1.223936,-0.016672,-0.395907,0.918434,-0.14546,0.084389,-2.054661
0.452723,-0.221079,-1.338044,0.381473,0.229181,1.927801,-1.002215,0.354425,1.701468,-0.581842
-0.7097,1.514124,0.455401,-0.341856,0.380664,-1.154951,-0.313237,-1.109319,0.543017,0.416135
-0.7629,-1.4972,,-0.4743,0.678444,-0.363001,0.819921,-0.541274,-0.35658,-1.486972
0.9911,-0.616352,1.026637,1.265054,-0.799578,-0.564553,-0.07175,-0.623986,0.101724,-0.049934
0.721661,1.110367,-1.359796,-1.209012,0.519764,-1.057914,-0.086125,1.564422,1.161076,-1.495724
-1.294099,-1.267866,0.407809,-0.318998,-0.267295,-1.832787,,-0.406854,-0.605679,0.659406
-0.18613,-0.923512,-0.898699,0.802093,0.315914, N/A ,-0.778766,-0.524441,1.152396,0.521623
-0.708576,-0.043275,0.750181,-0.346073,1.128875,-0.51443,-0.141013,1.519101,2.158591,-0.111788
0.977692,-0.330244,-0.27288,-2.117089,0.14385,-0.273735,1.538441,0.240259,,-0.836679
0.433772,1.132754,0.436807,0.356315,0.945726,1.310979,0.370256,-2.314225,-0.13345,0.190161
-0.199979,1.784743,-0.591677,0.164938,-0.538947,-0.204827,-1.39392,-2.0738,,0.152609
0.066132,1.677818,-0.53036,-0.139755,1.676093,-0.090869,0.620023,0.293319,-0.387218,-1.027658
0.926702,2.227747,0.684453,-0.962811,-0.062335,-0.247435,2.679067,1.607717,-0.235795,1.577351
0.141828,-1.270797,1.632099,2.653887,-1.24097,-1.236808,1.093095,0.277012,1.583321,0.101182
-0.66402,0.028117,1.024511,-1.138653,-0.62985,-0.087464,2.372072,-0.431899,0.196494,2.225333
0.562703,-1.563451,1.412892,-0.728812,1.180832,0.231466,-0.540517,-0.405072,-0.976113,-1.792982
-0.316827,-0.759482,0.837659,-0.756859,-0.520178,0.379141,-0.020333,0.446476,0.171682,-0.169159
,-0.08464,0.822104,0.993282,-0.043264,1.488542,-0.208969,0.931301,,1.131343
2.163475,-1.473075,0.341536,-0.39248,0.169927,-1.190703,0.999039,0.504051,-1.021525,-0.216341
0.069696,0.889254,-0.768144,,-0.427975,-0.087443,-1.514857,1.110827,-1.460065,0.84769
-0.90058,-1.220581,-1.820551,1.643988,-0.113871,-0.54507,-2.209816,1.749861,0.841711,0.93311
0.84086,-0.827401,-0.06496,-0.2478,0.369994,-0.038423,0.979774,-1.45823,,0.180891
-0.512572,-1.054719,0.444574,0.713799,2.326074, N/A ,0.014283,,0.280111,2.059435
2.091559,1.000645,1.14429,-0.197683,-0.451704,0.477918,1.2768,-1.049898,1.353492,-0.05299
-0.410639,-0.40759,-0.652822,-0.083831,0.48588,0.045377,1.001602,-1.346122,-1.476506,1.013784
0.169455,-0.033828,0.283379,-1.592946,0.50204,-2.803344,-0.690947,-1.210414,-1.327607,0.719589
-0.612959,-1.902686,-0.491013,0.907469,0.454837,-0.451303,-0.529661,0.163603,-0.191747,-1.57229
0.060427,-0.504223,0.433635,,,-0.074049,0.706139,1.734285,-0.028586,-0.491069
-0.593077,-0.43345,-0.768046,-0.870398,-0.939535,0.183,0.333587,1.043358,-1.776409,0.618147
-0.024641,1.392881,-0.042309,-1.58377,0.722071,-0.565951,0.089981,-1.30188,0.715484,
1.157398,-0.033451,-0.567777,-1.193922,0.24992,1.119664,0.188992,1.117432,0.256189,
0.305445,0.703092,-1.173331,-1.752785,-0.962856,-0.139847,,-0.163663,-0.470448,-0.805063
-1.601834,-1.450102,,1.66289,1.134139,1.445472,-1.019637,-0.109586,,1.893191
-0.754448,,0.930031,-1.163365,0.875085,0.409024,0.403561,-1.453232,,0.873535
-0.212079,0.704353,-0.488096,-0.229264,0.834173, N/A ,1.126479,0.595327,-2.054472,-0.128449
-0.176662,,0.121964,0.865857,0.198493,0.229374,-0.985587,2.277289,-0.861711,0.843099
-0.160908,-0.150369,-0.245027,-1.696858,-0.847945,0.046494,0.585892,0.826153,,1.060436
1.148244,-1.703257,0.396745,1.641027,0.211578,0.927419,-0.311405,-1.568086,1.011536,0.143883
0.993898,0.287208,0.365342,,0.138234,-0.28564,-1.880823,,0.029607,0.341896
0.11579,-1.463491,-0.289113,1.387319,-0.083816,-0.129956,-0.614637,0.68895,0.466281,0.355099
-0.464201,1.099688,0.424784,0.831016,-0.895697,-0.139681,1.174909,-0.585429,1.65267,-0.080616
0.730634,0.688227,-0.845127,-0.975023,0.717814,-0.747637,0.519532,-3.275641,0.29661,
1.981306,-1.077995,0.027848,0.015392,-0.714684,-1.65055,-1.820628,1.05949,-0.892276,0.057192
-0.038068,0.966175,-0.383177,-0.195983,0.926241,-0.941208,-0.291015,0.485517,1.137614,0.635177
0.757981,-0.418593,0.316044,0.667738,0.644142,0.662087,0.638699,0.148851,,0.698219
-1.134932,,-1.123725,-0.804345,0.197926,1.626693,1.252908,-0.630607,-0.304219,0.48601
-0.8563,-0.643793,0.612636,1.728992,1.030072,-0.049066,-0.456452,0.037216,1.41503,-1.558347
0.427794,1.508559,-0.859142,0.652341,-0.801435,1.286032,0.315272,0.267839,0.182683,-0.218996
-0.167427,-1.688753,-0.769899,-0.382795,-0.867073, N/A ,-0.048053,-0.957574,-0.930281,0.165085
,-0.833493,0.741124,-0.647504,1.568642, N/A ,0.615707,0.354285,-0.062137,1.28835
-2.965525,-1.731537,1.038083,-0.056532,0.703458,-0.623492,0.281662,0.862504,0.5662,-1.056324
-0.40437,-2.564223,-0.827768,1.15207,1.76512,-1.646463,0.237011,0.579729,-0.963108,-1.408125
-0.562983,-2.274762,-1.43802,0.837191,-0.731897,0.070488,-0.477682,-0.243521,-1.652729,-0.907727
-0.979038,-1.733092,-0.07077,-0.685925,-0.102661,0.568639,0.449928,0.226851,0.30297,-0.477882
-1.006438,-0.18386,0.640642,-1.25052,-1.446931,0.455294,1.152046,1.31736,0.703318,-0.149589
1.108156,-0.490533,-1.080106,0.347788,-2.094862,0.56421,1.204548,-0.675983,-0.28362,-0.237775
-0.71776,-0.547188,,-1.210794,-0.790317,-1.082108,0.843078,0.270428,-0.343313,-1.785701
0.911162,-0.687594,-0.07283,-0.88091,1.143779,0.573323,0.159826,0.214817,-0.702738,0.094642
0.213892,-0.106468,-0.323208,-0.85569,0.494188,0.200208,1.37756,1.203037,0.507862,-1.460122
-0.295104,1.153549,-0.430334,0.174274,1.269966,-0.513415,1.199236,-0.388532,-0.496066,0.30132
0.219272,0.287762,,-1.178015,1.007787,-0.674357,-0.304402,,,0.49948
1.11836,1.57739,1.178413,-0.248022,,0.387757,0.761011,1.508123,0.141254,-0.299797
1.04856,,0.927572,0.488738,-0.96629,0.124832,-1.118001,1.074413,1.151027,-1.474643
-0.754765,-2.66147,0.341655,-0.357268,-0.189232,-0.022246,-2.715441,1.161378,0.209234,-1.13518
1.062393,-0.875285,1.761831,1.18791,0.723345,0.515563,-0.644063,-0.230143,1.015502,1.847078
0.064212,-0.706448,-1.227851,0.491769,0.868866,0.668284,-0.446145,-0.38631,1.137759,
-0.977437,-2.180405,0.338879,-0.268099,-0.552392,-0.671411,0.00924,-0.342058,-0.502619,1.982321
-0.944793,0.317405,0.534618,-0.463559,-0.190776,0.708644,-0.574454,-0.820307,-1.052281,0.513307
-0.253669,1.597852,0.929594,1.422265,,0.357603,-0.475226,0.398723,0.18999,0.122209
-1.980954,0.700032,1.700672,-0.419514,-0.957833,1.894716,1.150893,0.36287,0.373885,-0.095357
0.847903,-0.283365,-0.992188,,0.655665,-0.327065,1.233267,0.122837,0.393877,-0.044704
-0.578056,-0.601878,0.361502,-0.494666,-0.22909, N/A ,0.207159,,,0.019718
2.028116,-0.713742,-0.772874,1.161724,-0.481421,-1.839478,-0.608186,-0.296099,-1.160691,-1.577789
-0.681789,-0.235883,-0.95814,0.361965,0.196315, N/A ,-0.461731,0.421129,-1.138631,0.548036
-0.076203,-0.145615,,-0.075606,0.300605,-1.154995,0.053086,0.141745,-1.409226,-1.868151
-0.385212,1.200637,-0.055403,0.332228,1.014198,-0.233027,-0.070545,-0.256041,,1.900191
-0.04011,0.886692,1.602638,1.227471,-0.876845,-0.42835,0.454215,-1.119574,0.244651,
0.383354,-0.524076,-0.146058,-1.65361,-0.785931,0.951809,0.583908,0.271449,0.118278,0.51305
-1.248458,1.923804,-0.560043,0.606422,-0.294947,0.347902,-1.446535,0.038851,0.206564,-0.716633
0.615557,0.333766,-0.876652,-0.330784,-1.386942,1.351632,1.304688,-0.383587,2.768981,-0.730191
1.256509,-0.619304,,0.776061,-0.210505,0.814232,0.928314,0.752714,-0.724347,-0.521262
0.847504,0.867468,1.748263,2.77143,-0.194376,0.246954,0.078525,-1.426903,0.410376,-1.399803
1.504099,,-1.171169,1.654802,0.840593,-0.450965,,-0.918174,0.20614,0.434906
0.913189,0.42666,-0.394256,0.905187,0.261623,-0.392315,0.491548,-0.193836,0.590911,0.844785
0.662514,-1.552959,1.148792,0.574938,,0.21139,-1.516531,0.3457,-0.155643,-0.656589
-2.354372,-0.839896,1.480183,0.194295,-0.891478,-0.788507,-1.208579,1.108404,,-0.202253
-0.267748,-0.517194,-0.893188,-0.277024,0.087811,-2.160611,0.060699,0.538367,-1.887691,0.355358
-0.995725,0.415015,,-0.369301,-1.726705,0.746984,0.972132,-0.896203,0.655936,-2.156838
0.527362,2.047017,-2.205939,1.310404,1.783365,-1.61285,-1.718207,-1.411724,0.431856,-1.3023
-0.814291,-1.056322,0.761027,1.452831,0.795066,1.110681,-3.172388,0.867846,-0.679173,1.343015
0.554118,0.371667,-0.399834,,-0.480776,-1.515737,1.150658,2.260749,,-1.076337
-0.663059,-0.771194,0.347746,-1.128953,0.316871,0.784492,-0.377053,,1.620843,-0.081199
-1.35821,-0.938721,0.324037,1.142915,-0.731216,-0.342076,-0.463354,-0.760033,1.45821,2.025519
-0.706261,0.694216,0.954815,0.848721,1.75669,0.079353,0.17338,-0.142939,1.824238,0.213964
0.035698,0.472854,-0.138663,-1.954593,-0.360585,1.090448,-0.763256,0.863936,0.563582,-1.297541
-1.306436,0.712637,0.005275,1.244729,1.065759,-0.071237,-1.389202,-0.552523,2.384744,0.541489
2.097614,-0.972123,-0.113518,0.135793,,1.770338,0.35559,1.60155,-0.352139,-1.047023
,-0.61522,-0.177921,0.370938,-0.467374,-1.276684,-0.10912,-1.187782,0.293112,-0.862565
-0.884685,-0.787066,-0.573839,-0.963438,,-1.640907,0.911195,-0.827774,-1.460345,-0.25221
-0.015346,1.187288,0.779311,0.021953,-0.63897,-0.665067,1.253226,-1.24548,-0.040804,1.683039
1.632644,-1.211386,-0.635925,-0.850766,-0.178911,-1.83998,0.726046,0.586704,-0.030213,-0.01042
0.791862,-0.634574,-0.702342,-0.209816,-2.319486,-0.304886,0.810024,-0.856595,-0.938617,-1.55311
1.029059,0.390611,0.144723,-0.354389,-0.087933,-0.787922,1.499437,0.497192,-1.169013,0.995978
0.168654,-0.310937,1.135227,-0.509271,0.554884,0.799104,1.08662,0.285935,0.362601,0.498939
1.124491,0.664861,-0.503864,-0.775196,-1.431632,-0.858307,-0.717618,-0.700572,0.0436,-0.314396
-0.708676,-2.790772,0.798437,-0.204504,-1.156207,0.504728,-0.566009,-0.757438,,1.228197
-0.1921,-0.42423,-0.016172,-1.305229,-0.341763,-0.396252,0.209598,,-1.743205,-0.236667
-0.372048,-0.364703,0.544972,1.778144,1.032057,-1.164979,0.525417,0.167819,-0.867258,1.235252
1.056376,0.107927,0.018699,0.746535,0.58646,-0.758843,-0.141659,-0.740056,0.169101,1.480496
0.243953,-0.402034,,-0.831573,0.976886,-0.459585,-1.197532,0.047575,1.439133,0.822093
-0.687868,-0.18096,-1.992112,0.010531,1.098743,-0.519885,-0.74032,-0.5442,1.180985,-0.38131
0.525747,0.431041,0.200437,1.816359,1.118061,2.132697,0.698417,0.1622,-0.223333,-2.133861
-0.972987,-0.674717,-0.86896,-1.156146,-1.899924,-0.502087,0.167469,0.334663,-1.970047,-0.449389
-0.641422,-1.653172,0.905315,,-0.574398,1.033535,-0.595483,-2.485245,,-0.716324
0.264016,1.748848,,-1.270893,-0.937785,0.733362,-0.477575,0.278732,-1.391392,0.816687
0.161451,-0.050938,0.715097,0.043213,-0.156436,0.923479,0.175469,-0.042122,-1.595626,-1.464605
-0.014622,-1.594855,-0.56179,0.143917,-1.268668,1.148328,-1.676924,-0.714915,-0.757218,-0.656691
0.238146,1.691795,1.662193,0.276064,-0.137058,0.339259,-0.62777,1.194131,0.151512,0.73787
-0.703872,-0.947409,-0.244773,-0.585016,-1.090651,0.049767,0.180777,-1.346015,0.201971,-0.291159
1.113433,0.921661,0.912819,0.093072,0.684355,0.599286,0.567705,,0.858074,1.17306
-0.315744,-0.554427,1.750238,-0.576917,-0.740617,-2.112656,1.022722,-1.238947,2.068814,0.494283
1.130219,0.209293,-0.07343,-1.648543,1.061534,-0.238256,-0.211464,0.385722,1.124833,1.496555
-0.064403,-0.235914,2.330329,-2.020526,1.353798,0.47992,1.987032,0.610722,-1.169397,2.620681
-0.579424,-1.946574,-1.828274,1.929493,-1.545758,-0.427372,0.4005,0.677538,-0.968885,-1.932829
0.219387,-1.807002,-0.257999,0.501933,-0.409905,-0.997719,0.529604,-1.022935,0.019442,0.472645
0.920892,-1.14542,0.485171,0.318785,0.122757,1.054476,0.392978,0.417874,0.185556,0.240924
-0.652198,-0.561932,0.684809,-0.894875,2.172885,-0.078276,1.15541,1.295438,-0.170288,0.195198
0.026032,0.248446,-0.437524,1.140447,1.290133,-0.179751,2.124084,1.392347,-1.014667,-1.950717
0.289833,-1.228779,1.887453,-0.025834,1.40515,0.114986,0.246345,0.561821,0.257858,1.005846
0.062583,-0.653005,-0.929728,1.357094,6.6e-05,0.497054,0.375613,1.938592,-0.319872,1.632397
0.687703,0.214348,-1.09906,0.395298,,-0.579858,,0.789076,0.557841,-0.682836
-1.365236,1.331857,-0.118036,-0.013837,0.636464,0.150235,0.340762,1.160786,0.024792,
-0.053067,-0.818906,-0.619852,-2.945206,1.480506,0.399454,-0.510925,1.826042,-2.244051,-1.857282
-0.237062,-0.371626,-1.423628,0.176304,-1.548876, N/A ,-0.428137,-0.610147,-0.095529,-0.528472
-0.55242,0.728183,-0.830336,-1.03122,1.358064,-0.541396,0.551453,0.516712,-1.595891,2.232281
0.023279,1.414834,0.416578,1.483481,0.690775,1.741663,0.189855,1.028084,-0.72504,-0.034215
,1.697364,0.186229,-1.11081,-0.505807,0.067541,0.109151,1.660799,-0.213954,2.43002
-0.817755,-0.915739,0.208924,0.146839,0.326161,-2.707104,0.231378,-0.297668,,-0.684849
-0.357076,-0.070646,-1.597834,-0.549335,-0.832593,0.115984,-1.172358,0.123024,-1.085775,0.007894
0.065855,,0.453077,0.215501,1.108103,0.341777,-1.617947,,0.231166,1.140597
0.147812,-1.196919,-1.764204,-0.571619,1.566549,0.684709,0.962819,-1.828758,1.334647,0.92548
0.431298,-0.230407,1.011648,-1.373228,,1.075499,-0.541238,0.113264,0.517802,1.356415
0.73791,0.588491,0.615415,-0.636346,0.140844,1.177978,0.381141,-0.020705,-1.607004,0.398435
1.850757,1.206483,0.393051,-0.50922,0.300442,0.748715,0.285633,-0.570618,2.280932,-0.06695
-0.589276,1.656453,-0.707782,-0.078831,-0.784072,2.547056,-0.28598,2.268122,-0.244968,-0.346126
-1.116157,-0.074047,-0.356791,-0.374975,-0.473831, N/A ,0.615248,-0.014599,-0.6472,2.185436
-1.280483,,-1.349573,0.146819,0.234792,-0.413531,0.232319,0.153894,-0.206789,0.578847
-0.852592,-0.002854,0.333825,-0.384683,-1.798102,-0.630573,1.976343,0.285394,1.09333,-0.574737
-1.223553,-1.642136,-0.048972,1.340312,-0.172723,-1.018525,1.500466,-0.883515,0.629698,0.597292
2.026924,-1.606013,0.133012,-0.960224,1.26445,0.605849,-0.359282,0.547308,-0.870358,-0.952268
-0.156432,-1.212063,-1.493913,-0.793417,-1.455914,-1.281769,-0.154044,-0.074478,-0.047285,
-0.773,-0.617395,-0.760732,-0.593204,0.189783,-0.091377,0.10674,0.363662,-0.434212,1.577601
-0.147854,-0.561011,-0.713179,1.100917,0.831357,-0.56162,1.891765,0.81198,0.989986,0.354091
-0.255764,0.763743,0.053254,0.502275,0.49772,-2.471907,-1.335412,-0.048165,-0.153529,0.576015
-0.409836,0.795871,-0.234358,-0.394292,-0.292497,0.124581,0.771393,0.471301,-0.492864,0.066226
-0.284306,-0.896243,-1.069112,0.72242,0.683851,-0.231713,1.408314,-1.880021,,2.191231
0.689784,0.84294,,-0.651091,-0.920605,0.888827,-2.350095,-0.095111,1.399215,-1.58052
0.606371,0.17591,-0.585914,1.251284,-0.997065,-2.186685,-0.124063,-0.464272,-1.224266,
0.571667,-0.731007,1.089983,0.709982,0.200026,1.688604,1.452087,0.854082,,0.501384
-1.274325,1.121589,-1.263424,1.542094,-1.971821,-0.723843,1.688656,-0.259552,0.521546,-0.963321
0.645096,-1.489734,0.958487,-0.255057,0.672537,0.222039,-0.02679,0.230805,0.62758,
1.038355,1.277665,-0.872611,2.380202,-0.601496,-2.10566,-2.111841,-0.007478,,-0.074126
0.236344,0.354148,0.22387,-0.301028,1.517126,0.217611,-0.320678,-1.473646,-1.014284,-1.648056
-0.465624,-0.252079,-0.528104,0.948265,0.266276,-0.430206,1.707783,1.342779,-0.423654,0.876175
1.086526,-0.604199,0.000769,-1.605577,0.156607, N/A ,,0.656635,-1.812453,-0.099465
0.415949,0.338773,-0.973921,-0.101162,0.428703,0.241208,0.869747,0.146031,-0.736265,0.66618
1.598749,1.657557,0.831637,1.262249,-0.037142,-1.110865,1.516652,-0.208948,0.446545,0.795365
0.93889,1.830161,,0.056902,,0.141019,0.689843,1.218912,-0.513241,0.297585
-0.843154,-0.759505,0.221266,0.367043,1.527414,1.734228,-0.066501,1.226678,-1.611082,-1.265975
-2.666823,0.046417,0.425303,,-0.140311,-2.174041,1.473165,-2.57693,0.325755,1.551662
-1.720499,0.590984,0.816313,0.14955,-0.770235,1.902651,-0.628312,0.082704,-0.296468,0.549431
-0.782656,-0.294441,0.690262,-1.28187,-0.33983,-0.475463,0.414528,-0.249997,1.874237,1.668077
0.308345,-0.115803,0.719426,-0.29991,0.883352,0.553537,-0.093836,-1.250939,,1.812172
-0.515885,0.300353,0.324551,-0.539163,1.133794,-0.322152,-0.14595,0.709699,0.265088,-1.457806
-0.170159,-0.278866,1.050698,-0.16587,1.362495,-0.074657,0.409326,0.158214,-1.600739,-0.419725
-1.108789,0.053912,0.859452,1.359714,-0.074696,-1.855011,0.444012,-0.499573,0.069486,-0.146746
-0.000273,0.726187,0.952639,0.838905,1.24637,2.997348,-1.726655,-0.185331,0.969496,0.462747
-0.704834,0.574121,-1.395813,0.957438,0.600285,0.112031,-0.13431,0.221178,-0.183805,-0.555846
0.239403,-0.001287,-1.054575,1.429419,,0.778303,-1.496568,-0.945187,-0.053031,0.079836
-0.920771,-1.061411,-0.643189,-0.949067,0.676993,1.103953,-2.259922,-0.806675,-0.707124,-0.386105
0.759933,0.44889,1.155971,-0.272458,0.555564,-0.569062,-0.757124,0.421327,,-0.079573
1.826063,-0.486442,-1.571591,0.84013,, N/A ,1.241054,0.543873,0.543509,-0.450405
1.159896,-0.491618,0.464106,1.464981,1.240279,-1.228629,-1.278616,0.47322,1.160911,-0.803042
1.446101,-0.262721,-0.094079,-0.899133,-1.200156,0.723978,2.135418,-0.315008,0.492898,-0.536493
0.452791,0.201656,0.448278,0.518168,-2.386373,0.438562,1.490125,0.321378,-1.893423,-1.798591
1.849862,-0.455914,-0.073833,,0.978863,-0.140417,-1.260515,-1.094441,0.369501,-0.461975
2.099252,0.048829,-1.260631,0.120763,,0.576278,0.453519,-0.459158,0.299877,2.044017
1.530335,-1.281144,1.468288,-0.214629,0.413935,0.942747,1.176836,-0.280233,-0.131277,0.555785
0.315006,-0.438291,-0.050202,-0.109325,-2.608299,-1.348021,0.627513,,,-0.596262
-1.129836,,0.066285,1.050888,0.174122,0.268672,1.715902,1.190148,1.049713,-0.699879
-0.153123,-0.016501,0.833246,0.192255,0.249042,0.177846,-0.11735,-0.979652,-0.516841,0.75055
0.834776,,0.951919,-0.159288,-0.882664, N/A ,-1.200089,-0.09841,0.052511,-0.112189
-0.630027,-0.525883,-0.974772,0.11348,-1.110216,0.072833,-0.400663,0.274727,-0.167725,-2.520939
1.276639,,,1.506551,0.291924,0.425067,-0.903936,-0.34683,1.278419,1.838174
0.832148,1.251793,-0.292845,0.255842,-1.407862,0.949403,-1.996951,-1.972705,-0.23524,0.327724
-0.385025,,0.306118,0.701011,-0.534473,-0.228284,-0.301725,-0.029825,-1.200095,-1.659483
0.573489,0.372586,0.228833,-0.157955,0.413244,-0.585794,0.891589,-0.416683,0.227541,0.477576
0.666114,0.026042,-1.599567,-2.23212,1.858791,0.379597,0.085004,-0.372518,-0.273494,-0.900518
-0.524675,-0.587026,-1.423354,0.860524,0.372944,-2.026592,-0.79136,0.262351,1.370601,-0.660406
0.88661,0.640027,-1.54772,1.59369,, N/A ,-0.235091,-0.64015,0.250127,0.269083
-0.805954,0.094593,-0.323897,-0.246128,0.342009,1.008492,,0.480321,-1.737883,-1.180327
-0.003758,-1.038761,-0.502268,0.470192,, N/A ,0.434224,0.429589,-0.804321,-0.012943
0.844425,-0.353191,-1.273824,-1.096948,0.292919,0.204615,0.430268,-0.786652,-0.444974,0.873864
0.999964,-0.384947,-0.205264,0.949018,1.295014, N/A ,-0.127181,-0.027548,1.48074,1.108487
0.26034,-1.637213,-0.961668,1.149847,1.863224,1.474823,0.174632,0.101468,1.583495,-0.825367
-0.290876,1.856722,0.27119,0.112421,0.588237,-0.094966,0.996699,,0.39891,-2.070221
-0.379789,-0.09717,-1.166318,-0.210911,0.491895,0.888857,0.359459,-1.373407,-0.71681,0.267573
0.238843,-0.576992,,,-0.97047,-0.320366,-1.369231,0.590153,-1.533821,-1.489039
0.252108,-1.378934,-0.967453,-1.365618,-0.891944,0.005522,0.085309,-1.456045,0.882705,0.074625
0.186708,0.760393,0.559674,1.458128,-0.408855, N/A ,-0.36133,0.390462,0.806345,-0.943374
1.505759,-0.166708,-1.214997,1.730666,0.39357,-0.020484,-0.090922,1.146955,-0.010344,0.620272
0.588138,0.111997,-0.28208,,1.629307,1.266584,-2.837223,-0.274657,-0.138209,-0.548266
0.116085,-0.363537,,1.553864,0.239215,0.13588,-0.339697,0.224594,-1.032053,1.62567
-0.10694,0.314936,1.18491,0.0904,1.517263,-0.295711,-0.727341,-0.404832,0.430057,-1.366009
-0.470967,-0.004976,-1.3756,-0.486847,1.20517,-0.762175,1.303755,-0.267987,1.254314,2.031666
-0.39354,0.286639,,0.304082,-0.256857,0.476888,0.605787,2.644523,,-0.566057
0.536096,0.882062,-0.730893,-1.175655,-1.326348,1.38034,-0.171116,0.171461,0.467889,
-0.061485,-0.35966,0.164376,0.389652,1.517025,-0.064706,-0.300619,-0.361352,1.046693,1.727821
-0.887179,-1.57211,-0.695771,0.36567,-1.528615,0.027666,-0.595121,0.188568,,
0.169725,0.387001,-0.669667,1.430391,0.109099,0.272311,1.194006,2.087782,-0.998546,0.339187
-1.870291,1.803633,0.423645,1.619594,,-0.888378,2.069663,-1.911671,-1.149537,-1.653365
,-1.215075,-0.577945,3.04481,-1.163378,1.377446,-0.909154,-1.158016,0.135035,0.733266
-0.028867,-0.05044,2.137898,1.237502,1.533355,-0.883743,1.198805,1.363378,-0.312647,-0.34563
1.818771,-0.55833,0.343612,-0.67499,-0.016064,0.918757,2.966258,1.488742,0.953482,0.480795
-2.461033,0.641535,2.080712,-0.425969,,-1.75118,-1.655501,-0.371979,-0.135397,0.447941
-1.083531,1.148759,0.661096,-0.782921,-0.208724,-1.522373,0.498976,-0.135705,-1.64751,0.161252
-1.089429,0.342367,1.207379,-1.953738,0.119147,-0.460335,-0.08424,-0.882714,-0.30774,-0.542448
0.086777,0.5254,-0.849011,0.24115,-0.6136,0.213578,0.749952,-0.16824,-0.764644,-1.346828
1.616513,-0.012358,1.769478,-1.442597,0.01402,0.761647,0.502059,1.803155,-0.374824,-0.860196
-1.859545,0.100053,-2.566142,-1.296278,-1.255382,0.711881,-0.986708,0.383275,,1.031037
-0.471044,-2.1921,1.311133,0.372652,0.480301,-0.875443,0.805106,-0.30864,0.114324,-0.320843
-0.027628,0.754643,-0.365838,0.781438,0.200243,0.281421,-1.328162,0.211306,0.463497,-0.799898
0.280039,-0.240298,-0.186026,0.20952,-0.019036,0.929967,-0.017003,-0.890336,-0.978427,-1.510964
-0.894918,-0.928744,-0.058977,0.524767,-0.630231,-0.313218,0.196212,0.157675,0.468124,-0.084591
-0.209809,-0.1717,-0.068963,0.455353,-0.110412,0.119229,-1.207661,-0.45803,0.798532,-0.48631
0.784279,-0.739627,1.61903,-1.848109,-1.322038,0.457961,-1.183981,0.400838,-0.57167,-0.701506
0.498858,-0.563142,-0.012855,0.166462,1.136126,0.486644,0.175083,0.040368,-0.76127,0.052107
,1.299396,0.81711,-1.125403,-0.007344, N/A ,-1.067741,-0.41131,0.381698,1.429403
-1.441324,-0.685412,-1.988471,1.618113,0.648584,-0.441187,-0.64787,-1.20617,-0.363353,-0.300606
-1.377212,-1.452452,-0.728414,0.898128,-0.484833,-1.56115,0.244338,-0.668655,-1.11902,0.828697
-1.182026,0.738873,1.110052,-0.052998,-0.119134,-0.837324,0.054704,0.703031,0.974881,0.670674
-0.471948,-0.027557,-0.787683,0.406054,-0.773468,-0.06617,-0.058585,0.203043,-1.574748,0.456298
1.136157,1.933157,0.01432,2.126563,1.019624,-0.744254,0.616101,-0.203359,0.192124,0.771913
-0.354364,0.36342,1.524724,1.08793,-0.869524,1.443942,0.056079,0.674462,-0.373381,-1.797815
-0.006018,-0.383184,1.992872,-1.268723,0.277399,-1.635215,1.489215,0.65401,-0.671888,-0.443545
-0.55547,-1.024841,-0.635981,-0.880567,0.314725,-0.218111,0.209748,0.667765,-2.253042,0.321889
-0.091305,-0.698839,-1.678453,-0.896842,1.404907,1.808645,0.622937,-1.152565,0.631256,-1.591875
-0.588,1.348355,0.783587,1.505781,,0.787944,-1.093548,-0.948242,-0.167257,0.360541
1.186196,0.709554,-0.593029,-0.844432,-0.097335,-1.556481,0.182441,1.76555,0.36218,1.200958
0.136717,0.267368,-0.186812,0.938343,-0.601498,2.476401,2.266601,1.134687,0.108296,0.649348
-1.591973,-0.314889,-0.512231,0.013033,-0.458983,0.101872,0.527878,-0.314012,-0.211937,1.205097
-0.765838,0.474879,-0.131648,0.349092,0.803946,-3.209038,-0.232752,-0.161828,-0.293005,0.850156
-0.96716,1.552265,-0.701033,-0.29702,0.205679,-1.19725,0.333983,0.482825,0.61676,1.080526
1.146385,0.556645,0.131067,1.747809,0.016365,-1.184343,-0.199838,0.48448,-0.492832,0.606335
1.172163,-1.173273,-1.123732,-0.045323,1.212237,-0.926075,-1.815439,-0.411857,0.166879,1.185254
0.207023,-1.003453,-1.363256,1.408582,0.991563,-0.746543,-0.034545,0.20263,1.692225,
-1.35693,-0.016449,,-1.224155,,0.945736,-0.870977,-0.990702,0.280956,0.199752
0.131367,-0.941066,-0.296868,2.326912,1.110401,0.224509,0.620125,-1.037104,,1.24795
0.416663,0.347365,1.250552,0.557143,0.672636, N/A ,-0.633715,1.043895,0.285846,-1.767124
-0.905347,-0.786529,,-0.231533,-0.263344,-0.149615,,0.153265,0.269501,0.131227
,1.018821,-1.439941,0.929133,1.088368,0.378916,-0.743177,0.111855,-1.209621,-0.74761
0.225735,1.440677,-0.684099,-2.09338,-2.098694, N/A ,1.649575,1.448532,0.012492,0.34057
0.210349,0.585462,0.250689,0.304875,0.094323,0.029891,1.317163,-0.131985,0.578791,1.132549
0.045847,0.003226,-0.842229,0.269391,-0.009653,0.877591,-0.361288,1.58223,0.987342,-0.127985
1.230259,-0.918252,1.175408,0.786106,-0.466134,0.76816,1.467244,0.74781,0.34482,0.360524
0.345614,0.235996,-0.878103,0.481081,-1.147962,0.918119,0.5267,-0.335614,-0.762108,-0.311193
-0.437431,-0.688626,-0.373386,0.574619,1.509027,-0.466656,-0.149372,1.055109,-0.362739,0.583839
-0.084747,,0.009582,-0.843946,1.219587,0.400965,0.805757,-0.82353,-0.698577,-1.679364
-1.166547,,-0.922281,-0.201483,0.900524,0.112737,-0.547179,-1.177773,1.569386,0.727905
-0.498998,0.352457,0.336027,-0.587463,1.572242,0.112736,0.086486,-0.023631,-1.759145,0.371607
,1.637193,-0.827328,-0.640917,-0.943169,0.489556,0.245713,0.568751,0.142071,-0.313269
0.666475,-1.03401,,-0.689469,-1.638238,-1.323352,-0.135785,0.892411,1.59533,
1.337607,-0.802803,0.868132,-1.590797,,2.037441,0.688012,-1.530195,-2.179323,2.17196
0.686612,1.342696,1.038476,0.856209,0.48208,-0.568028,0.295212,-0.466123,1.653817,-0.309842
-0.408693,-0.506091,0.009387,1.121012,1.710261,1.221895,0.471209,-1.428892,0.690667,1.831552
1.160043,-1.760527,0.908091,0.121867,-0.821878,0.180702,-1.862778,-1.121577,-0.471816,-0.754212
0.236321,,0.44229,,-0.404823,-2.510856,-0.636544,-1.015109,-0.333195,-1.572447
2.236137,-2.255905,-1.479947,1.550222,1.980252,1.461632,0.288846,-2.410051,1.552962,1.645401
-0.110212,-1.510634,0.785941,0.591761,2.16913, N/A ,0.274497,-0.790236,1.104407,1.389282
0.707457,0.654405,1.173849,0.78828,1.531943,0.04694,-0.733838,-0.532699,,-0.518876
1.447703,-0.914601,,-0.65162,1.734378,0.193704,,-0.116064,1.72935,-0.93175
-1.872519,1.532674,0.538382,-0.990685,,1.206108,-0.041837,3.200081,,-0.359447
-2.338421,-0.949377,0.68118,-0.571728,0.172043, N/A ,-0.748763,1.615381,0.131686,-0.391085
0.094935,0.304232,0.772001,0.20108,0.407322,0.506296,0.794309,-0.69258,-0.45526,1.938204
-1.777263,,-0.296711,1.011511,-1.109432,0.620937,0.842626,-0.820996,-0.061786,1.095997
0.457167,0.432098,,1.091928,-0.431857, N/A ,-0.348653,0.994093,-0.291384,0.835906
-0.753447,-0.083594,0.282098,0.352245,1.887777,0.361586,0.970316,0.521636,-0.396769,0.451393
1.51202,-1.471338,-0.026386,1.810204,0.296905,1.222641,0.066357,-0.093179,-0.793935,-0.406906
-1.569702,0.358857,-0.33549,0.282934,-0.063207,-1.473291,0.194802,,,1.256215
0.328597,,0.121656,-0.132547,0.29828,-0.680641,-0.48476,,1.833298,0.024498
-1.446239,-0.32881,,-0.683739,0.215148,0.208136,1.107735,-1.016604,-0.385107,0.053013
0.555227,1.597401,-0.712688,0.763031,0.454808,-0.340186,0.513704,1.941302,,-0.397127
,-0.531796,1.141013,-0.124954,-0.846058,-0.217499,-0.338032,-0.500002,-0.579722,0.230005
1.048286,1.43316,-0.341599,0.82094,0.673133,0.860573,-0.636364,1.332321,1.523833,-1.611492
-0.756565,-0.367541,0.243301,-1.807868,-0.56758,0.4715,-1.277881,1.785091,,-0.433867
0.919314,-0.156423,-2.174257,-0.120392,0.922109,-0.288902,-0.422376,-1.340848,-0.113961,0.616127
0.778623,0.797464,0.153939,0.34662,,1.237044,0.28268,-1.01145,-0.047209,0.792481
1.44101,0.801592,0.52662,1.607279,-0.312513,0.852014,1.015169,-0.188087,-0.591801,-1.257309
-1.585735,1.495955,0.368993,-0.344689,-1.90511,-1.225146,0.966356,-0.201188,-0.452246,-0.510101
2.019868,,1.129968,-0.302679,0.234366,0.406044,0.510422,-0.432185,1.423172,-1.053901
0.858517,-1.538989,2.014308,1.524905,-1.537147,-0.052511,-0.087979,0.696449,-0.023148,-1.194045
-1.313877,-0.601804,-0.857435,-0.104199,,-0.573509,0.924062,1.123994,-0.829512,-0.742671
-1.107229,0.267061,2.316922,0.045214,-0.702685,0.492077,0.335865,-1.840038,-1.73999,-0.385699
-0.594331,0.476829,2.086547,1.856334,-0.47366,1.787998,1.075822,,0.642301,0.498696
0.129059,-0.408701,0.586122,-1.710821,2.123898,-0.161217,-1.126208,0.329694,,-0.163986
-1.81969,-1.0442,1.371955,-0.038194,-0.003162,0.568073,0.035123,-0.866703,-0.219715,1.283746
-0.675908,,0.369226,-0.029669,1.362681,-1.401038,-2.238647,0.810793,0.370089,-0.698418
-0.97573,0.770894,0.665062,-0.579856,0.046606,0.234891,0.787997,-1.267301,-0.308879,1.653046
1.346262,0.67039,0.816723,-0.060559,-0.519662,-1.636746,-0.007199,-0.101346,1.073903,
-0.500905,,0.263025,0.090239,-1.627623,0.210335,0.725185,1.818072,0.243245,
1.142548,-0.624076,0.143008,0.016546,-0.191933,-1.496797,-0.177007,-0.349762,-0.456932,-0.94629
0.133842,-0.875668,2.184046,-0.712866,2.442543,0.027139,-0.939538,-0.142072,0.165684,-0.884158
-1.305383,0.86858,0.324201,0.465967,-0.676906,0.994378,0.228959,-0.429494,-2.038799,1.396351
0.446155,-0.238226,2.621448,-2.196523,-0.711339,0.919145,-2.607982,-1.148058,-1.429204,0.832322
0.409726,1.112005,0.521611,0.239676,1.236918,0.042471,1.416799,-0.603383,-0.706867,0.246264
-0.549135,-0.259962,0.114465,1.062903,0.686993,-0.894677,0.270409,0.298059,,-0.603841
0.497936,1.165473,1.311071,0.785538,0.506943,-1.344921,-0.556566,0.430312,1.719651,-1.217879
1.508885,0.802861,-0.592347,-0.068325,1.058113,0.251049,0.481347,2.546194,0.415599,0.700854
0.126485,-0.754308,,0.274295,-0.492579,0.361181,0.621552,1.393265,-0.120892,-0.242733
0.753595,,0.276824,1.156039,0.672718,1.643494,2.303398,1.144398,1.170728,-0.226079
0.679163,1.123408,0.739613,0.818772,1.34447,-0.848507,0.828761,-1.203557,1.228291,-0.665307
-0.925732,-0.745125,-0.421499,1.379496,0.447155,-0.985148,,0.402137,-0.910425,0.906557
